id,class,type,virus,5UTRend,CDSend,3UTRend,seq5,seq3
NC_012932.1,ISFV,cISFVG,AEFV,96,10122,11064,AGTTTTTAAAAACTTCTGTGAAGGTCACATCCCTAGTTGGATTACGCCGCTTTTGAAAAATCTAGAAGTTGTTTGGAAAAGAGATATCTGGTTCGTATGAATAGGATGCTCTTGAAGAAAGGGCCTTCGGGCCAAACATCTGGTCGGCCATCGACCAGACCGCCGGACCCAGCGGAAAAGAGGGTAAAAAGGGCCGCAGGAAACAAGACCAGCAAAAACCAGCGGCCATCAACACGAGGAGCAACTCCATCATCGCTCCTCACCAGCTTATTCGGACGCAGAAAAGGAGGGGAATG,TTCCGTATCTACACAAGAGGCAAGACATCGCCTGCGGAAGCTTAATCGGATCCAAAGAGCGAGCCGTTTGGGCTCGGGAGATCGAAAATGGAGTTTTAAGTATCCGCAAAATTCTGAACGCCGAGTCGAAATGTGATAACGTGTACAATGATGGGCTGGTCATCATGTCGCGTTTCCGAAAGAGTAATGACGTGATATAACTGCTTCAATCATATCACCTCAATTTAAAGGGTCAGGGATAGCTTTGGCGAAGTATTCCAAATAAGGCCACGTTTCGCCACGAATTCACACTCCCAGCTTCTCTAGCTAGGGGGTGACCCTCACGCCAAATTCCCCCAGTTTAATCTGTTCGGAATTGGTGATGACCACTTCCCCTCAATGGGGAACACAATTGCGTTCTTAACAGAACACAACATTGAAACCATGTTTACACTTTGGACTTAGGGAAATGGTCTCCGCTTGGGCGATCTTCCCAAAACGAGTCCATCGTGTGCAGATTTGGAAAACCAAATCTCCCCGCCCCGAGAGGAGAAGTCTCTCTCCCCTCGGAGTGGGGGCTGCATTGCAGTGGTTTCAGAGCAGGGCACAATAGTGTCGGGCCTGACGACCCCGCTCCCCCGAGTCGCCCAACGGAGTTTGGCTCAACTCTAAAAAGAAAATAAGCCGATTTGGACTTTCATAGTCCTATTGCCTCAGATCTACTGTTGCAACGCAGCGCAGGGCATGAAAATGTCGGGCCTGACGAACCCGCGCACCCGAGTCCCCCAGTTGGGGAAGGGATCCTTGCATCCCACCCTCCTGCAGGAAGGGCGAAAATCCTGCTGACCCCCCTGGTCATGGGAAACTGACCCGAGTAAGTAGTGGCGCCCTTGCTTGTACATCCGCCAGCTGATGGTCTTAAGCATCCCTCCCCTAGGAAAGGGGCAAGAGTGGCCTGTAAACACCACTGGAAGGCTCCAGTGCTCTTGCCTAAATGGCCAGCCAAAGCAACCCGAAGCTTTAAAAATCGGGCGGAGCAACAGGGAGAAATCCCGGGGAATTGCGAACCCCCTCCGAAATGTGAAAAATTATGGGGAAAAGTACCCATCTAAGCCTCCCACCGTTAGGGAGTTTGGAATACCTTTTCTATACCATAGATGCGC
NC_001564.2,ISFV,cISFVG,CFAV,103,10129,10682,ACTTCGGCTTAGCTACACCACAGTTTTGGTTACGCTTATATTTTCAAAGCTTAAGTTGTTTTTAATTTTTGCCGAGAGACCGTGAGGTTGAACCCGGCAAGGAATGAAGAGGAAGGATTTGGAGGCGCGAGGAAAAGCGCCAGGGAGGGATTTTTCCACCCCGTTCTGGGGAAGAGAAGGTAGGAGAAAGGACAAGGAAAAGGGAGGGGAGTCTCCCTCAAATCGGCAAGTGACCCTGAATACACCCATCCAGAGTGGGCGTAGGGCAGGGAAAAGACAGCGTGTTGGCCTGCTAGGAAGGCT,TCCCCTACCTGCACAAGAAACAGGACATAACCTGCGGAAGCCTGATAGGGGTCAAGGAGCGCGCAACGTGGGCACGAGAGATTGAAAATAGTGTCATCAGCGTCCGGAGGATAATCGACGCAGAAACTGGGGTCCTGAACACCTACAAGGACGAGCTCTCAGTTATGAGTCGATATCGAAGAGGAAATGATGTCATTTAGACGAAATCGAATAGAGCCGTGAGGAACCAGCATCCTCCCGGCCACAGGAGCAGGGCATGAAAATGTCGGGCATGACGAACCCGCTCCCCCGAGTCCCCTGGCAACAGGGTGTGTTCCCTTATGGAGCACGTTCGAGCAGGGCACATTAGTGTCGGGCGTGACGCACCCGCTCCCCTCAGTCCCCTGTGCAACAGGGAGGGCACTTGTAACCCCCGTAGGAGGGTGCCCGCTTCCGTCCTACAAAAACCTCTGATCATAGGTACCTGATCTAAGATGGTGGTGGCGGCCCATCTTATCATTTAGCTAGCTGATGGTCTTAAGCATCCCTCCCATGGAATGGGTAAGAGAAGCCTGCAAACAAAACTGGATGGCACCAGTGCTCTTACAAAATGGCAGCCAAAGCGATCCAGAGCTTTCAAAACTGGACGGGGCAACAGGGAGAAATCCCGGGGTAGCGAACCTCCTCCGTTAATGTGAAAAAGTATGGGGAAAGAACTCATCTTAACCTCCCACCGTTAGGGAGTTTTGATTATCTTTTCTATACCATAGATGC
NC_030290.1,ISFV,cISFVG,CFV,91,10282,10864,TTTTAAAAGACTAACCCGTGGTTTCAACCAATTTGTGGAAATCTTTAGTAAGCAATTACACGGAAAAGTCTGTGATAAAGGGATCACCGAAATGAAAAAGGTGACTCAAAGTAAGAAGGGAAATACCCTGGGAGGAGGAGGAAAACGCGGTACCCAAATGATGGGGCCGCAAACAAAACAAAACGGAAACAAGAATGAACGGCGGCCAAGCCGTTCCATTTTAAAAATGGACATCGGAAAGGCGCTGGAACTGGCTTTGGCCATGCTCATTAGCATGGTTAGAGGCTTAAT,TTCCGTATCTGCACAAAAAACAAGACATATTATGTGGAAGCCAGATTGGAACACACGCAAGATCTGTTTGGGCTCGAGATCTTGAATCCCACATTGAAAAAATTAGAAAAACAGTGGTGTTAGAAAATGGGCATCAGGAATTTCCCGATGCTCTGAACATATTCACCAGATACGCAAAACCAGAGTTGTCTCTCTTCTAGAGAGAAAGCTCACAAACAAGACGAAACGCCAAAAACCCGGTAGTTCAGAAAACTCATGAGAGGTAATGGACAACTGGGAGCTGCCAGCTGAGTGGTCGGGAAAAATCAAAGATGTAACCGAAGATTCTGAAAACTTGAAGAGGTAAAGACTCGTACAGCTAAGGTGGTAGCTTTTTAAGGCACAAACCAAAAATTGACATGGAAGCAGACTATTTGGAAAACTCATAGAGGTAACAAATAGAGAAGCAACGAAGCGAAAGTGACAACCAGAAAACTCGTAGAGGTAACGGTAGTAAACTTTTAGCTGATTAAAAGAAGAAAGAGAGGTAGGGGAATGGGAACCCCATCCAACGAAAGTCACCGGTTAATCCACCCACCGACAAGCATTTGCTGTCGTGACAAAGTCAGACCGAAAAGCCACCCGATAGTTGTAAAGGGTGCTGTCTGTTAACAACTAGAATAGTCAACACAATGACGAAAGAGGTAGGGGAATGGGAACCCCACCCAACGAAAGTCACCGGTTAATCCACCCCCTGAGAGGTCAGATTGGCGCTCAGGCAGGAGGCACGGGCTCCGACCTCC
NC_040682.1,ISFV,cISFVG,CTFV,343,10168,10280,ATATAAATCCCAGTTTGGTTAAACCTATTTCAAGGCTTAAGTTGTTTATTATTTTATCGCCGCTCGTGACTATAAAGTTGCCTAGCGGAGAGAGATAAAGAAGAAGGAGTTCAAGGCTCAGGGCAGGGCGCAAGTTCCCTGGTCCCTAGGCCGCTCGCAGGAAGGAGGAGTGAAGAAGAAGAAAGAGAAGGAGAGGACCACCGCCGAAAGAAGGCAGGTGCCTCACAAGAGGGCCAACCAGCGTGTTGGACCAGTGGCCAACGCCGGACGGCGTGGTGGCCTGCTGGGACGCCTGGGGATTGGATGGAGTGCCTTCCTACAGGAAGACATCGTTCAAGCCATCATGCATCTCGTTCTGGTCTTACACGCTTTGTTCGCCTCATTTGATCGCCGGATTCGAACGTTGGCGCGACGGGTTTCTGCATTGGAAGTTCGCCGCTCAGCCAACAACCCACTTTACATGACCATCGTTCTCTCGTTCCTCATGGTGTTGTGCGGAAGTGTCATCATTGACATGCAAGTGTCAACTGCCAAAGGAATTCA,CGTATTTGCCTAAATCAAAAGACATCGCTTGTGGAAGCCTAATCGGTGAGAAGGATCGCGCTGCCTGGTCAAAGAACTTGGTGTCGACGATAGACACAACCCGCAAGATCATTGAGCAGGAAAGTGGAGCCCAAAAGTTTACTGATGGGTTAAAGATCCTGGGTAGATATCGGGTCACCAAGGACCCCATCTTCGGTTAGGCGGAAAAAGCCGAAGGAAAAACAACAAAAGTTTAGCACCTAACAAATAGATAGAGAAAGGAAGGAAAGTAGAAGAATAATTTGGGTGTTGTCATCCACTCAGCACGTTGGT
NC_040645.1,ISFV,cISFVG,CxFLV,146,10166,10609,CGCTGTTTTCGAATCAGTTTATCGAAGGCGTTCTATAGCGCAAGCTCGAGATAAAAGCGACATCATGACAAAAGATGGAGCAAACAAAAAGGCCATGAGCCTGGGAGGAGGAGGAAAGAAAGGCACTGCCATGTATTCCCTAGCGNATGATCGCTACTTTCCACATGTGGCCAAGAACATCACGCGAATTAGGATTGGTGACGTCGANNCNCANCTNTNNNNTGTTGCGTCGTATGCGAGGCATNGAGAAACGTGTCAGNCNCCTNGAGGCTCGAAGAAAGACACGTGGAGGAGTAGGCGGAATGGCCGTGATGACATTGTTTATCGCGACCGTCACTGCTTTCAC,TTCCGTATCTGCACAAAAAACAGGACATTAAATGTGGAAGTTTAATTGGGACCGCTGAACGAGTCTCGTGGGCTAAGAACCTACCGGAAACAGTAAGACGGACGCGTAAAGTGCTGGAATTCGAAAATGGACCCCAAGAATTCCCAGACGCGTTGAACATACTTCAACGGTATCAGCCAGAGCTCCTCGGACTGTTCTAAGGGTTTGAACAAAGCATGAACAAGATCAGCTACAGAAACTGACAACACCTGACCAAGGCACGGAACAACACTGAAGAANAACAGTAAATTGACAACGGTAGGGGAATGGGAACCCCATCCGGCGCAAGCTAACGGACATTTTATTAACCACCCCCCTCTTGTAGGGCACGCCAANGTAANANTTGGACTCTGAANAAAACAGAAGGTAAAATTGANGNCTAGTNANTGAGACNNACTAGTCNTNNTCANGTCTCCCCGGAAGGGTAAAACGCTTGGAGGTGNAAANCCNCCNCTGAAGAANAACAGTAAATTGACAANGGTAGGGGAATGGGAACCCCATCCAGCGCAAGCTAACGGTTATCCACCCTCCCAAGAACAGTACAAATTTTTCTTGGGATTGAAAACCAAGACGGTGAAAGGCCGTCCACGACAGGCGATATCCT
NC_008604.2,ISFV,cISFVG,CxFV,91,10183,10837,AGTTTTTAAAAACTTCGGCTTGGTTACACCGCAGATTGGTTACACCTACACAAGGCTTGAGTTGTTTATAATAGTCGTTTTTCTCGCAGAAATGGGAAAGGACGACGGTAAGAAGAAGAAGGGGCCGGGCTCCTCCGGATGGTTGTTACCACCGGGGCGCGCTGGCTTAGGAAGGAAGGAGGAGAAAAAGAAGAAGGAGAAGAGGGGTGTGCGGAGCACATCTCAGCCGGTCTCCGGCGGTGCGCAGCACCGCCGCGGAGGCGGAACAGGTCCTAGGGCCGGAGGTCTACT,CATACCTCCCGAAGACGAAGGACATAAATTGTGGAAGTTTGATTGGTGAGCGGGACAGGGCAGCGTGGTCGAAGAATATCGTGGCCACAGTTAGCACAACTCGACGAATCATCGAGCAAGAAGCTGGAAGTCAGAAGTTCACGGAAGGGTTGCGGATACTTGGGCGATACCGAGCTCCAACCGACGACGTGTTCTGGTGAGAATCACGCGAATCGTAGAGAACCACATCTCTAGAAAAGGTTAACGTTGCGAAGCAACGGGAACCCCGTAAGGAAGGACAAGGCTGTCCTTGAGTACTAACGACACTCCGGCCCCAGTTCCCAGAGCCAGGGTTTTAGCTCCACGGTGCTGGAAGTCACCCTCGCAGCCATGGCTGCACGACGCGCGCAAGGAAGGACATGGCTGTCCTTGGGTACGAACGACACCCCGCCCCCAGTTCTCAAGGTTAGAGTTATAACCTCAGGGTGTTGGAAGACATCCAGGCCATAGTAGGGCCATCGCAAGGGAGGATTTTCCTCGGGTACTGACCATACCCCGACCCCAGTCCGATAGGTCATGGAATGACCCCATGGTGCTGAGAGGGCATCCAAACAAGCTGAGCATCTTGGATTCTGCTCCCGTAAGGAAAGCGCAAGCTTTGAGCATTGACAACGCTCCGGCCCCAGTCCCCCAGGTTATGGGAGAATAACCCCGACGTGCTGGAAGGGCACGAATCACCGCAAGGTGAGGGCGCACAGGATAGAATCCAGGTGACTGACGCCACCTCCCGAAATGTGTATAGTAACAGAGCATGCCTGCAGCAGCAGGTCTCCACCGTTAGGAGACTTGTTGCGGGCAAGCTCTTGTTCACGTCT
NC_035118.1,ISFV,cISFVG,KRBV,115,10144,10646,ATGTTTTTAAAAAACCTGCCTGTGTTTTCTTGGTTATTTTACCTGTTTTCACTCACTTGGTTGGTTTGTTTGAAATCCATTTCTTTTAACTATCGACTTTACGTTACGTTTGACTATGCAGGTCAAGAAAATAAAGATGCGTGGTGGAGGAGGTGGAAAGCTCGGCATTAAAGGGATAAAAACATCTTCCCTGCGTCGGGCACTCAATATGGTCTCTGGAGATTTGAATGAGACCTTGCTGAAACTGGTCATCGCTATGATCGCCATTTGGAATGAGTTACTACGTAACTTGCGATCATTGGGGCGTAGGGTTCG,CTAAGAAACAGGACATTGCATGTGGCAGTCGGATTGGAACTACTGACCGCACACTATGGGCGAAGGAAATGCCGGAGCTTGTCTCCAAATTACGACGTGTCTTGGACAAACACGAAGGACCACAACAATATACTGATGGTTTGGCTATTTTGGGCCGATACCAACAGTCCCCCGGAAACACGGCTGACATCTACGTGTAAAGTGGTCTTAGGGCAGCACATTAGTATAGCTGGGAAAGTAGGGTTACAATGCTTTCTTGTATGCAACTGATGAGGTGAGTTGCGACACCTCCCTGTGAGCAACCTGTTCAAACTTTTGAAGAAGTTTGACCAAACCCGGAAATTGACAAAGTCGTTGAAGTACAGCACAACGATTCACTTAAAAGGCTGTACATAGAGCAAAATCCATAACAACATCATGGTCATTCTCTTACCATCAGGAGAGTGGATGAAATGAGCTGCTCACTCATTTCACAATGGCATTTTAGAAATAATTTGACCATTCATATTTTACCATTATCAAAATGGACTCCATTGCTTGCACAACCAATCCTAAACTGGATGGAACGCGAGTAATGGTGGCAAAGGAGTTGGGAGCACTCCTCATATGACAAGGGCAACACAGGCTATTTATTGCCTGAGGTGAGCAGCGCCACCTCCCTTAACAATGTGAAAATAAAAGCAAAGATTGAGTCACGAGAGA
NC_005064.1,ISFV,cISFVG,KRV,96,10170,11375,AGTTTTTGAAAACTTCTGTGAATGTTTATATCCTTAGTCGGATCGAGCTAAATTTTAAATCAAAGGAGTTGTTCGGAAAAGTGACCTTGGTTCGTTATGAATAGAGGAAGCTTGAAGAAGGGGCCTCCGGGCCCAACATCCAACCGTCCGTCGGTTGGACCGCCCGACTCGGCGGGAAAACGAGTCAAACAAGTGGCCCCACCACCAACTAGGGGTCACATGGAGAGAGGACTCTCTCTCTTAACCAAGAACGACAATGTGTCGCGACAGGCAAAACGGCAACGAAACCCTCGGCA,TCCCCTATCTTCATAAAAAACAAGACATTGAATGTGGCAGTCTTATTGGTTCCAAGGAAAGAGCCACCTGGGCTCGCGACATGGAGAACAGCGTTCTGAGTGTCCGCAAGATCCTGGACTCCGAAACAGGAACCAATAATTCGTACAAGGATGAGCTCTCGGTGATGAGTCGTTTCCGGAAGGGGAATGACGTCATTTGAGACAAAGGTCCTTGAGTCCAAGTTCCTATCCAAGAAGGAACACCCTCCCCCTAACCCCCCCCTCCAAAAGTCCCCATCCCTTCCCCCTCTCCTTTCTGGAGTTTGCATCTGTCTCTATCCCAAGCCCTCAGTGGTTTAAGACAGGGGGTATTTGGAACTGATTTCCATAACCCCTCATGCGCGACTTTTAGAGCAGGGCACGAAAGTGTCGGGCATGACGCACCCGCTCCCCCGAGTCCCCTGAAAATAGGGTGGGCAATGCACTCCTGAGTAGGACGGGAGCCCAGAATCCTACAAAACCCTCGCCATGGGAACTGGCATGACACAGGAGTGGTGACCTGTCTCATACATGACACCTTGAAACCCCACCCGTGACAGCATGGGCTGGCCTCTAACCCTCTGGGTAATGCTCGTACATGGCAGCAATCCTGGTTCTCGCAACTCCAGTCGAATCTTCGAGTACACGGGAACAAGGATCAGCAATGTTTTTACGACATCACCAAGACGGGTGGAATGTCCAACCCCCCGGTAGCATCCGTGCCAAAATGGTGGCTCTCGCAACTCCGGTGGAATCTTCGATCCCATCGGAGTGAGAGTCAGTAATTTTTCGCGGTGCCTCCCGGACCGTGGAATGCCGGCCCGGACGTCTAGGTAGGAACGTAGGCGTTTCGGATTGTGGTTGACCGCTGGGTGGTGCTCATATTTGAAGCATCTCTCAGAGTCTCTTACCACAACCTGAAATGTCTGAGATAGAAGTGGCGGCCTATCTCATTGAAAACGCCATTTGAGCAGGGCACGAAAGTGTCGGGCCTGACGCACCCGCTCCCCCGAGTCCCCTGGAAACAGGGTGGGCCTCGAAAAATCCACCGTAGGAAGGAGCCCAATCCTACAAGAACCCTCTGGTCATAGGCACCTGACCTGGGATAAGAGTGGCGCCTTATCTCATATTTAGCTAGCTGGTGGACTCAAGCACCCCCCCCCATGGAATGGGGTAAGAGAGGCCTGTAAACATCGCTGGATGGCTCCAGCACTCTTATAAATTGGCCGCCAAGCGATCCGGAGCTTTCAAAACCGGACGGAGCAACAGGGAATTTCCCGGGGACGCGTACCCCCTCCGTAATGTGAAAAAGTATGGGGAAAAGAACCCAGCTAAATCTCCCACCGATAGGGAGTTTGGACTATCTTTTCTATACCATAAATGCGCT
NC_027819.1,ISFV,cISFVG,MECDV,88,10300,10938,AGTTTTAAAAAGCTGACCCGTGGTTCATAACCAATTTGTTATAACCTTTAGACGTTTGTCACGGAATAGCTTGAGAAGAAGCTTACTTATGTCAAGTAAGGAAGCACTGAAGAAGAAGGGAATTTCCCTGGGAGGAGGAGGAAAACGGGGCTTTGAGATGAAAAAGGCCCCACAACATAACAACAGTAATAGACAACTTCGGCGGTCACTGTTCAGGATGGATGTCGGACGAGCCCTTGAGCTAATGTTGGCATCAATTGTCAACGCGATCAGGGGTCTCATTCAGCG,CGTACCTGCACAAGAAACAGGACATAGCTTGTGGAAGCCAGATCGGGTCTCATGCACGCTCTGTCTGGTCTCGGGACATGGAGTCGCATGTTGAAAGGGTTAGAAAAACGGTGGTGCTAGAGAAGGGACACCAGGAGTTTCCGAACGCTCTTGGAATGTTCGCGCGATACGCAAAGCCGGAAGTGTCATTGTTCAGATGAGCACCACAAGGTGTTTATTTGAACGCAAGTAACAAATGTCTGAAAACTCATAGAGGTAAGGACATCCAAGTAGCTATAGTTGGAAAATTCATAGAAGTAACAACTGTGGCTTGCTCAGAAAACTCGTAGAGGTAATGGGCAATAAAAATCGCATAACAGATGCCTGAAAACTCACAGAGGTAAGGACATCCAAACAGCCATGGTTGGAAAATTCATAGAAGTAACGACCATGGCCTGCTCAGAAAACTCGCAGAGGTAATGGGCTTCTAAAAACCGTAAAATACGAACAAAGTCAGACCGAAAAGCCACTCAATGGTTGTAAAGAGTGCTGTCTGTGACAACCCAAATAGTCGATGGAAAGACGAAAGAGGTAGGGGAATGGGAACCCCATCCAACGAAAGTTACCGGTTTATCCACCCCCTGGAATGTCGATATATTCCAGGTAGGAGGCACGGGCTCCGTCCTCCGAACCCGAAAGGGCAAAAACCAAGATGGTGAAAGGCCATCCACGCAGGGCAACAGGAAGAAATTCCGGGTGATTAGCCACACCCCCCGAAACGTGATTTATATGATGACAAGAATCAGATGGAAGATCCCCACCGTTAGGGGATCCATCCAGCATTCTTGGAATCATGGCT
NC_021069.1,ISFV,cISFVG,MSFV,111,10191,10865,TAGTTTTTAAAAACTTCAGCTTGGTTAAGTCACTGGTTGATTAAGCCTGTATTACAGCTAAAGTTGTTTATAATTTCGCTACCTTATTACCTCTGGTACTAAAGTGGCACTATGAAGAAGAAGGAGTCGGGAGTAGTGGAGAGAGGACGCGGTACGCGCCCTCCGACCAACCGTGGAGGAAAAGTTCCTCCGAAGAAGGAAAGAGATCGAGGAGGCCAAGTGGTTTCACGCTCTGGGAATCCAAGTTCCACCGGGCTTAACCGTGGCAATCAGGCCAGAGGATCTGGCGGACGTAAGGGACTGCTAGGGAA,CGTATCTTCCCAAGTCAAAAGACATCGCTTGCGGTAGCCTCATTGGCGAGCGCGATAGAGCCTCATGGTCTAAGAATATCGTGGCTACGGTGGAAACCGCTCGGAGGATTATTGAACAGGAGAACGGCAGCCAAAAGTTTCCGGATGGATTGCAGATCCTAGGGAGATACAAGACCCACCGAGATCCCGTGTTTGGGTAACCTAGCAGCCGAACAGAGCTAGGTAGGAGGTAGAGCCGATAACTCTACCACTTCAGCGCAAGGAAGGAAAGCTGGACGCTACCTTAGGTGGTGACGACACCTCGCCCCCAGTCTCCCAGGTTGGGGATCGTACAACTTCGTTGGGCTATTGCCCCCGCAAGGAGGGACGTGTGCATCACGTTTCTGGGAGTTAACGGCTCTCCGGCCCCAGTTCCTAGGTCCAGGTAGGATCCCGTGGCGCTGTGAGGGCGCTAAACAAGCTTGGTATCTTGGCAACTACCACTGGAAGTTCTCCAGCCCGCGCAAGGAAGGATGCGATGAAAACGCTTGTCCTTGGGAGTTGACGACTCTCCGCCCCCAGTCCCCAGGTCAGGGTATGACCCCGTGGTGTTGAAAGGACACTAAACAAGCTTGGCATCTTGGCAACTGCCACCGCAAGGGAGAGGGATTCCCTCTCGGGTGTGGACGACACCCCGGCCCCAGTCCCCTAGGTCATGGGAAAAACTGACCCCGAAGTGCTGCAAGGGCACTAATCACCGTAAGGTGAGGGCGCACAGGATCGAATATCCGGGTGAGTGACGCCACCCCCCGAAATGTGTATTGTGACAGGCTTGCTCGCAGCAGCAAATCTCCACCGTTAGGAGATTTGTTGTGAGCATTGCTTGTCTACGTCT
NC_024299.2,ISFV,cISFVG,NIEV,98,10169,10878,GAGTTTTTAAAAACCTACGCTAGTGTTAGACTATCGGTTAGTTTAGCTGTTATAGAAGCTTTGGTTGTTTGAAAAACTTTTGCGACGTTGTTGAGAAGATGGAGCGAAAGAAAGGAGTAAATTATGGGAGAAGGGAAGCTATCCCGCCCCCTCCCATTAAGGAGAAAAAGGATAGAAAGAAGAAAAGAGATGACGTGAAGAAAGGTCTCGTATTGCGCGGGACCAAGCCCATTCGGCGTAAGTTTGGTCTAGGGACCAAAACCGAGTGGGAGAACTGGATTGGACTACTTAGATCGGA,CATATTTACCGAAGACGACTGATATAAAGTGTGGTAGCTTGATAGGTGAGAAAGACCGGGCGGCGTGGTCGAGGGAATTGCCCAACACAGTGGAGAGAGCCCGCCAGATTATAGAGAACGAACAAGGACCACAGAAATTCATGGAAGGACTTGATATCCTGGGAAGATACCGACAACCCATACCCAGGATGTTCGACTAGAGGAGCACATCAACCTCTAAAGAATACATAACAAAGTAAAAACAGGGCAACAGGGATCGCCAACATCAGATCCCGGGTGAGTGACGACACCCCCCATGTGAATCGTCAACTTAGGAACACATTCAAATAGAGGAGCACATCAACCTCTAGAGGATGGATAGGAAACTTGGAGAGGAAAAACAGGGCAACAGGGATCACCAACATCAGATCCCGGGTGAGTGACGACACCCCCCATGTGAATCGTCGATACAAAAACACGATAGGGCAGCAGGGCAGTAGGGCCCAGGTGAGTGACGCCACCTCCCGCATAAGTGAGTGCAAACCGAAAACGATAGGGCAGCAGAGGAGAGACCTCAGGTGAGTGACGCCACCTCCCGCAAAAGCCAGTGCAACACCGCAAGGAAGAGAAATCTTGGGTGGTAACAACACCCCGGCCCCAGTTCTCGCGTGCCACGAGTCATTGGCACAAACCGCAAGGAAGGAGCAATCCTTGGGTATTAACGACACCCCGGCCCCAGTTCCCGAAGTCAAGGGGACCCTTGACCCAAAGTGTTGCAAGGACACTATCACCGCAAGGTGAGGGCGCACAGGACGAAAGTCCAGGGTGAGTGACGACACCCCCCGAAATGTGTATATAGCCCATGTTGAGTCTATACAACAGGCTTCCACCGGTAGGAAGCGTTGTTGTGATGACACATGAGCAACGTCT
NC_034242.1,ISFV,cISFVG,OCFVPT,64,10222,10370,GTCTGATTATAACGGAATAGCTGTTTGAAAGGTGAAAATCTTTTTTCCTGTCGTTTGTATCAAAATGCACAGGTGGAGAGACCTTCTTCCCGACAAGGGGAAGAAAAATCGTAGTCCTGCAGTGAGGCGGCAGGGCGGGATCACGAAAGGGGTTGATCGGAAGATCATCCCTCCTTCGGGATCAAAAGAAAGAAAAACCGGAACAGAGAGGAAAGTGAAGAAAGGTGTGGCTAGAATGAAGCCCAATTGGCTGTCATTTGGGAC,CTATTGACATCAAGTGTGGAAGCCAAATAGGAAGTAAGGATCGAGCTACTTGGTCACGTGAATTGCCTTCAACTGTCATGGCAATTAGGAAGATTCTAGACCACGAGACCAGGATGGAAAATGTCTACAAAGATTTTTTGAGTGGTATGGGGCGGTTCAGGGAGGACAATGATCCAATGGCGGCCGGAGTTCGGTTTTAATACTTGACTAGTAAAAATTTTTACGCTTTTGACGACGATTTTTAAATACTTTGACCCATTGCAGCAGAGATTTATCTCGGGGGAGTTACGCCCCTCCATTGCCAGTAGAGTTTGCATGTCTCTATAAACATGACGTTCTGACTGACTA
NC_027817.1,ISFV,cISFVG,PaRV,109,10264,10893,AGTTTTTAAAAGTTAACCCGTGGTTTTACCCTAGTTTCGGTGAATTTGCCAATTTTACGGAATAACTGTTTGAAAGGTTCAAACTCTGGTGTCCAACGTTTGTATTAAAATGAGTGGATTAGGAGGCCTTCTTCCCCTCCGAGGGAAGAAAAAGAAAGCCCCTGTGATACAATCACAGGGCAGGGTCTTGCCGAAGAGCGACTGGAAGGGAGCTCCGAAACAGGATCTAAATAAAAAGAAAGCGAAAAAGGACGAGACGAAAGGCCAGAATTGGCCAAGAAGAATTAACCCCCGGACTGGACAATGGTC,ACCTCCCGAAATCCATGGACCTAAAGTGCGGCAGTCTCATTGGAACAAAAGAAAGAGCCGCTTGGTCAAAGGATCTGCCGTCAACGGTCACGGCAGTTCGGAAAATTATCGACCAAGACACGAAAACCGAGAATGTCTACCAAGACTTTCTTGGCGGAATGGGCCGGTTCCAAACGTACACTGACCCCATGGCAACGTAAGAAACCATCTTTTCCAAATTAGTCGAAAAATTTTGCCCCTCTTCGAGGGGCTTTGGCGGCAGCAGGAGATTTTCTCCGGGGTTTCACGCTCCCCCCGATGCCAGTGGTCACAGCCCAAGTCAGAGACTTGGAGTTGTGGCGGGACAGTGAGCTCTGTCAGTGGTCAATAGCTCAATAAATATGGCAGCAGAGCTTGTCTCGGGGATTCACGCTCCCCCCATTGTGAGTGTGTCGAACTGGTTTCGAAGGACGTCTAGAACGACGCTAAAGTTCAAATCCGGCAACAGAGAGTTTATGTCTCGGGGCCTCACGCACCCCCCGTTGTGAGTGAAGTCCTTTCTGGCCATTTAGTGGTCAGGAAGGGTACCGTTTTGGAACGACGGAAATAAGTTCCATGGAGCGACACTAGCCCCACTGAGGGGCGGTTGGAATGACACCCAACCCGCTATAGTGCGTCGACAGGTCAATTAGCTACCTGGAATAAGCTAATGTGCAGGGCAACAAAGTTCTAACGAACTAGGGTGAGTAGCGTCACCCCCCGGTTGTGAAAACGATTGCGACTAGAACTAAAGTCGAGAGTCTCCCCACCGATAGGGGAGCTCGTCAGTTTGTTTTAGTCCAATTACGCT
NC_012671.1,ISFV,cISFVG,QBV,112,10192,10865,TAGTTTTTAAAAACTTCAGCTTGGTTAAGTCACTGGTTGATTAAGCCTATCTATTACAGCTAAAGTTGTTTATAATTTGCTACTTTATTACCTCTGGTACTAACGTGGCGCTATGAAGAAGAAGGAGTCTGGAGTGGTGGAGAGAGGACGTGGAACGCGTCCTCCTGCCAATCGTGGAGGAGGAGCTCCTCCGAAGAAGGAGAGAGATCGAGGAGGCCAAAAGGTCTCGCTCCCTGGGACTTCAAGCTCCATCGGATCGGACCGTGGCAAACGGGTCAAGGGACTCGGCGGACGAAAGGGACTGCTCGGCAA,CGTATTTACCTAAGTCAAAGGACATAGCGTGCGGCAGTTTGATTGGCGAACGTGACAGAGCTTCGTGGTCCAAGAACATCGTGGCCACTGTTGAGACAGCCCGGAAGATCATCGAACAGGAGAATGGAAGCCAGAAATTTCCCGATGGACTCCAAATCCTGGGGAGATACAAAGTTCACCAGGATCCCGTGTTCGGGTAACCTAGCCATCGAAGGATGCTAGGTAGGAGGTAGAGCCGAAAACTCTACCATTTCAGCGCAAGGAAGGGAAGCTTGAGGCTACCTTAGGTGGTGACGACACCTCGCCCCCAGTCTCCCGGGTTGGGGATAATACAACCTCGTTGGGCTACTGCCCCCGCAAGGAGGGGTGTGTGTTTCACGCCCCTGGGAGTTAACGATTCTCCGGCCCCAGTTCCTAGGTCCAGGGAGGGCCCCGTGGCGCTGAAAGGGCGCTGAACAAGCTTGGTATCTTGGCAACTACCACTGGATGGTTTCCAGCCCGCGCAAGGAAGGACACGTAAATCACGTGTTCTTGGGAGTTGACGACTCTCCGCCCCCAGTCCCCAGGTCAGGGTATGACTCCGTGGTGTTGAAAGGACACTAAACAAGCTTGGCATCTTGGCAACTGCCACCGCAAGGGAGAGGGATCCCCTCTCGGGTTTGGACGACACCCCGGCCCCAGTCCCCCAGGTCATGGGAAAAACTGACCCCGAAGTGCTGCAAGGGCACTAATCACCGCAAGGTGAGGGCGCACAGGATCGAGTATCCGGGTGAGTGACGCCACCCCCCGAAATGTGTATTGTGACAGGCTTGCTCGCAGCAGCAAATCTCCACCGTTAGGAGATTTGTTGTGAGCATTGCCTTGTCTACGTCT
NC_034017.1,ISFV,cISFVG,XFV,90,10335,10884,TAAAACACCGGCTTTTACCAGGTCACAGGTTGAATTGGTTTACTATCGGGCTAGTGTTGTTAAAAATTTCTTTGGCGACGTACGGAAAGTATGGAGCAATCGAGGAAGTTTTCCCGGCCGGGAGGCGGTCGGGCGGGCCCCAAAGAGGGGCTGGCGAAGAAGCGAACGGGGAGCGTTGTGGGCATAAGGGATGCCCAGAAGGTGAACAAACAAACAGTGGTGGCGCAGAAGCCCTCTCAGAGGGCCAGCCTCCCCACCACTAAAAACAAGAATACACGCAAGCAAATCGG,TTCCATACCTTCATAAGAAACAGGATATTGAGTGTGGAAGCCTAATTGGAACCAAGAGTAGGGCCACGTGGTCGCGAGATCTTCCTGAAACCGTGAAGGTCATCCGAAAGATCCTCAACGCTGAGACGGGCACCATGAACACGTATGCGGAGGGCCTGGATATCATCGGGAGGTTCCAGGTGGTCAGCGATGTGTTCTAGGGATCGAAGATGAAACTTTCCATGATGGGTGGGGGCAGCCGGGGGAAACCCTGGGGCTTGGCGACCTCCCCCCACAAGCCATCATGCGAAATTAAGGCAGCCGCGAGGGAGCTCTCCTCGCAGAGAAAGAAGAAAGAGCAAATCGGGTAACCTACCAGCCCGTGACTTGGTAGGAGTGGGATAGCCCCGGCTTTTCAGCCGGGAAAACGTGTTCACGTACGTATCCGTTGCGAGTGGGGGTTGAGATAGCTTTCCCCCCCCTAAGGGGCAGAAGCTATCCTATTGAGCCTGGCGAACTCAATGGCAAATTAGCCCGTGGTCCACCACGGAAAAAGTGGACGAGTAACCCCACGGAAAGAAGGCCTTGGCGAGGCCACTCGAAGGGAAGCTAGTTATGAGGAACTTAAAACCTCCAGAGCAAACGAGGGAGAAATCCCTAGGTGAGTTGGCGACCACCCTCTGTAATGTTTAATAAGTTGTGCGGAAAAATCCAAAGAATGTCCCCACCGATAGGGGGCTTTGGGAAAGTTTTTCAACACACGTAGCGCT
NC_017086.1,ISFV,dISFVG,CHAOV,99,10407,10733,GAAAAGTATATTCTACGTGTGCATTCTGTAACATAGTTGGTTGGAGAAGTATTTTGGATATAACACGTTTGAATAGGTTTATTGTGAATCGAAATACCGATGGCGAATAAACCCAAGAAGCCCGGAAGACGGGCTATCGATATAGTGAGACGTGCGTTGCCTCGCGTCTCGGGACCGAAAAAGGTCTTAAAGAAGGCAACACAAACAGTCATGGAAAGCTTGGCTGGCATACGGGCAACCGTTGCCTACCTGCTCTACATGACATTCCTCGGCAACAAGGTCAGCAAGGCCACGAGAGC,ACCTGCGGAAACAACTGGACAAAAATTGCGGATCAATGATAGGAGTGAGGTCCAGAGCCACGTGGGCTGAAAACATTCGTGTTTCAGTGAACCAGGTACGTGGTTACATTGGTAAACATGAGAACTACCTCGATTACCTCCAAGCCCAGAATAGATTCAGCATTCCTGCCGAATTCACCATGGGCAACATATTGATCTAAGACACTGAGAGAAAAGACTGAAAAACAATTGACGCTGAGAGTCAGGCCTAAATGCCACCGGATGATAGTAGACGGTGCTGCCTGCAGCTATCACATATAAACTGGCGCCTTATATGTTTATTAGCCGACAGGGGGACACATGCACCCAGCAGCCCGAGCTGGACAAGGCATGTGTACTAGCGGTTAGAGGAGACCCCCCCAAAAATGAAGGGCACTATATCGACACTTGGGAAAGACCAGAGGTACTCGCTGATTCACCGCCACCAGACTACACGGCACAGCGCGCCGGAAAAGGTAGTTTGGAGGTTGTAAAACAACAAGTATCT
NC_016997.1,ISFV,dISFVG,DONV,113,10448,10791,GAAAAGTATATTCTGTGTGTGCGTCTTGGTACACAGTTAGTAGTGAGAGTGGAAGGAAAAGAATACACTTTGAAAACATAACGCATTAGAATAGGTTTGAAAGAGTTGAATCAATGAGATCAATGGTCTTTCGAGCTAGGAGGCCCGTTAAACGGGCCGTCGATATAATAAAACGTAAGCTGCCTTACGTTCCGCCACCAATGAGGGTGGCCAAAATGGCAGCGAAGAAAGTGATGATGGGAATTGGAAGCTTGAAAGCATTTTTGGCTCTGTTTTTGTTCATGACTTTCACTGGCCGGAAAATTTCTAACGA,CATACTCATGCAAAGGCCAGGACATCTCCTGCGGTTCGCTCATAGGGACACGGTCTAGAGCTACCTGGGCTGATAACATCAAGACAGCAGTCAATCAAGTCCGTGGAATCATAGGAAGGGACGAAAAGTATATGGACTATTTGGCCATTCAAAATCGCTTCATGCCCCCTCTCCAATTTAGATTGGGAAGCGTCCTGTAAATACTCACAGGTTGAGGGGTTTTGCAGTCAGGCCTCACGAATGTGAGCCACCGGATGGGACTAGACGGTGCTGCCTGCGCGTCCCCCCACGCAATCAAGCTAGATGGTTGTCATGGGCGTAATGTTGTTCTAGCAATTTAGGGGGCCAGATGTCATGTCTCTCAAGCCTAGGAGACACTAGACACTCTGGACTATCGGTTAGAGGAAACCCCCCCAAAAATGTATAGGCTATTATATCGACACCTAGGAAAGACTGGAGATACCTTTGGTTCTTCGACACTAACTCCTAATGGCACAGAGCGCCATAAGAAACGGAGTTAGTATGGAAAAAACATAAGTATCT
NC_027999.1,ISFV,dISFVG,EPEV,119,10445,10761,AGTAAATCTTGCATGTGGATTAGTGAGCACTAGTTTGCGCATTGAAACAAATTGTGGATTAACTTTTGTTAACGTGTTTGGATTAATTGTTGTTTGAGAGAACAGCGAGAAGTACTACTATGGTTGAGAAAACTAGAGTAGGATCTCGGGTTAAAACCCGAGGTGTCAATATGATTAGGCGTACTGGAAAGACTGTGAAAACAGTCTCAAGGAATGCCAGAAAAAATGTGGAGAGGGGCGCCATGGTTATCAGAGCAACTATAGTTGCCATGATAATGTCGCTCTTCTCCGGGAGAAAGCCCAACGCTTTGCTCAAAAA,CTTACCTAGCCAAAGGCCAGGATCAAAGGTGCGGGTCATTGATAGGAACTTCGAGAAGAGCTTCATGGGCGTGGTCTATGTGGACAACAGTGGAAAAGATCCGAAACTTAATAGGAAAGGAGAAGTACGAGAACTATCTGAACACCCAAGATAGATTCGTCGACACAACTGAACCAACTGGATTTGGGACAATATTGTAAGTCGGCAACAAAAAGTCAGCCCAGAAAATGCCACAACTAAGCTGTAAGTTGTGCTGGCTGTAACAGCAAGTAAAATTCATGGAATTTTTGGAAAGAGTCAGGCCGAGAAGCCACACAGCAAAAGTGTGCTGCCTGTAAGACGTAATGAGCGCGTGAAAGCTCACGAAATGGGAAGTGGCGAACCCCATTGGAAATTTAGCTTCATATTGACACCAGGGAAAAGACCGGAGAAACTTCTTGCTTACTCGCAGCAACCACCGAAAGGCACAGTATGCCTGAAACATTCGGTGGTTGATGTAGTAAACAACCAGTTTCT
NC_040610.1,ISFV,dISFVG,NANV,106,10405,10804,CCAAGTTTGTTTTATGCGTGAGCTGGATTACACAGTTAGTATTTCGGGTGTTTACATAACGTGTTAGAACAATTTTAAAGAAGTCAAAACTAGAAATTTAATTTCAATGGTTAGACAACTTGGAAAGACCGTTGCAAGACGGTCTGTCAATATGCGAAAGCGGATTACCACCCGCTTGACTGACCCAATTGGGGCAATCATAAATGTGGTAAAAATGGTTTTTCTGGGTAGGGGACCCATGAAGGCTTTTATGTCAGTGATGACATTCTTGCGCTTCATGTCCATCAACCCAGGAAAGAATATGGT,AAGGAGACGACATCTCCTGTGGCAGCCACATCGGATTCACTGAGAGGGCAACGTGGGCCGCAAATATCCGAGTGGCAGTTAGACAGGTGCAAACAGCAATAGGGAACGAGAAGTATAGGGACTACCTCGGAACCATGGGGCGGTACGTCCCCCTGGAACCACGCACTGGAGGGAACCCGACAAGCATGAACAGAACGTAGGGCGAGCTGGCACAGAGTGACGGCGCGCAACCGTAGGAACGAGAAAAGAAATAGATGACGATGAAGTCAGGCCTTAAGTGCCACCCGTATGAGACTATCGGGTGCTGCCTGTCGTCTCCTAGAGAAGGCAAAACTAGTAGAAACCTACACAGCTCCTGGCGTGGCGAACCAGCAAGTCGAGCAGCAAGCGGAAACGCGTGAGGGCCTGGACAATGCTAAAGCTGTAAGCGCATTGAAAAGGACTAGAGGTTAGAGGAGACCCCCTCATTATTTATATAACAGCATATTGACACCAGGGATAGACCGGAGAAATACACAATTTCTGGGCACTAAACAACTACAAGCACAGAGCGCTTCGAGAAGTAGTTGTTTCTTGACGAGAGAATATGTATATCTTGG
NC_024017.1,ISFV,dISFVG,NHUV,102,10440,10891,AGTTTGTGCTGTACGTGCACTGGAAGTACATAGTTGGTATAACGGGTAGAAATATAACGTATTCGCGCATTTTGATAGAGTTGACTAGATAACGAATTATCGATGGTGACTAAATCAAGAAAGCCCGCCGCAAAGCGGGCTGTTAATATGCTAACACGCATCACCAAGCGTGTGCTGTCCCCTCTTGAGGGAGCAGTGAAATTGGTGAAAAATGTGTTTTTGGGCAAGGGGCCTTCGAGAGCAATACTGGCGGTATGCGCCATGTTGCGCTTCATGGCCATGCGTCCATCAACGCTACTAAA,CCTACATTCCAAAGCGAGAGGACATGTGGTGCGGCAGTATGATTAATGTGCCATCCCGTGCAACGTGGGCTGAAAACATTAAAGTGGCATGCTCCCAGGTGCGGAGCATGATTGGAAACGGGGAAAAATTCAAAGACTATCTGTGTGAGATGCAACGCTACGAGCCCAAGATAGTGAGCTGCACGCACGGCGTGCTGTGAGGGAGAATGGAGTAGAAAGAAACCCTCCCACCTAATTAGAAATGCATTAACAATAGAACAAACCTAGGAAAAGTGGGTTTGAGTCAGACCAGGATGAAACCTGCCACCTCTATGGAAGCTAAGTGGTGCTGTCTGTAAGCTTCCATCAAGCGTGTGGGCAAAGAGCCCGCACAGCTCCCGGGAGTTGCGAACCGGCTGGCTGAGCAGCAGAATGGAAAATCCAGATAAGAAAGCTCTAAAATCTGGTGTAGTGGCTAGCGAAATTGGTGAAGCTATAACCAACTTTGGCTGGACTAGTGGTTAGAGGAGACCCCACTGCTGAGAGCAAAATAGCATATTGACACTTGGGAAGAGACCAGAGATATGATGTTGTTTGTCAATGCTGACAACAGCCATGGCACAGAGCGCCTGAAGAGAGCTGTTGTTATAATTTACAAAAAATAACATATCT
NC_033715.1,ISFV,dISFVG,NOUV,79,10408,10755,GTCTACGCGAGTGGAAACATAATACGTTGATACAATTTGGAAAAAACGAAAGTTTTAGTAGCAAGAGAGAGAAATCTCAATGGCTATAAATACCAAGAAGCCCGTCGCTAGACGGGCGAACAATATGCTAACCCGAACGAATAAGCGGGTGACCGATGCCATGGCACCGGTCAAAAAGATATTCAATGAGGTCTTGACGGGTCGCGGAATCGTCAGAGCTTTTTTGGCTCTGTTGATGTTCATGCGATTCCTCTCCATAAAACCGCCTAAACATATGAC,CTTACCTCAGAAAGAGGCACGACATGCATTGCGGAAGCCTTATTGGGCACACAATGCGCGCCACCTGGGCTGCCAATATCCAGGTTGCAGTTAGGCAAGTAAGAGCCGTTATAGGCTCAGAGAAGTATAAGGACTACCTAGGGTCCATGCTACGGTACGGAGGCTCAGAGAGTGAGGAGCTTTGTGGCGTTTCATGGTAGAGACAGAACGGTCCCACTAGACAATAAGTAAGATTAAGTTAGGATTTAAACCATTAGAATACGAAGTCAGGCCCTAACGGCCACTCTTAAGATGCTAAAGAGTGCTGTCTGTAAGTATCCGCTGGTGTGTAAGCGATATCCAACATCCCCATGGCGGCAAAGCCCCCGGTCTTCTACGGGGCCCCTGGCCTACCGGAAGGACGAGGAAACACGCATGTAAATATTAGATTTAAGGAATAACTCCCGGAGATAGCGAACCGGATACAGAGAAGCAGGTTAAGAGCCGGCAAAAGCCCATCGCACTGAAGCTATAAGGTGCGGGAAGGACTAGAGGTTAGAGGAGACCC
NC_009026.2,MBFV,AROVG,AROAV,104,10394,10815,AGTATTTCTTCTGCGTGAGACCATTGCGACAGTTCGTACCGGTGAGTTTTGACTTAACGCAGTGAGAAAAGTTTTCGAGGAAAGACGAGAAGCGAATTCTCTGAATGGCTAGAAAACCAGGAAGACCCGGAGGAAACCGGGTCGTCAATATGCTAAAGCGTACGGCGGCCAACGCAGCCAGCCCCTTGGGGCTGGCAAAAAGGCTGCTTGGAGACGCGTTTGCTGGTAGGGGACCCTTAAGGGTTATCCTAGCAGTGGTCGCGTTCTTCAGATTTACAGCAATCAAAATGTCCCCCGCTTTACT,TGCCATATTTGGGAAAAAGGGAAGACCAATGGTGTGGCTCCTTGATTGGAAGCAGAACCAGAGCTACTTGGGCTGAAAACATCTGGGTGGCCGTAAACCAAGTGAGAGCCAAAATTGGAAAAGAAGAATATTCTGATCATTTGAGTTCTCAGCAAAGATTTGAAAATTGGGGAGAAGTGAGGTTCTCAGGAGTCCTGTAAGCTAAGATAAAAGAGAAAAAGAGGGTTTGAGTCAGGCCAGAAATGCCACCGGATAAAGGTAGACGGTGCTGCCTGCAACCTTTCTGCGGAAGGAATAACCGCAGTCAATAAAACCAAAAAGAGGGAGTTGAGAACCCTTTGGGCCGCCCAGGCCTGGGATTGAACCGTTGATCCCAGGCGAAGGGACTAGAGGTTAGAGGAGACCCAGCCTTTCTCACCAACCCAAGGCCCAACCTTGCTGAACCTTTAGGCAGGTAAAAGGACTAGAGGTTAGAGGAGACCCCTTGGCAAAACAGTTAACGCACCAAAAGAAACAGCATATTGACACCTGGGATAGACCGGAGAATTTGCTGCCTCGCAACACCTCCCACCCGGCACAGAACGCCGACATGGTGGGAGGGGTCGTAAGACACCAGATTCT
NC_001477.1,MBFV,DENVG,DENV1,94,10273,10735,AGTTGTTAGTCTACGTGGACCGACAAGAACAGTTTCGAATCGGAAGCTTGCTTAACGTAGTTCTAACAGTTTTTTATTAGAGAGCAGATCTCTGATGAACAACCAACGGAAAAAGACGGGTCGACCGTCTTTCAATATGCTGAAACGCGCGAGAAACCGCGTGTCAACTGTTTCACAGTTGGCGAAGAGATTCTCAAAAGGATTGCTTTCAGGCCAAGGACCCATGAAATTGGTGATGGCTTTTATAGCATTCCTAAGATTTCTAGCCATACCTCCAACAGCAGGAATTTTGGC,ACGTTCCATACCTAGGAAAAAGGGAAGATCAATGGTGTGGTTCCCTAATAGGCTTAACAGCACGAGCCACCTGGGCCACCAACATACAAGTGGCCATAAACCAAGTGAGAAGGCTCATTGGGAATGAGAATTATCTAGACTTCATGACATCAATGAAGAGATTCAAAAACGAGAGTGATCCCGAAGGGGCACTCTGGTAAGCCAACTCATTCACAAAATAAAGGAAAATAAAAAATCAAACAAGGCAAGAAGTCAGGCCGGATTAAGCCATAGCACGGTAAGAGCTATGCTGCCTGTGAGCCCCGTCCAAGGACGTAAAATGAAGTCAGGCCGAAAGCCACGGTTCGAGCAAGCCGTGCTGCCTGTAGCTCCATCGTGGGGATGTAAAAACCCGGGAGGCTGCAAACCATGGAAGCTGTACGCATGGGGTAGCAGACTAGTGGTTAGAGGAGACCCCTCCCAAGACACAACGCAGCAGCGGGGCCCAACACCAGGGGAAGCTGTACCCTGGTGGTAAGGACTAGAGGTTAGAGGAGACCCCCCGCACAACAACAAACAGCATATTGACGCTGGGAGAGACCAGAGATCCTGCTGTCTCTACAGCATCATTCCAGGCACAGAACGCCAAAAAATGGAATGGTGCTGTTGAATCAACAGGTTCT
NC_001474.2,MBFV,DENVG,DENV2,96,10272,10723,AGTTGTTAGTCTACGTGGACCGACAAAGACAGATTCTTTGAGGGAGCTAAGCTCAACGTAGTTCTAACAGTTTTTTAATTAGAGAGCAGATCTCTGATGAATAACCAACGGAAAAAGGCGAAAAACACGCCTTTCAATATGCTGAAACGCGAGAGAAACCGCGTGTCGACTGTGCAACAGCTGACAAAGAGATTCTCACTTGGAATGCTGCAGGGACGAGGACCATTAAAACTGTTCATGGCCCTGGTGGCGTTCCTTCGTTTCCTAACAATCCCACCAACAGCAGGGATATTGAA,AAATCCCATACTTGGGGAAAAGAGAAGACCAATGGTGCGGCTCATTGATTGGGTTAACAAGCAGGGCCACCTGGGCAAAGAACATCCAAGCAGCAATAAATCAAGTTAGATCCCTTATAGGCAATGAAGAATACACAGATTACATGCCATCCATGAAAAGATTCAGAAGAGAAGAGGAAGAAGCAGGAGTTCTGTGGTAGAAAGCAAAACTAACATGAAACAAGGCTAGAAGTCAGGTCGGATTAAGCCATAGTACGGAAAAAACTATGCTACCTGTGAGCCCCGTCCAAGGACGTTAAAAGAAGTCAGGCCATCATAAATGCCATAGCTTGAGTAAACTATGCAGCCTGTAGCTCCACCTGAGAAGGTGTAAAAAATCCGGGAGGCCACAAACCATGGAAGCTGTACGCATGGCGTAGTGGACTAGCGGTTAGAGGAGACCCCTCCCTTACAAATCGCAGCAACAATGGGGGCCCAAGGCGAGATGAAGCTGTAGTCTCGCTGGAAGGACTAGAGGTTAGAGGAGACCCCCCCGAAACAAAAAACAGCATATTGACGCTGGGAAAGACCAGAGATCCTGCTGTCTCCTCAGCATCATTCCAGGCACAGAACGCCAGAAAATGGAATGGTGCTGTTGAATCAACAGGTTCT
NC_001475.2,MBFV,DENVG,DENV3,94,10267,10707,AGTTGTTAGTCTACGTGGACCGACAAGAACAGTTTCGACTCGGAAGCTTGCTTAACGTAGTGCTGACAGTTTTTTATTAGAGAGCAGATCTCTGATGAACAACCAACGGAAGAAGACGGGAAAACCGTCTATCAATATGCTGAAACGCGTGAGAAACCGTGTGTCAACTGGATCACAGTTGGCGAAGAGATTCTCAAAAGGACTGCTGAACGGCCAGGGACCAATGAAATTGGTTATGGCGTTCATAGCTTTCCTCAGATTTCTAGCCATTCCACCAACAGCAGGAGTCTTGGC,ATGTTCCATATCTAGGAAAGAGAGAAGACCAATGGTGTGGATCACTTATTGGTCTCACTTCCAGAGCAACCTGGGCCCAGAACATACCCACAGCAATTCAACAGGTGAGAAGCCTTATAGGCAATGAAGAGTTCCTGGACTACATGCCTTCAATGAAGAGATTCAGGAAGGAAGAGGAGTCGGAGGGAGCCATTTGGTAAACGTAGGAAGTGGAAAAGAGGCTAACTGTCAGGCCACCTTAAGCCACAGTACGGAAGAAGCTGTGCTGCCTGTGAGCCCCGTCCAAGGACGTTAAAAGAAGAAGTCAGGCCCCAAAGCCACGGTTTGAGCAAACCGTGCTGCCTGTAGCTCCGTCGTGGGGACGTAAAACCTGGGAGGCTGCAAACTGTGGAAGCTGTACGCACGGTGTAGCAGACTAGCGGTTAGAGGAGACCCCTCCCATGACACAACGCAGCAGCGGGGCCCGAGCACTGAGGGAAGCTGTACCTCCTTGCAAAGGACTAGAGGTTAGAGGAGACCCCCCGCAAATAAAAACAGCATATTGACGCTGGGAGAGACCAGAGATCCTGCTGTCTCCTCAGCATCATTCCAGGCACAGAACGCCAGAAAATGGAATGGTGCTGTTGAATCAACAGGTTCT
NC_002640.1,MBFV,DENVG,DENV4,101,10265,10649,AGTTGTTAGTCTGTGTGGACCGACAAGGACAGTTCCAAATCGGAAGCTTGCTTAACACAGTTCTAACAGTTTGTTTGAATAGAGAGCAGATCTCTGGAAAAATGAACCAACGAAAAAAGGTGGTTAGACCACCTTTCAATATGCTGAAACGCGAGAGAAACCGCGTATCAACCCCTCAAGGGTTGGTGAAGAGATTCTCAACCGGACTTTTTTCTGGGAAAGGACCCTTACGGATGGTGCTAGCATTCATCACGTTTTTGCGAGTCCTTTCCATCCCACCAACAGCAGGGATTCTGAAGAG,AAGATATACCTTACCTAGGGAAAAGAGAGGATTTGTGGTGTGGATCCCTGATTGGACTTTCTTCCAGAGCCACCTGGGCGAAGAACATTCATACGGCCATAACCCAGGTCAGGAACCTGATCGGAAAAGAGGAATACGTGGATTACATGCCAGTAATGAAAAGATACAGTGCTCCTTCAGAGAGTGAAGGAGTTCTGTAATTACCAACAACAAACACCAAAGGCTATTGAAGTCAGGCCACTTGTGCCACGGTTTGAGCAAACCGTGCTGCCTGTAGCTCCGCCAATAATGGGAGGCGTAATAATCCCCAGGGAGGCCATGCGCCACGGAAGCTGTACGCGTGGCATATTGGACTAGCGGTTAGAGGAGACCCCTCCCATCACTGATAAAACGCAGCAAAAGGGGGCCCGAAGCCAGGAGGAAGCTGTACTCCTGGTGGAAGGACTAGAGGTTAGAGGAGACCCCCCCAACACAAAAACAGCATATTGACGCTGGGAAAGACCAGAGATCCTGCTGTCTCTGCAACATCAATCCAGGCACAGAGCGCCGCAAGATGGATTGGTGTTGTTGATCCAACAGGTTCT
NC_012533.1,MBFV,DENVG,KEDV,106,10333,10723,ACTTTTTTGATCGGTGTGAATCGATACAAACAGATTTTGTAGAGAAGTTATTCTAACACTCGTGTCAACAGTTTTCGTGTTGAGAAAGAAAACAGATTCTTCGGAAATGAAAACCCAAAAAAGGGCCGCATCGCGGCCTATCAATATGCTGAAGCGCTTTGGATCTAGCGCTGGCCTTTTCGGCCTAAAGAAGATCCTTATGAAGTTGCTGGGAGGGTTTGGACCAGTTAGGCTGGTTCTAGCCTTCCTTGCCTTCTTCAAATTCACATCGCTGCGCCCTTCCCCTGGACTCCTCAAGAGATGGAG,ATGTCCCTTACTTGCAAAAGCGGGACGACCTGTGGTGCGGCTCCCTGATAGGTCACAGCTCAAGAGCCTCATGGGCTGAGAACATCAGAGTGGCAGTGGAGCAGGTGCGGAAGGCAATAGGGAGAGAAGAGTATGCTGATTACCTAGGAGTGCAAGACAGGTACTCCACCCACTCATTGGAAATGACAGGAGCCTTGTAAGACATGGAATGATCATGGAAAAGGTACAGACAAACAAGGAAATGAACAAAGGACTTGAAGGACTTGACGTCAGGCCACTCGTGAGAGTGCCACAGTACGGTAAAGACTGTGCGGCCTGCGAGCCCCCTGGGACTATCGGTATCCAGGCTAAACAAAAACCGTTGCACCTCATTGGGCTGGTGCGTAAAATGACATTGCGGGGCCCAAGCCGGCTAAGCTGTAACCGGTGGAAGGACTAGGAGGTTAGAGGAGACCCCCCGCGCCCATAACCAACATAAAACAGCATATTGACACCTGGGAAAGACCGGAGACTCTGTTGGCTTTCCCCACACCAGCCCCCTGGCACAGAGCGCCAGATCGGGGGTTGGTGTGGAGCAACCCAACAGGACT
NC_001437.1,MBFV,JEVG,JEV,95,10394,10976,AGAAGTTTATCTGTGTGAACTTCTTGGCTTAGTATCGTTGAGAAGAATCGAGAGATTAGTGCAGTTTAAACAGTTTTTTAGAACGGAAGATAACCATGACTAAAAAACCAGGAGGGCCCGGTAAAAACCGGGCTATCAATATGCTGAAACGCGGCCTACCCCGCGTATTCCCACTAGTGGGAGTGAAGAGGGTAGTAATGAGCTTGTTGGACGGCAGAGGGCCAGTACGTTTCGTGCTGGCTCTTATCACGTTCTTCAAGTTTACAGCATTAGCCCCGACCAAGGCGCTTTTAGG,ACGTTCCGTATGTGGGAAAGCGTGAGGACATCTGGTGTGGTAGCCTCATCGGAACGCGATCCAGAGCAACCTGGGCTGAGAACATCTATGCGGCGATAAACCAGGTCAGAGCTGTCATAGGGAAAGAAAATTATGTTGACTACATGACCTCACTCAGGAGATACGAAGACGTCCTGATCCAGGAAGACAGGGTCATCTAGTGTGATTTAAAGTAGAAAAGTAGACTATGTAAATAATGTAAATGAGAAAATGCATGCATATGGAGTCAGGCCAGCAAAAGCTGCCACCGGATACTGGGTAGACGGTGCTGTCTGCGTCTCAGTCCCAGGAGGACTGGGTTAACAAATCTGACAACAGAAAGTGAGAAAGCCCTCAGAACCGTCTCGGAAGTAGGTCCCTGCTCACTGGAAGTTGAAAGACCAACGTCAGGCCACAAATTTGTGCCACCCCGCTAGGGGGTGCGGCCTGCGCAGCCCCAGGAGGACTGGGTTACCAAAGCCGTTGAGCCCCCACGGCCCAAGCCTCGTCTAGGATGCAATAGACGAGGTGTAAGGACTAGAGGTTAGAGGAGACCCCGTGGAAACAACAATATGCGGCCCAAGCCCCCTCGAAGCTGTAGAGGAGGTGGAAGGACTAGAGGTTAGAGGAGACCCCGCATTTGCATCAAACAGCATATTGACACCTGGGAATAGACTGGGAGATCTTCTGCTCTATCTCAACATCAGCTACTAGGCACAGAGCGCCGAAGTATGTAGCTGGTGGTGAGGAAGAACACAGGATCT
NC_000943.1,MBFV,JEVG,MVEV,95,10400,11014,AGACGTTCATCTGCGTGAGCTTCCGATCTCAGTATTGTTTGGAAGGATCATTGATTAACGCGGTTTGAACAGTTTTTTGGAGCTTTTGATTTCAAATGTCTAAAAAACCAGGAGGACCCGGGAAGCCCCGGGTCGTCAATATGCTAAAACGCGGCATACCCCGCGTATTCCCACTAGTGGGAGTGAAGAGGGTAGTAATGAACTTGCTAGATGGCAGAGGGCCAATACGGTTTGTGTTGGCTCTCTTAGCTTTCTTCAGGTTTACAGCACTTGCCCCGACCAAGGCCTTGATGAG,AAGTCCCATATGTAGGGAAGAGAGAAGACATCTGGTGCGGAAGTCTCATAGGGACCAGGACCAGGGCAACATGGGCTGAGAACATCTACGCCGCCATCAACCAAGTGAGGTCAGTCATAGGGAAAGAAAAATATGTAGACTACGTGCAGTCGCTGAGGAGGTATGAAGAAACTCATGTGAGTGAAGATAGGGTCTTGTAAATAACATTGATAGAAAATTTTGTAAATATTTAATGTAATATAGTATAGGTAAAATTTTTTGAAATTAAGTAAAATTAAGTAGCAAGACTTGATAGTCAGGCCAGCCGGTTAGGCTGCCACCGAAGGTTGGTAGACGGTGCTGCCTGCGACCAACCCCAGGAGGACTGGGTTACCAAAGCTGATTCTCCACGGTTGGAAAGCCTCCCAGAACCGTCTCGGAAGAGGAGTCCCTGCCAACAATGGAGATGAAGCCCGTGTCAGATCGCGAAAGCGCCACTTCGCCGAGGAGTGCAATCTGTGAGGCCCCAGGAGGACTGGGTAAACAAAGCCGTAAGGCCCCCGCAGCCCGGGCCGGGAGGAGGTGATGCAAACCCCGGCGAAGGACTAGAGGTTAGAGGAGACCCTGCGGAAGAAATGAGTGGCCCAAGCTCGCCGAAGCTGTAAGGCGGGTGGACGGACTAGAGGTTAGAGGAGACCCCACTCTCAAAAGCATCAAACAACAGCATATTGACACCTGGGAAAAGACTAGGAGATCTTCTGCTCTATTCCAACATCAGTCACAAGGCACCGAGCGCCGAACACTGTGACTGATGGGGGAGAAGACCACAGGATCT
NC_007580.2,MBFV,JEVG,SLEV,98,10391,10940,AGATGTTCGCGTCGGTGAGCGGAGAGGAAACAGATTTCCTTTTTGGAGGATAATAACTTAACTTGACTGCGAACAGTTTTTTAGCAGGGAATTACCCAATGTCTAAAAAACCAGGAAAACCCGGTAGAAACCGGGTTGTCAATATGCTAAAACGCGGCGTATCCCGCGTGAACCCCTTGACGGGGTTGAAGAGGATACTTGGAAGTCTGCTGGATGGCCGTGGACCCGTGCGGTTCATACTAGCCATCCTGACATTCTTCCGATTTACAGCTCTACAGCCAACTGAGGCGCTGAAGCG,TTCCATACCTAGGAAAGAGAGAGGACATCTGGTGTGGAAGCCTTATCGGAACAAGGACCAGAGCCACCTGGGCTGAGAACATCTACGCTCCAATCATGCAGATCCGCAACCTCATCGGGGAAGAGGAGTACAGAGACTACATGGTTGCCCAAAACAGATTTGGTAGGGAAGAAACTCATGTGGTAGGAGGAGTGCTGTAGATTGAAATGTAAATAGTGTAAATAAATAAAAACAGGTAAGTCAGGCCAATCAGTTTTGCCACCGGATGTCAGGTAAACGGTGCTGTCTGTAACCTGGCCCCAGGCGACTGGGTTATCAAAGCCAACCCGGCTGGGTGCAAAGCCCCTCATTCCGACTCGGGAGGGTCCCTGGCACGTAGGCTGGAGAGGACGCACAAGTCAGACCAGAAATGCCACCTGAAAGCATGCTAAAGGTGCTGTCTGTACATGCCCCAGGAGGACTGGGTTAACAAAGCTTAACAGCCCCAGCGGCCCAAACCATGGAGTGCGTGACCATGGCGTAAGGACTAGAGGTTAGAGGAGACCCCGCTGTAACTTGGCAAGGCCCAAACCCGCTCAAAGCTGTAGAGACGGGGGAAGGACTAGAGGTTAGAGGAGACCCCTTGCCGTTAACGCAAACAACAGCATATTGACACCTGGAAAGACAGGAGATCCCCTGCTTTTTCAACACCAGCCACAAGGCACAGAGCGCCGTAAAGTGTGGCTGGTGGTGAAAAAATCACAGGATCT
NC_006551.1,MBFV,JEVG,USUV,96,10401,11066,AGTCGTTCGTCTGCGTGAGCTCTACTACTTAGTATTGTTTTTGGAGGATCGTGAGATTAACACAGTGCCGGCAGTTTCTTTGAGCGTTGATTTTCAATGTCTAAGAAACCAGGAGGGCCCGGAAGAAACCGGGCCATCAATATGCTGAAACGCGGCATACCCCGCGTATTCCCACTAGTGGGAGTGAAGAGGGTAGTCATGGGCTTGTTGGATGGAAGAGGACCAGTGCGATTCGTGCTGGCCTTGATGACATTCTTCAAGTTCACCGCGCTTGCCCCGACGAAGGCCTTGCTAGG,ACATCCCTTACACCGGGAAGCGGGAAGACATATGGTGTGGAAGCCTGATAGGCACGCGAACACGGGCAACGTGGGCTGAAAACATCTACGCAGCCATTAACCAGGTGAGAGCCATTATTGGCCAGGAAAAATACAGGGATTACATGCTTTCACTTAGAAGATATGAAGAAGTTAATGTCCAGGAGGACAGGGTTTTGTAAATAAGTGTTTAGGGTTTTGCAATTTAATTAAATATGCAATGTAATTTAGTTGTAAATATTTGATTGTGTAGCTTTATTTAGCATTGTTTTAGGATAGTAGAAGTTAAGGTTTTATTTAGTTATTTTATTTAATTGAATTTGATAGTCAGGCCAGGGCAACCTGCCACCGGAAGTTGAGTAGACGGTGCTGCCTGCGACTCAACCCCAGGCGGACTGGGTTAACAAAGCTGACCGCTGATGATGGGAAAGCCCCTCAGAACCGTTTCGGAGAGGGACCCTGCCTATTGGAAGCGTCCAGCCCGTGTCAGGCCGCAAAGCGCCACTTCGCCAAGGAGTGCAGCCTGTACGGCCCCAGGAGGACTGGGTTACCAAAGCCGAAAGGCCCCCACGGCCCAAGCGAACAGACGGTGATGCGAACTGTTCGTGGAAGGACTAGAGGTTAGAGGAGACCCCGTGGAACTTAGGTGCGGCCCAAGCCGTTTCCGAAGCTGTAGGAACGGTGGAAGGACTAGAGGTTAGAGGAGACCCCGCATCATAAGCATCAAAAAAACAGCATATTGACACCTGGGAATTAGACTAGGAGATCTTCTGCTCTATTCCAACATCAACCACAAGGCACAGAGCGCCGAAAATTGTGGCTGGTGGGGAACTAGACCACAGGATCT
NC_001563.2,MBFV,JEVG,WNV,96,10389,10962,AGTAGTTCGCCTGTGTGAGCTGACAAACTTAGTAGTGTTTGTGAGGATTAACAACAATTAACACAGTGCGAGCTGTTTCTTGGCACGAAGATCTCGATGTCTAAGAAACCAGGAGGGCCCGGTAAAAACCGGGCTGTCAATATGCTAAAACGCGGTATGCCCCGCGGATTGTCCTTGATAGGACTAAAGAGGGCTATGCTGAGTCTGATTGACGGGAAGGGCCCAATACGTTTCGTGTTGGCTCTTTTGGCGTTTTTCAGATTCACTGCAATCGCTCCGACTCGTGCGGTGCTGGA,ATGTTCCATACTCTGGAAAGAGAGAGGACATTTGGTGTGGCAGTTTGATCGGCACACGAACCCGCGCCACTTGGGCTGAAAATATCCATGTGGCAATCAATCAGGTCCGTTCAGTGATTGGAGAAGAGAAGTATGTGGATTACATGAGCTCCTTGAGGAGGTATGAAGACACCATTGTAGTGGAGGACACTGTTTTGTAAAAGATAGTATTATAGTTAGTTTAGTGTAAATAGGATTTATTGAGAATGGAAGTCAGGCCAGATTAATGCTGCCACCGGAAGTTGAGTAGACGGTGCTGCCTGCGGCTCAACCCCAGGAGGACTGGGTGACCAAAGCTGCGAGGTGATCCACGTAAGCCCTCAGAACCGTCTCGGAAGGAGGACCCCACGTGCTTTAGCCTCAAAGCCCAGTGTCAGACCACACTTTAATGTGCCACTCTGCGGAGAGTGCAGTCTGCGATAGTGCCCCAGGTGGACTGGGTTAACAAAGGCAAAACATCGCCCCACGCGGCCATAACCCTGGCTATGGTGTTAACCAGGGAGAAGGGACTAGAGGTTAGAGGAGACCCCGCGTAAAAAAGTGCACGGCCCAACTTGGCTGAAGCTGTAAGCCAAGGGAAGGACTAGAGGTTAGAGGAGACCCCGTGCCAAAAACACCAAAAGAAACAGCATATTGACACCTGGGATAGACTAGGGGATCTTCTGCTCTGCACAACCAGCCACACGGCACAGTGCGCCGACATAGGTGGCTGGTGGTGCTAGAACACAGGATCT
NC_009942.1,MBFV,JEVG,WNV,96,10398,11029,AGTAGTTCGCCTGTGTGAGCTGACAAACTTAGTAGTGTTTGTGAGGATTAACAACAATTAACACAGTGCGAGCTGTTTCTTAGCACGAAGATCTCGATGTCTAAGAAACCAGGAGGGCCCGGCAAGAGCCGGGCTGTCAATATGCTAAAACGCGGAATGCCCCGCGTGTTGTCCTTGATTGGACTGAAGAGGGCTATGTTGAGCCTGATCGACGGCAAGGGGCCAATACGATTTGTGTTGGCTCTCTTGGCGTTCTTCAGGTTCACAGCAATTGCTCCGACCCGAGCAGTGCTGGA,ACGTCCCATATTCAGGAAAACGAGAGGACATCTGGTGTGGCAGCCTGATTGGCACAAGAGCCCGAGCCACGTGGGCAGAAAACATCCAGGTGGCTATCAACCAAGTCAGAGCAATCATCGGAGATGAGAAGTATGTGGACTACATGAGTTCACTAAAGAGATATGAAGACACAACTTTGGTTGAGGACACAGTACTGTAGATATTTAATCAATTGTAAATAGACAATATAAGTATGCATAAAAGTGTAGTTTTATAGTAGTATTTAGTGGTGTTAGTGTAAATAGTTAAGAAAATTTTGAGGAGAAAGTCAGGCCGGGAAGTTCCCGCCACCGGAAGTTGAGTAGACGGTGCTGCCTGCGACTCAACCCCAGGAGGACTGGGTGAACAAAGCCGCGAAGTGATCCATGTAAGCCCTCAGAACCGTCTCGGAAGGAGGACCCCACATGTTGTAACTTCAAAGCCCAATGTCAGACCACGCTACGGCGTGCTACTCTGCGGAGAGTGCAGTCTGCGATAGTGCCCCAGGAGGACTGGGTTAACAAAGGCAAACCAACGCCCCACGCGGCCCTAGCCCCGGTAATGGTGTTAACCAGGGCGAAAGGACTAGAGGTTAGAGGAGACCCCGCGGTTTAAAGTGCACGGCCCAGCCTGGCTGAAGCTGTAGGTCAGGGGAAGGACTAGAGGTTAGTGGAGACCCCGTGCCACAAAACACCACAACAAAACAGCATATTGACACCTGGGATAGACTAGGAGATCTTCTGCTCTGCACAACCAGCCACACGGCACAGTGCGCCGACAATGGTGGCTGGTGGTGCGAGAACACAGGATCT
NC_009029.2,MBFV,KOKVG,KOKV,83,10316,10874,AGATGTTCACCTGTGTGAACTAACCAGACAGATCGAAGTTAGGTGATTACATAACACAGTGTGAACAAGTTTTTTGAACAGCAATGACCAAAAAACCAGGAAGGCCCGGTAGAAATCGGGCCGTCAATATGCTAAAGCGCGGTGCGTCCCGCGCGCTTGGTCCAATGATCAAGCTTAAGAGGATGCTTTTTGGCCTGCTGGATGGGAGGGGGCCGCTCAGGATGGTCTTGGCCATTCTGGCGTTCTTCAGATTTACAGCATTGAAACCAACGGCAGGACTATT,TTCCGTACCTAGGGAAAAGAGAAGATCCATGGTGTGGTTCATACATAGGCTACCGGCCTCGTTCAACTTGGGCAGAAAACATCAAGGTACCAGTGAACGTGATCCGGGTTAAGATTGGAGGGAACAAGTATCAAGACTATCTGGGAACACAGAAGAGGTATGAGAGTGAGAAGAGAGTTGAGTTCCGAGGAGTTCTGTAGATGAAGAGAATGAAGTGAGTTATTTTGTTGTGATAGTCAGGCCTGAAAAGCCACCTGATCCGGTGAAGGTGCTGCCTGCATCCGGCCTGGAGTGATGCTCCAGTGTCGTGGAACAACAACCGATGGAGCCAAGCCCGGAGGGGATCCGGCCCCCGACTTCCGGAGGTTGCCACACCTTGTAAATATGTACATACAGAGTCAGATCCGAAAGGCCACCAGTTTGGTGCAGAACTGGTGCTATCTGTGAACACTCCCAGGAGGACTGGGTAAACAAAGCCATTAGGGACCATCACGGCCCGAGGGGGAGAAGAACGCGAACTCCCCCAAAGGACTAGAGGTTAGAGGAGACCCGTGATTAGGGAGATGAGGGAGCCCATCTCAGGGAAAGCTGTAACCCTGGGGGAAGGACTAGAGGTTAGAGGAGACCCTCCCACAAAGAAGCGCAAACACAAAACAGCATATTGACACCTGGGAAAGACTAGGGGATTTGCTGCTCTGGACTTCCGGCTCTCGGCACAGAACGCCGTTGAGGAGCCGGAGGCCCAAAACACCAGATCT
NC_032088.1,MBFV,KOKVG,NMV,88,10318,10864,AGATGTTCACCTGCGTGAACTGATTAGACAGATCGACATCAGATAGTTTCTATAACTCAGTGTGAACAAGTTTTTTGATCAGTGGATAATGACTAAAAAACCAGGAAAGTCCGGCAATCGTCGGACTGTCAATATGCTAAAGCGCGGAGCATCCCGCGCACTTGGCCCACTAGCCAAGTTTAAGAGGATGTTTTCCAGCCTGCTGGATGGGAGAGGACCATTACGGATGATCCTAGCCCTTCTGGCTTTCTTTAAGTTTACAGCACTTAGACCAACGGCTGGACTGCT,TTCCCTATTTGGGCAAAAGAGAAGATCTATGGTGTGGCTCGCTCATTGGACACAGGCCCAGAACGACTTGGGCAGAAAACATCCGAAGAACTGTGGAGCAGGTGCGGAGGATCATAGGAGGGGAACGTTACTCTGATTATATGGGAACCCAAAAGCGGTATGAATTGGAAAATGTACCCGCTTTTGAAGGAGTCATTTAAATGGTAGTGAAGTAGTTTGTTAGGTAAGGTGAAATGAAGTCAGGCCGAATAGCCATCTGATCCGGTGAAGATGCTGCCTGCGACCGGCCCAGGGTGATGCCCTGGTGAGCGGAACAACAGCCATGGAGCCAAGCCCAGAGGGAATCTGGTCCCCGACTACCGGAAGCTGCCGCGCACTGTAAATATTGTAAATAGGGAGTCAGACCACTTAGTGCCACCAGTATGATGATAAGCTGGTGCTGTCTGTCCTCATCCCCAGGAGGACTGGGTTAACAAAGCGCAAGCCCCCACGGCTGCAGCACTTCTCTTGCGGGAGAGATAGTGTCACGCGGACTAGAGGTTAGAGGAGACCCCGTGGATTCTTGTGGGCCCAAGCGAGTGAAGCTGTAAACTCGTGGAAGGACTAGAGGTTAGAGGAGACCCCCACATACCGCAAAACAAAACAGCATATTGACACCTGGGATAGACTAGGAGATCCGCTGCTCTGGAACCCCAGTTCTAGGCACAGAACGCCGTAATGAACTGGGGTGCCAAAACACCGAATCT
NC_012534.1,MBFV,NTAVG,BAGV,94,10375,10941,AGAAGTTCATCTGTGTGAACTTTGTGATTGACAGCTCAACACAAGTGCGGACTACCGTAAACACAGTTTGAACGTTTTTTGGAGAGAGATTATTATGTTTAACAAAAAACCAGGAAAACCCGGGGCAACCCGGGTTGTCAATATGCTAAAGCGCGGTGCATCCCGCGGAAATCCGATATCTCGGATCAAGAGGATGCTCGATGGACTACTCAGAGGAGTAGGACCAGTCAGAATTGTCTTGGCGATCTTAACCTTTTTCAAATTTACAGCTTTGAAACCAACGGCAGGATTGTT,ATGTGCCGTACCTCGGAAAGCGCGAGGACAGTTGGTGTGGAAGTCTGATAGGGCACAGAACACGATCAACCTGGGCAGAGAACATATACACACCAATCATGCAGATCAGGGCCCTGATTGGACCAGAGCGGTATGTTGACTATATGCCAACTCTAAACCGCTTCAGGGCAGTGGAAACATGGTCTGATGGGGTTCTGTAAGATGTAAATAAACACAGGGAAATAGACTATGTAAATAGATTTCATATATTAATTGGATTTAAGTAAGTAAGTAGTTTAGATGGAATGTAGTGTTAGGTGAACTTATTTAGACTTGAGAGTCAGGCCGGATTACATGTCCGCCACCGGATGTTGGATGACGGTGCTGCCTGCAGTCCAACCCCAGGAGGACTGGGTCACCAAAGTGTCCGACACTCAACACGCAAAGCGCTCAATACCGACTCGGAGAGCTCCCTGGCGTTGGAGAGGATAGGCACCCAGAGTCAGGCCACAGGTTTTGTGCCACTAGCATGCAGTGCTGCCTGAGCAAAGACATGCCCCAGGTGGACTGGGTAAACAAAGCCGCAAGGCCCCCGTGGCCCAAGCAAGGGAATGGTGTGACCCTTGTGTAAGGACTAGAGGTTAGAGGAGACCCCTTGCGAGTTAACACCAAAACAAAACAGCATATTGACACCTGGGAGAGACTAGGAGACCCTCTGTCCTAACAACACCAGCCATCCGGCACAGAGCGCCGTAAGTGTGGCTGGTGGTGGTAGAACACAGTGTCT
NC_009028.2,MBFV,NTAVG,ILHV,92,10367,10755,AGAAATTCACCTGTGTGAATTTCACTAACCGTTTTAGTGGAGAGAACTTTTGTTTAACACAGTCTGAATAGTTTTTTAGCAAGGGATTTCCCATGTCTAAAAAACCAGGAAAGTCCGCTGCAAAGCGGACTGTCAATATGCTAAAACGCCTGGCTAGCGTGTCCCCCTCAAGGGGGCGAAGAACTATTCGGAGAATGCTAGATGTGAGAGGAGCACCAAGATTGATCCTAGCCCTCATGGCTTTTTTCCGTTTCGCAGCAATCAAGCCCACTCTGGGCTTGAAAAAACGATG,TCCCCTACATCGGAAAGAGGGAGGACCAATGGTGTGGTAGTCTGATTGGAACCCGACAGAGAGCAACATGGGCGGAGAATATATATACACCAATAATGCAAATCCGCAACTTGATCGGGGATGAGAAGTATGTGGACTGCATGGTGTCCCAGCACAGGTTCGAAACACCTTCGCCCGTGCTGTTCACCGGCGCCATCTAAACCCAAAAGACCAAAAAAGGACAATTGTGTCAGGCCATGGAAACATGCCACCCAAAGCTTGTAGAGGGTGCAGCCTGCGCCAAGCCCCAGGAGGACTGGGTTACCAAAGCCGTTAGGCCCCCACGGCCCATTTCAGGAGACAGCGCGACTCCTGGAGGAAGGACTAGAGGTTAGAGGAGACCCGTGGAACATCGCTGAGGCCCAAACCAGCCCGAAGCTGTAGGACTGGTGGAAGGACTAGAGGTTAGTGGAGACCCCTCAGCACCAAGCGCGAAACAAACAGCATATTGACGCCTGGGAAAGACCGGGAGATCCTCTGCTTTCCATCACCAGCCACTAGGCACAGATCGCCGCAAGTAGTGGCTGGTGGTGAAAAACACATGGATCT
NC_018705.3,MBFV,NTAVG,NTAV,94,10378,10943,AGAAGTTCATCTGTGTGAACTTCGTGATTGACAGCTCAACACGAGTGCGGGCAACCGTAAACACAGTTTGAACGTTTTTTGGAGAGAGACTACTATGTCAAACAAAAAACCAGGAAGACCCGGGGCAACCCGGGTTGTCAATATGCTAAAGCGCGGCGCATCCCGCGGAAATCCGATATCTCGGATCAAGAGGATGTTGGATGGGCTATTCAAGGGAATAGGACCCATCAGGATTGTCCTTGCATTCCTGACGTTTTTCAAATTTACAGCTTTGAAACCGACGGCAGGATTGTT,ACGTGCCATACCTTGGAAAAAGGGAAGACAGTTGGTGTGGGAGCTTAATTGGGCATAGAGCTAGATCCACCTGGGCGGAGAACATATACACTCCCATCATGCAGATAAGAGGGCTGATAGGCCCAGAAAGATATGTGGACTATATGCCCACTCTAAACAGATTTAAGGCAGTGGAATCGTGGTCAGAGGGAGTGCTGTAGACAAACAACCAAGCAATAAACAGTAGATATATAATCAGTGTAAATAATAGAATGATTATGATAAGCTTTGTTTTAGACCTTAGAAGATAGATTTAGATTTATTTTAGGGCGATAGTCAGGCCAGGCAATGCCTGCCACCGGAAGTTGGATGACGGTGCTGTCTGCGCTCCAACCCCAGGCGGACTGGGTTAACAAAGTGGTGATCCAGGAGACGCAAAGCGTTCACTACCGTTTCGGAGAACTCCCTGGCGTTCGAATGGAACACTGCCCAAAGTCAGGCCGTAGGTTTTACGCCACTAGCATGCAGTGCTGCCTGAGACAAGACATGCCCCAGGAGGACTGGGAAAACAAAGCCGTTAAGGCCCCCGCGGCCCAAGCAAGGGAATGGTGTGCCCCTTGTGGAAGGTCTAGAGGTTAGAGGAGACCCCGCGGAAATCAAAGCAAGGCCCAACCTGGCAAAGCTGTAAACCAGGGGAAGGACTAGAGGTTAGAGGAGACCCCTTGCGAGTGAACACCACACAAAAACAGCATATTGACACCTGGGAAAGACTAGGAGACCCTCTGT
NC_040776.1,MBFV,NTAVG,ROCV,92,10370,10794,AGAAATTCACCTGTGTGAAATTTCACCAACAGTTTTAGTGAAAAGAACTTTGTTTAACACAGTCTGAATAGTTTTTTAGCAGAGGTACTACCATGTCTAAAAAACCAGGAGGACCCGCCGGAAGGCGGGTTGTCAATATGCTGAAACGCCCAGCCAGCGTTTCCCCAATAAAAGGGATAAAGAGGCTAATTGGAAATTTGACTGATGGGAGAGGACCACTACGAGTGGTTCTCGCTTTCATCGCATTTTTCCGTTTTGCAGCCATCATGCCCACCCAAGGACTACTCCGCAG,ACGTCCCCTACATTGGGAAGCGCGAAGACCAGTGGTGTGGCAGCTTGATAGGGCACCGTTCCAGGGCCACCTGGGCCGAGAACATCTACACGCCCATCATGCAGGTCCGCAATCTCATAGGAGCTGAGAGATATGTGGATTATATGCCAGCACAGACAAGGTTCGCACATGAAGCAGAGCTTCAAGGAGGAGTTCTGTAAGACTGAACAGCCCAGAGAAATGCGAAACGAAATGTAAATAATGTAAATAAAATAGCAAGAAGAAGTCAGGCCGTCCTTGGACGCCACCCAAAGCATGGGAGGGTGCTGCCTGCGACAAGCCCCAGGAGGACTGGGTTTTCAAAGCCATGAGCCCCCACGGCCCAACCCTGGGAAAGCGCGACCCAGGGGTTAGGACTAGAGGTTAGAGGAGACCCAGTGGAAACATCAGCCAAGGCCCAGACCATTCCAAAGCTGTAGGAATGGTGGAAGGACTAGAGGTTAGAGGAGACCCCTTGGCACACAAGCGCAAAGACAAACAGCATATTGACACCTGGGAAAGACCGGGAGACCCTCTGCTCTGCAACACCAGCCACTAGGCACAGATCGCCGAAATCTGTGGCTGGTGCTGCAAAACACAGGATCT
NC_034151.1,MBFV,NTAVG,THOV,97,10381,10937,AGAAATTCATCTGTGTGGATTTCTTTACAACAGTTTTGGAAGAGAGAACAATACGTTTAACACAGTGTGAATAGTTTTTTGAACAGAGGTGAAAACCATGTCTAAAAAACCAGGAGGACCCGGAAAGAACCGGGTCGTTAATATGCTGAAGCGCACATCCCGCGCTAGCCCTTTGCAGGGCTTGAAGAGGATGATTGGAAATCTGCTGGATGGAAGAGGTCCATTAAAAATGGTTCTTGCCATTCTGACATTTTTCCGTTTTACAGCAATAAGGCCCACCACTGGACTCTTACGCCG,ACATTCCCTATCTGGGGAAAAGGGAAGACCAGTGGTGCGGCAGCCTAATCGGACACAGAAGCCGGTCAACCTGGGCAGAGAATATTTACACCCCCATTATGCAAGTCCGCAATTTAATAGGAAACGAAAAGTTTGTGGACTACATGACATCACAGGTCAGATTCGGGGCAGGGGAAGAGCCCCGCGGGGGAGTGTTGTAAATTTGTGAAGTGAGGAGAGAGAGCGAACCCAGTACCGTCTCGGAGGGCTAGCTTTCTTTCCTTGATCAAAAAGAAAGAGTCAGGCCGCGGTCAGTAGGCAATACCGTCTCGGAGCCGTTTGACACACGCCATGGTAAAGACCATGCTGCCTGCGATTTGTATATAGTGTAAATAGCTTAAGAGGCATTGGTAGTCAGGCCAGCAAAGCTGCCACCCGAAGCTTGTAGAGGGTGCTGTCTGCGACAAGCCCCAGGAGGACTGGGTTAACAAAGCTAAAAGCCCCCACGGCCCAATCTTGGGAGGGCGTGGCCCAAGAGTAAGGACTAGAGGTTAGAGGAGACCCCGTGGAAATAGAAAGCCAAGGCCCAACTCTGGTTGAAGCTGTAGACCAGAGGGAAGGACTAGAGGTTAGAGGAGACCCCTTGGCAGTGAACGCAAATAAAAACAGCATATTGACACCTGGGATAGACTGGGAGACCCTCTGCTTATTTCAACACCAGCCACTCGGCACAGAACGCCGTAAGTGTGGCTGGTGGTGAAAATAAACACAGAGTCT
NC_015843.2,MBFV,NTAVG,TMUV,94,10372,10990,AGAAGTTCGCCTGTGTGAACTTATTCCAAACAGCTTTTGGAGTAGTGCGTGTGAACGTAAACACAGTTTGAACGTTTTTTGGATAGAGACAACTATGTCTAACAAAAAACCAGGAAGACCCGGCTCAGGCCGGGTTGTCAATATGCTAAAGCGCGGAACGTCCCGCGGAAATCCGCTAGCGCGGATAAAGAGGACGATTGATGGGGTCCTGAGAGGAGCAGGACCCATAAGGTTTGTGCTGGCTCTACTGACTTTCTTCAAGTTTACAGCCCTGAGGCCAACCATTGGAATGCT,AAGTGCCATACCTTGGAAAGAGGGAAGATGGCTGGTGTGGTAGTCTGATTGGACATCGAGCTAGATCCACCTGGGCCGAGAACATATACACCCCAATTATGCAGATCAGAGCTCTCATTGGCCCTGAGCACTATGTAGATTACATGCCAACTCTAAACAGGTTCAAACCCATTGAAAGCTGGAGTGAAGGTGTCTTGTAAATACATGAGGTAGGTGTGAAAATGTATATAAAGTAGTGTTAGTTTAGAGCAATAAACATATAAATTAGCATTTGTTTGAAGAGATAGGAAGAGGAAGTCAGGCCAGGGAATCCCTGCCACCGGATGTTGGATGACGGTGCTGTCTGCGTTCCAACCCCAGGAGGACTGGGTTAACAAATCTGGGTGCATGGAGGAGCTAAGCGTTCAATACCGTCTCGGAGAACTCCCTGGCTCACGAAGTGCCCTGGACCAGTGTCGGGCCACAGGTTTTGTGCCATTAGCGTGCAGTGCAGCCCGGACAAAAGACACGCCCCAGGAGGACTGGGAAAACAAAGCCAAAATGGCCCCCACGGCCTGAAATGATGGAGCTGGTGTGACCATCATGGAGGGACTAGAGGTTAGAGGAGACCCCGTGGAAAGAAAGCAAGGCCCAACCTAGAGTCAAGCTGTAACTCTAGGGGAAGGACTAGAGGTTAGAGGAGACCCCTTGCGAGTGAACACCACAAGAAACAGCATATTGACACCTGGGATAGACTAGGAGACCCTCTGTCCTAACAACACCAGCCACTTGGCACAGATCGCCGAAAGTGTGGCTGGTGGTGGTAGAACACAGGATCT
NC_012532.1,MBFV,SPOVG,ZIKV,106,10366,10794,AGTTGTTGATCTGTGTGAGTCAGACTGCGACAGTTCGAGTCTGAAGCGAGAGCTAACAACAGTATCAACAGGTTTAATTTGGATTTGGAAACGAGAGTTTCTGGTCATGAAAAACCCCAAAGAAGAAATCCGGAGGATCCGGATTGTCAATATGCTAAAACGCGGAGTAGCCCGTGTAAACCCCTTGGGAGGTTTGAAGAGGTTGCCAGCCGGACTTCTGCTGGGTCATGGACCCATCAGAATGGTTTTGGCGATACTAGCCTTTTTGAGATTTACAGCAATCAAGCCATCACTGGGCCTTATCAA,TTCCCTATCTAGGAAAAAGGGAGGACTTATGGTGTGGATCCCTTATAGGGCACAGACCCCGCACCACTTGGGCTGAAAACATCAAAGACACAGTCAACATGGTGCGCAGGATCATAGGTGATGAAGAAAAGTACATGGACTATCTATCCACCCAAGTCCGCTACTTGGGTGAGGAAGGGTCCACACCCGGAGTGTTGTAAGCACCAATTTTAGTGTTGTCAGGCCTGCTAGTCAGCCACAGTTTGGGGAAAGCTGTGCAGCCTGTAACCCCCCCAGGAGAAGCTGGGAAACCAAGCTCATAGTCAGGCCGAGAACGCCATGGCACGGAAGAAGCCATGCTGCCTGTGAGCCCCTCAGAGGACACTGAGTCAAAAAACCCCACGCGCTTGGAAGCGCAGGATGGGAAAAGAAGGTGGCGACCTTCCCCACCCTTCAATCTGGGGCCTGAACTGGAGACTAGCTGTGAATCTCCAGCAGAGGGACTAGTGGTTAGAGGAGACCCCCCGGAAAACGCAAAACAGCATATTGACGTGGGAAAGACCAGAGACTCCATGAGTTTCCACCACGCTGGCCGCCAGGCACAGATCGCCGAACTTCGGCGGCCGGTGTGGGGAAATCCATGGTTTCT
NC_035889.1,MBFV,SPOVG,ZIKV,107,10379,10808,AGTTGTTGATCTGTGTGAATCAGACTGCGACAGTTCGAGTTTGAAGCGAAAGCTAGCAACAGTATCAACAGGTTTTATTTTGGATTTGGAAACGAGAGTTTCTGGTCATGAAAAACCCAAAAAAGAAATCCGGAGGATTCCGGATTGTCAATATGCTAAAACGCGGAGTAGCCCGTGTGAGCCCCTTTGGGGGCTTGAAGAGGCTGCCAGCCGGACTTCTGCTGGGTCATGGGCCCATCAGGATGGTCTTGGCAATTCTAGCCTTTTTGAGATTCACGGCAATCAAGCCATCACTGGGTCTCATCAA,TTCCCTATTTGGGAAAAAGGGAAGACTTGTGGTGTGGATCTCTCATAGGGCACAGACCGCGCACCACCTGGGCTGAGAACATTAAAAACACAGTCAACATGGTGCGCAGGATCATAGGTGATGAAGAAAAGTACATGGACTACCTATCCACCCAAGTTCGCTACTTGGGTGAAGAAGGGTCTACACCTGGAGTGCTGTAAGCACCAATCTTAATGTTGTCAGGCCTGCTAGTCAGCCACAGCTTGGGGAAAGCTGTGCAGCCTGTGACCCCCCCAGGAGAAGCTGGGAAACCAAGCCTATAGTCAGGCCGAGAACGCCATGGCACGGAAGAAGCCATGCTGCCTGTGAGCCCCTCAGAGGACACTGAGTCAAAAAACCCCATGCGCTTGGAGGCGCAGGATGGGAAAAGAAGGTGGCGACCTTCCCCACCCTTCAATCTGGGGCCTGAACTGGAGATCAGCTGTGGATCTCCAGAAGAGGGACTAGTGGTTAGAGGAGACCCCCCGGAAAACGCAAAACAGCATATTGACGCTGGGAAAGACCAGAGACTCCATGAGTTTCCACCACGCTGGCCGCCAGGCACAGATCGCCGAATAGCGGCGGCCGGTGTGGGGAAATCCATGGGTCTT
NC_008719.1,MBFV,YFVG,SEPV,116,10334,10793,AGTATATTCTGCGTGCTAATCGTTCAACGTTAGTCCGTGGAGTGAGCTTCTGTTAAGTTGTTAACACGTTTGAATAATTTCTACTGAAAGGGTAGAGAAAAGGAGTTTTGCTTCTCATGGCAACAAGAGGAGCAAGCAAGTCTCGGGTCACGACCCGGGGCGTCAATATGGTGACGGCCAAGGCCAAGAGTCTGGCCGTCAAAATAAAAAACAAAACAAAACAAAACACAAGAGGACTGCGGGGGTTCCTCTTGTTTTTAGTGGCTCAAATTTTTTGGGCACGGAAATTGACCCCGCAAGTCAAAAAACTGTGGAG,CCTACCTGCCCAAGTCTATTGACAAAACCTGCAACTCATTGGTCGGAACAACACAACGTGCCACCTGGGCGCGTGATGTGAAGCATACTGTTCACCGCATCCGGAAGTTGGTTGGAAATGAGAAATTCTATGATTATATGTCTACCATGGACCGATATAGAGAGCTAGACGAAGAAGGTCCAGGAGAAATCCTTTGGTAGACAGACTGACACAAAATAAGTGACCAGAATGGGACTAAACCACCTACTATATGTAAAACCGGGATAAAAACCACGGAGAGGACCGGACCTCTCACTATGTAAAACCGGTATACAAACCAAAACAGACAGGACCGGACCTGCCTGATGTCAGCCCGTCATAATGACGCCATGGCTAAGCTGTGAGGCCATGCTGGCTGGGATAGCCGCGACCACCCGCGTAATGGGGTTCCTGGATTGCTCGATCCGGGGTAAAAAATTTTTAGGGAGCCTCCGCCTGCTGCGTCCGCGCGCAGCAGGAAAGAAGGGGTCTAGAGGTTAGAGGAGACCCTCCCGAGCACTATAGCGGACCATATTGACGCCTGGGAAAGACCGGAGACACTCCTTGATTCTCACCTTTCTCACCCTTAAGCACAGATTGCTTGAATGCAGGGTGGGGAAGTTGGGAACCAACTAGTGTCT
NC_012735.1,MBFV,YFVG,WESSV,118,10336,10814,AGTATATTCTGCGTGCTAATCGTTCGACGTTAGTCCGTGGAGTGAGCTTCTATTAGAGTCGTTAACACGTTTGAATAATTTCTACTGAAAGGAGTAGAAGAAAGGAGATTCATTCCCAATGGCAACAAAGGGGATGAATAAGTCTCGGGCTCGATCCCGAGGCGTCAATATGGTAGCGGCTAGAGTGAAGAACCTAGCCGTTAAAGTAAAAAACAAAACAAAACAAAGTGCAAGAGGTTTGCGAGGGTTCCTCTTGTTTCTAGTGGCCCAAATTTTCTGGGCTAGAAAACTAACCCCGCAGGTTAAAAGATTGTGGAG,CTTATCTGCCAAAGTCAATTGACAAGACATGCAACTCACTCGTTGGAACCACACAACGAGCTTCCTGGGCTAGAGATATCAAGCACACAGTCCATAGAATCCGTGGACTTGTTGGAAATGAAAAATATACAGACTATCTAGCCACTATGGACAGATTCAGGGAACTCGATGAGAGTGGCCCTGGAGAAGTCTTGTGGTAAATTCAACAAAATTTAAGAAACCGGGATACAAACCACGGATCCAGAACCGGACTGGGTCACCTATTGAATAAAACCGGGATATAAACCACGGAGAGGACCGGACCTCTCACTCTGTAAAACCGGGATATAAACGAGCAAGCAGGACCGGACCTGCTTTTAGAGTCAGCCCATCATTTGATGCCATGGCTAAGCTGTGAGGCCATGCTGGCTGGGACAGCCGCGACCACCCGCGCAAAGGGGTTCCTGGTAGGCTCAAACCAGGGTAAAAAGTATTGGGAGCCTCCACCCACCGTTACCGCGCACGGTGGGAAAGATGGGGTCTAGAGGTTAGAGGAGACCCATTCCCTCCCGAGCACACATAGCGGACCATATTGACGCCAGGGAAAGACCGGAGACACTCCTTGATTCTCACCTTTCTCGCCCTAAAGCACAGATTGCTTGAATGCAGGGCGGGGAAGTTGAGAACCAACTAGTGTCT
NC_002031.1,MBFV,YFVG,YFV17D,118,10354,10862,AGTAAATCCTGTGTGCTAATTGAGGTGCATTGGTCTGCAAATCGAGTTGCTAGGCAATAAACACATTTGGATTAATTTTAATCGTTCGTTGAGCGATTAGCAGAGAACTGACCAGAACATGTCTGGTCGTAAAGCTCAGGGAAAAACCCTGGGCGTCAATATGGTACGACGAGGAGTTCGCTCCTTGTCAAACAAAATAAAACAAAAAACAAAACAAATTGGAAACAGACCTGGACCTTCAAGAGGTGTTCAAGGATTTATCTTTTTCTTTTTGTTCAACATTTTGACTGGAAAAAAGATCACAGCCCACCTAAAGAG,TCCCTTATCTAACCAAGAGACAAGACAAGCTGTGCGGATCACTGATTGGAATGACCAATAGGGCCACCTGGGCCTCCCACATCCATTTAGTCATCCATCGTATCCGAACGCTGATTGGACAGGAGAAATACACTGACTACCTAACAGTCATGGACAGGTATTCTGTGGATGCTGACCTGCAACTGGGTGAGCTTATCTGAAACACCATCTAACAGGAATAACCGGGATACAAACCACGGGTGGAGAACCGGACTCCCCACAACCTGAAACCGGGATATAAACCACGGCTGGAGAACCGGGCTCCGCACTTAAAATGAAACAGAAACCGGGATAAAAACTACGGATGGAGAACCGGACTCCACACATTGAGACAGAAGAAGTTGTCAGCCCAGAACCCCACACGAGTTTTGCCACTGCTAAGCTGTGAGGCAGTGCAGGCTGGGACAGCCGACCTCCAGGTTGCGAAAAACCTGGTTTCTGGGACCTCCCACCCCAGAGTAAAAAGAACGGAGCCTCCGCTACCACCCTCCCACGTGGTGGTAGAAAGACGGGGTCTAGAGGTTAGAGGAGACCCTCCAGGGAACAAATAGTGGGACCATATTGACGCCAGGGAAAGACCGGAGTGGTTCTCTGCTTTTCCTCCAGAGGTCTGTGAGCACAGTTTGCTCAAGAATAAGCAGACCTTTGGATGACAAACACAAAACCACT
NC_008718.1,NKV,ENTVG,ENTV,119,10355,10510,AGTAAATTTTGCGTGCTAGTCGCTTGGCGTTAGTCCGTGAAGTGAGTTTTTGGATACATTGTACCAGAGATTAACACGTTGAAATTATTTCTGAAAACAGAAAATCAGAATCAGACGCGATGAATAATCGCAGAAGTAACACCCGGAAAAAGGGTGTCAACTTAAAATTGCAAAATCAAAATAAAAAAGGACCGGGGAAACCCGGTCCTAAGAAGATGAGGGGAAGAAACTTCCTCAGTCCGCTTATGCGGATCCGAGCGATGATCGTTTACCTCATAACACTGATCTTAACAGGCAGGAAATGGACACCGGCGATGAA,CGTACCTCAACAAGTCACAAGACGTACGGTGTGGGTCACACATAGGATGTTCACAAAGGAAAAGCTGGGCAGACGCCCTGCCCAGCACAGTGGAAAAAGTCAGGTCCATAATTGGAAAAGATGGAAAATACGTGGACTACATGCAAACACAAACAAGGTTTGCCACAATAGTTCGAACAATGTTCGGTGATGTGTTGTAAATGAAAATCTTGGAATAAAGTCAGGCCGCAGCGTCTAAAACCGGAGCCTCCGCTGGGAAACCAGTCGACGGGGACTAGAGGTTAGAGGAGACCCCCCGCGCCCATAACCAACATAAAACAGCATATTGACACCTGGGAAAAGACCGGAGACTCTG
NC_005039.1,NKV,ENTVG,YOKV,150,10428,10857,AGTAAATTTTGCGTGCTAGTCGCTGAGCGTCAGACCGCAAAGTGAGTTTTTAGTGATCTAAAGTGAGGAGTTATTCTTACTGTCATCAAACACTACAAATAAACACGTTGAAATTATTTCCGGAAGAACAACTGTCCGGAATCAAAGACGATGAAAAATCGTAGACAAAACACCCGAATTTCGGGTGTCAATATAAAAAAGCAAAATCCAAAAAACAAAAAACAAACAAAAATAAAAACATCTGTTGTAAAAAGAGGCAAGCGCTCTGTGCAACCTTTTGGATTCCTGAATCCAATCATGAGAGTGCGAGCTCTGATAGTCTATCTAATCACCATGATTTTGACTGGGCG,CGTACATTTCCAAGTCACAGGATGTCCGTTGTGGCTCAATGATTGGCACATCAAAGAGAAGCAGTTGGGCTGAAGCTCTTCCTCACACTGTACAAAAGGTGAGAGGCATTGTGGGGACACAAGAGAGGTACCGTGATTACCTTGAAACTCAAAACAGGTTCAGGACCATAGTCCAACATCTTGTTGGAGATATCCTGTGAGAGCAATAAAAAATTTTAAAGACAAAAGTGTCAGGCCAAGATTGAGAAAATCTTGCCACAGCTTGGCAGACTGTGCAGCCTGCAGCCCTAGAGGGAGACTGACCAACTCCCTTTAGTAGAAAAGGTCAGGGAAGAACTTGAGGATGGGTGTGGCCTCAAGATCTCTTCTCAAAAAACGGACTGAACACCACACCTAGATGAAGATAGTAGGGGAGCCTCCGCCAATGGTGGCTTTACATATTGAGCTACTGCATTGGTCGATGGGGACTAGCGGTTAGAGGAGACCCTCTCCTACGCATGGATTTTGCAATATGTTGACATCAGGGAAAGACCGGGTGTTTGTCGGTTCCGGAGAGCTCCGGAGGCCAGGGCGCCGTTTGCCCGTAGTTTATAACTGGCCTTCGGGGATCGAAGGAGTTGCCAAACACT
NC_003635.1,NKV,MODVG,MODV,109,10234,10600,AGTTGATCCTGCCAGCGGTGGGTCGCTACTGTTTCGCGAACCAGTCGTTTTGACAGTTGGTTGGGATCAAATTTGTTCTGTGCGCGTCACGCCACTTTTTGTGGCGGGAATGTGCGAAAATAACAGGAAAAAGAACCCTGGAAAGGGTTCAAAGAAGAAAAAGAATGCTGGAAGGAATGGGAAGGAAGTCCCGGGACTTGCTCTGGTGATGGGCGTGATCCATTACGCCAGCCATATAGCCTTGGGAATGAAAGTTAATTCACGGCTTAAAAGGTTTTGGAAGATGACTCCGGCCAGCAAACTTGCAAA,AAGTCCCTTACCTTCCAAGAAACCAGGACAAGTCATGTGGTAGCCTAATTGGGACTACTGCTAGGGCAGAATGGGCCAAGTTGCTTCCAGGAGCCGTTGAGAAGGTGAGGAACATCTTTGGGAAGCAAAGATTCAGAAACTACCTTAGGAACATGGGTAGGTATGAGTCACAAGAAGAAGCTCCATTTTCAATGTATTAAACAATGAAATAATTAAATGAAAGAGTGTTGAGGGCAACCAGTGGGCTAGCCACATGGGTATGACGCACCCACCCTCTGCATTCTTGTAAATACTTTGGCCAGTCATTGTAAATAGGTTAGGGAGCCGGGCCCAACCCAGCTAGGGATAGCCTTTCTGGGGTAAGGACTAGAGGTTAGTGGAGACCCCCGGCTTTTGAAGTTAGGGCAACACAGGGAGTGGTTCAATTGGCCAGAACCGCTCTGGCGTTTGCCTCCTGTTATTTTCCAAATTCCCGTTACCGGGGGTGGGGTGATTAGCCATGGTCGCACAGATCAAGCTCAGATTGCTTACATGTAATCTGTGTGGTCATGAATATGACCTCCGCT
NC_004119.1,NKV,RBG,MMLV,108,10233,10690,AGTTGGTTTTGCCGGCTACAACGATCCTCCGTAGGAAGCGTTGGTGTCTTGGACATTGCCGAGTTGAAACCTTGGTTTCCGGCTGGAAACCACGTCGCTCTTCGTCAAATGACGAAAGGCAAAATGAAAAACGCGAATAAAAAGAAAGCAAAAAACTCTAAGACCAATCCTGGTCGAAGTGGCAGAAGTAATGGAATGGATTTGGTTATGGGAATCATGCACTTTGCCACTCATATTGCAATGGGAATGAAGGTCAACAAGAGACTGAAAACCTTTTGGAAGGTGACGCCCCCAGGTAGATTGGCTAA,ATGCAATCCCATATCTGCCACGGAGAGAAGACATAAACTGTGGTAGTCTGATTGGAACATCAAAACGATCAACATGGGCAACACTAGTGCCTGGGGCTGTTATGAAAGTGAGGAATTTGTTTGGGCCTGAGAAATTTTCTAACTACATGGATTGTATTGGAAGATATCATGTTGGCCACCAGGACTTCTGCCTGTACTAGATCCAGCAACACCTAAAATGTACATAGAAAACAACTAATGGAAAAAATGCGAGTGAGGGCAACTCTGGGATTAGCTCAATGGGTGTGACGACCCTACCCTTCCGCATTTGTAAATAATTGAGCCAGTCATTTCCGTAGGGAAGAGAGTTATTCGCTCCTCTCGAGATTGAGCGGCCTGCTCCTTGGAGCATGAGATGGGAGGCCCGAAGCAAAGCTGAAAGGACTAGCGGTTAGAGGAGACCCCTTCCATCTCTGGTATCAAATTTCATGGAGTTTACTCCATGGTGGCTAGAACCCATAGCGGGGGTGAACCACATTGGCTAAGGTTCACCAGCTTTTGCTCCCGCGTTTTTCAAATTGCCTCATCTTGAATGGGGGGCGGCGTGGATATATACTCCAGCCAGAAAAGACTCAGATTGTCTCATGACTTTCTGACTGGCGTACATAGCCATCCGCT
NC_003690.1,TBFV,MTBVG,LGTV,130,10375,10943,AGATTTTCTTGCGCGTGCATGCGTGTGCTTCAGACAGCCCAGGCAGCGACTGTGATTGTGGATATTCTTTCTGCAAGTTTTGTCGTGAACGTGTTGAGAAAAAGACAGCTTAGGAGAACAAGAGCTGGGAATGGCCGGGAAGGCCGTTCTAAAAGGAAAGGGGGGGGGTCCCCCTCGACGAGCGTCGAAAGTGGCCCCAAAGAAGACGCGTCAGTTGCGGGTCCAAATGCCAAATGGACTTGTACTGATGCGCATGCTGGGAGTTCTGTGGCATGCCCTGACTGGGACTGCACGAAGCCCAGTACTGAAAGCGTTTTGGAAAGTCGTTCC,CATACCTGCCAAAATCACAGGACATCCTGTGTTCATCATTGGTGGGAAGGGGTGAAAGAGCAGAGTGGGCAAAGAACATCTGGGGAGCCGTGGAGAAGGTGAGAAGGATGATCGGACCAGAACACTACAGGGACTACTTGTCAAGCATGGACAGACACGACCTACACTGGGAGCTCAAACTGGAGAGCTCAATATTTTAAAGCCAGACACAAGGAGTCCAACCTGGAGGGCTCTTGAAAAACTCGTCCAGAAACCAAACAAATGAGCAAGTCAACAGGAGATGATAACTCGTACGAGCTGATCTCCAACACACAAGAAAAATGGTGGGATGCGGCAACGCACGAGGCTCGTGACGGGGAAATGATCGCTCCCGACGCACCCCTCCATTGGAGACAACTTCGTGAGATCCCCCAGGTGTTTAGGGGCACACGCCTGAGGTAAGCAAGCCCCAGGGCGCATTCCGGCAGCACACCAGTGAGAGTGGTGACGGGAAACTGGTCACTCCCGACGGAGCTGCGCCTTGTGAAACTTTGTGAGACCCCTTGCGTCCAGAGAAGGCCGAACTGGGCGTTATAAGGAGGCCCCCAGGGGGAAACCCCTGGGAGGAGGGAAGAGAGAAATTGGCAACTCTCTTCAGGATATTTCCTCCTCCTATACCAAATTCCCCCTCGTCAGAGGGGGGGCGGTTCTTGTTCTCCCTGAGCCACCATCACCTAGACACAGATAGTCTGAAAAGGAGGTGATGCGTGTCTCGGAAAAACACCCGCT
NC_001809.1,TBFV,MTBVG,LIV,129,10374,10871,AGATTTTCTTGCACGTGCGATAGCTTCGGACAGCTTTGGCAGCGGCAGGTTTGAAAGAGACATTTTTTTTTCTTTCATCAGCCGTGAACGTGTTGAGAAAAAGACAGCTTAGGAGAACAAGAGCTGGGGATGGGCAGGAAGACCATCCTGAAAGGCAAGGGGGGCGGTCCCCCTCGACGAGTGTCGAAAGAGACCGCGACGAAGACGCGTCAATCTAGAGTCCAAATGCCAAATGGACTGGTGTTGATGCGCATGATGGGGATCTTGTGGCATGCTGTGGCTGGCACTGCGAGAAACCCTGTTTTGAAAGCATTCTGGAATTCCGTCCC,CATATCTCCCCAAGACCCAGGACATGATATGCTCCTCCCTTGTTGGAAGGAAAGAAAGAGCAGAATGGGCAAAGAACATCTGGGGAGCGGTGGAAAAGGTGAGGAAGATGATAGGTCCTGAGAGGTTCAAAGACTATCTCTCCTGCATGGACCGCCATGACCTACACTGGGAGCTCAAGCTAGAGAGCTCAATAATCTAAGCCTAGCTTGTGACAGAGCAAAACTTGAAGAGCTCGCAAGGAAACCATGGAATGATGCGGCACGGCGCGACAGCGACGGGGAAATGGTCGCACCCGACGCACCATCCATGAGGCAGCAATTCGTGAGACCCCCCTGGCCAGGAAAGGGGAAAACAGGCCAGGGGTGAAAACACCCCCAGAGTGCACCACGGCAACACGCCAGTGAGAGTGGCGACGGGGAGATGGTCGATCCCGACGTAGGGCACTCTGCAAGATTTTGCGAGACCCCCCGCCCCATGACAAGGCCGAACATGGAGCATTAAAGGGAGGCCCCCGGAAGCATGCTTCCGGGAGGAGGGAAGAGAGAAATTGGCAGCTCTCTTCAGGGTTTTTCCTCCTCCTATACCAAATTTCCCCCTCGACAGAGGGGGGGCGGTTCTTGTTCTCCCTGAGCCACCATCACCCAGACACAGATAGTCTGACAAGGAGGTGATGTGTGACTCGGAAAAACACCCGCT
NC_005062.1,TBFV,MTBVG,OHFV,132,10377,10787,AGATTTTCTTGCACGTGCGTGCGCTTGCTTCAGACAGCAATAGCAGCGGCAGGGTTGGTGGAAGGAATTGCCCGCATCAGCCAGTCGTGAACGTGTTGAGAAAAAGACAGCTTAGGAGAACAAGAGCTGGGGATGGCCGGGAAGGCCATTCTGAAAGGAAAGGGGGGCGGTCCCCCTCGACGAGTGTCGAAAGAGACCGCTAAGAAGACGCGTCAACGCGTGGTCCAAATGCCAAATGGACTAGTGTTGAAGCGCATAATGGAGATTTTGTGGCATGCCATGGTCGGAACCGCCCGAAGTCCTCTCTTAAAATCATTCTGGAAGGTAGTCCC,CATACCTTCCCAAGTCACAAGACATGATGTGCTCGTCACTGGTTGGAAGACGGGAAAGAGCAGAGTGGGCAAAGAACATCTGGGGAGCAGTGGAGAAAGTGAGGAAAATGCTGGGCCCTGAGAGGTATAGTGACTACCTTTCCTGCATGGACCGGCATGAACTGCACTGGGAGCTCAAAGTGGAGAGCTCAATAATCTAACCACAGACAACCATAGAGCAAAAGCACCATTTCGTGAGACCCCCCTGCCAGTTGAAGGGGGAAGCTGGCCGGTGGTAGAAAACCCCCCAACAGGGTGCCAAACGGCAACACGCCAGTGAGAGTGGCGACGGGAACATGGTCGCTCCCGACGTAGGGCACTCTATCCAATTTTGTGAGACCCCCCGCACCATGGAAGGCCAAACATGGTGCATGAAGGGAAAGGCCCCCGGAAGCTTGCTTCCGGGAGGAGGGAAGAGAGAAATTGGCAGCTCTCTTCAGGAAATTTCCTCCTCCTATACCAAATTCCCCCTCATCTGAGGGGGGGCGGTTCTTGTTCTCCCTGAGCCACCATCACCCAGACACAGGCAGTCTAACAAGGAGGTGATGTGTGACTCGGAACAACACCCGCT
NC_003687.1,TBFV,MTBVG,POWV,111,10359,10839,AGATTTTCTTGCACGTGTGTGCGGGTGCTTTAGTCAGTGTCCGCAGCGTTCTGTTGAACGTGAGTGTGTTGAGAAAAAGACAGCTTAGGAGAACAAGAGCTGGGAGTGGTTATGATGACCACTTCTAAAGGAAAGGGGGGCGGTCCCCCTAGGCGCAAGCTTAAAGTGACCGCAAATAAGTCGCGACCAGCAACGAGCCCAATGCCAAAGGGCTTCGTGCTGTCGCGCATGCTGGGGATTCTTTGGCACGCCGTGACAGGCACGGCCAGACCCCCAGTGCTGAAAATGTTCTGGAAAACGGTACCACTGCG,CCTATCTGCCAAAAACACAGGACCTGGTATGTTCCTCACTTGTTGGGAGAAAGGAGAGGGCAGAATGGGCTAAGAACATCTGGGGCTCAGTGGAGAAGGTCAGGAAGCTCATTGGACCAGAAGACTACAGAGACTACTTATCAAGCATGGACAGACATGACCTGCACTGGGAGCTCAAGCTAGAGAGCTCGATAATCTAAACTAGCATGACTGAACAGTCAAAAGAACCCTAACACAGGGGATGGTGTGGCAGCGCACAACGACATCGTGACGGGAGTGGGTCGCCCCCGACGCACCATCCTCTTGGGAAAAATTTTCGTGAGACCCTCACGGCTGGCAAAGGGCACCAGTCGTGTAGTAAGAAGGCCCTGGCCCAGTGCGGCAGCACACTCAGTGACGGGAAAGTGGTCGCTCCCGACGTAACTGGGTAAAAACGAACTTTGTGAGACCAAAAGGCCTCCTGGAAGGCTCACCAGGAGTTAGGCCGTTTAGGAGCCCCCGAGCATAACTCGGGAGGAGGGAGGAAGAAAATTGGCAATCTTCCTCGGGATTTTTCCGCCTCCTATACTAAATTTCCCCCAGGAAACTGGGGGGGCGGTTCTTGTTCTCCCTGAGCCACCACCATCCAGGCACAGATAGCCTGACAAGGAGATGGTGTGTGACTCGGAAAAACACCCGCT
NC_027709.1,TBFV,MTBVG,SGEV,132,10377,10870,AGATTTTCTTGCACGTGCATGCTTTTGCTTCGGACAGCACTGGCAGCGGCAGGTTTGAGAGAGACGATCTTTCGCTCTCATCAGTCGTGAACGTGTTGAGAAAAAGACAGCTTAGGAGAACAAGAGCTGGGGATGGGCAGGAAGTCCATCCTGAAAGGTAAGGGGGGCGGTCCCCCTCGACGAGTGTCGAAAGAGACCGCAACGAAGACGCGTCAACCCAGAGTCCAAATGCCAAATGGACTGGTGTTGATGCGCATGATGGGAATCTTGTGGCATGCCGTGGCTGGCACTGCGAGGAACCCTGTGTTGAAGGCATTCTGGAACTCTGTTCC,CGTATCTCCCCAAGGCCCAAGACATGGTATGCTCCTCCCTTGTTGGAAGGAAGGAAAGAGCAGAATGGGCGAAGAACATCTGGGGAGCGGTGGAAAAAGTGAGGAAAATGATAGGTCCTGAGAGGTTTAAGGACTATCTCTCCTGCATGGACCGTCATGACCTGCACTGGGAGCTCAAGCTGGAGAGCTCGATAATCTAAGCCCAGCCTGTGACCGAGGGAAAATTTTAAGGGATCATGGAATGATGCGGCAGCGCGCGATAGCGACGGGGAGATGGTCGCACCCGACGCACCATCCATGAGGCAACAATTCGTGAGACCCCCCCTGGCCAGGAAAAGGGGGGTGCAAACAGGCCAGGGGTGAAGAACACCCCTAGAGTGCACCACGGCAGCACGCCAGTGAGAGTGGCGACGGGAGAATGGTCGATCCCGACGTAGGGCACTCTGTAGAATTTGTGAGACCCCCCGCACCATGACAAGGCCGAACATGGTGCACCAAAGGGGAGGCCCCCGGAAGCACGCTTCCGGGAGGAGGGAAGAGAGAAATTGGCAGCTCTCTTCAGGATTTTTCCTCCTCCTATACCAAATTCCCCCTCGACAGAGGGGGGGCGGTTCTTGTTCTCCCTGAGCCACCATCACCCAGACACAGATAGTCTGACAAGGAGGTGATGCGTGACTCGGAAAAACACCCGCT
NC_001672.1,TBFV,MTBVG,TBEV,132,10377,11141,AGATTTTCTTGCACGTGCATGCGTTTGCTTCGGACAGCATTAGCAGCGGTTGGTTTGAAAGAGATATTCTTTTGTTTCTACCAGTCGTGAACGTGTTGAGAAAAAGACAGCTTAGGAGAACAAGAGCTGGGGATGGTCAAGAAGGCCATCCTGAAAGGTAAGGGGGGCGGTCCCCCTCGACGAGTGTCGAAAGAGACCGCAACGAAGACGCGTCAACCCAGAGTCCAAATGCCAAATGGGCTTGTGTTGATGCGCATGATGGGGATCTTGTGGCATGCCGTAGCCGGCACCGCGAGAAACCCCGTATTGAAGGCGTTCTGGAACTCAGTCCC,CGTACCTCCCTAAAGCTCAGGACATGTTATGTTCCTCCCTTGTTGGGAGGAGAGAAAGAGCAGAATGGGCCAAGAACATCTGGGGAGCGGTGGAAAAGGTGAGGAAGATGATAGGTCCTGAAAAGTTCAAGGACTATCTCTCCTGTATGGACCGCCATGACCTGCACTGGGAGCTCAGACTGGAGAGCTCAATAATCTAAACCCAGACTGTGACAGAGCAAAACCCGGAAGGCTCGTAAAAGATTGTCCGGAACCAAAAGAAAAGCAAGCAACTCACAGAGATAGAGCTCGGACTGGAGAGCTCTTTAAACAAAAAAAAAAAAAAAAAAAAAAAAAAAAAAAAAAAAAAAAAAAAAAAAAGCCAGAATTGAGCTGAACCTGGAGAGCTCATTAAATACAGTCCAGACGAAACAAAACATGACAAAGCAAAGAGGCTGAGCTAAAAGTTCCCACTACGGGACTGCTTCATAGCGGTTTGTGGGGGGAGGCTAGGAGGCGAAGCCACAGATCATGGAATGATGCGGCAGCGCGCGAGAGCGACGGGGAAGTGGTCGCACCCGACGCACCATCCATGAAGCAATACTTCGTGAGACCCCCCCTGACCAGCAAAGGGGGCAGACCGGTCAGGGGTGAGGAATGCCCCCAGAGTGCATTACGGCAGCACGCCAGTGAGAGTGGCGACGGGAAAATGGTCGATCCCGACGTAGGGCACTCTGAAAAATTTTGTGAGACCCCCTGCATCATGATAAGGCCGAACATGGTGCATGAAAGGGGAGGCCCCCGGAAGCACGCTTCCGGGAGGAGGGAAGAGAGAAATTGGCAGCTCTCTTCAGGATTTTTCCTCCTCCTATACAAAATTCCCCCTCGGTAGAGGGGGGGCGGTTCTTGTTCTCCCTGAGCCACCATCACCCAGACACAGGTAGTCTGACAAGGAGGTGATGTGTGACTCGGAAAAACACCCGCT
NC_023439.1,TBFV,STBVG,KAMV,146,10406,10688,CTCTTCCCCCCTCCTTCTTGAGTATATGTTCACGTGTGAACGCACTGTCTTTGGTCAGGCAGAGTGGTCTTTTGCGTCGTTATTGCTTTGGATAGCACGTGTGACATACAAACAACTAGGAGAACAAAGAGTTGGAGCTGAAGGCAATGCCTTCGGTTTTGAAGAAAGGCGGCGGTAAGCCTGCTGCGTATGCAGCTAAAACCGCCAAGAAAACCAGGGGAGGGGCCGGCAACAACTTGCCAAGGAGGCTGGCCATGACTGCGATGATCAGGGTCATCTTGATGATGGCTCATGGTGTCGCGCGACCCTTGGATTTGAAGAAGTTCATGAAGAGAACCCCCATTGC,CATACCTCCCAAAGGCACAGGATCGGATGTGTGGCTCACTCATTGGAACCAACTCCAGGGCTTCTTGGGCCGAGAATATCTGGGGAACCGTTGAGAAGATCAGGAACATGGTTGGGATGGAGAACTTCCGTGACTACCTCTCGGTGATGGACAGATATGGGGGCGGCGTGGCTGTGCCCATAACTAGTGACATTCTGTAAGCCCCGACAATCTCTGCCAACTGGTGCTCGGACTGGACCGAGCAGTGCGCCGGGAGGGCGAAGGGAGTGCGCACTCTGGCCACTGTGTGGCCAAAACCTACCGGCAGGAATGCTACCACCCATGAGCGAGGGTGGTGAAAAATTGAGCTCATATGAGAACCCGGCAGGAATGCTACCACTCCAGGGGTGGGAGTGGTGAAAAATTAAGCCCTACCGGCAGGAATGCTACTCGCATTGGGCGCGCGGGTGAGAAAACAAGCCCACTGCCATGGGTGTGGCAGC
NC_023424.1,TBFV,STBVG,TYUV,131,10400,10673,GGACCAGAGCGAAAGCGGGAACTTTAGTCAGTGACTGAGGCCTCTTGAGTTAGTGTTGAAAGACGCGTTTTCAAGGTGGTATCACGTTGGGCATAAAAACAACTAGGAGAACAAAGAGTTGGACTGAGGGAATGCCCTCAGTTTTAAAAAAGGGCGGCGGAAAGCCTGTCACGCAAGTGACCAAAACCGCCATGAAAAATAAAAACGGAAAAAAGCAGGTTGCAAAACCCCGCAACCTAGTGATCACCGCCATGCTCCGAGTCATACTGGCTATGGCTCATGGTGTGGCACGGCCCCTTGACCTGAGAAGATTTATGAAGACAACCCCAGT,CCTATCTTCCAAAGGCCCTAGACCAGGGTTGTGGATCGCTCATTGGTGGACGCTCTAGAGCAGCGTGGGCCGAAAACATCTGGGGCACAGTGAAGAAGATCAGAGAGATGATAGGAAACGAAAACTACACGGACTATCTGCAGGCAATGGACAGATTTGGGCCAACCAAGTCTGTCCCTCTGACAAGCGACATCATCTAAATAAATCACATTTTCTGGAGCTTGCCAGCTTTGGCAAGCACACACCGGGAGGGTGCAGGGAGAGTGTGTTCGACCACTATGTGGTCAAGACAACCGGCAGGAATGCTGCCTCCAGGGGACGGGGAGGCGAGAAAATGAGTCCCAAATAACTGGCAAGAATGCTACCTGGCGTAGGTGACCGCGCTGGGTGAAAAGGCAAGGTCACAATTAAGAACCGGCAGGGAAATGCTATCTGGGAGAGGCGACCAGATGAAAAAGTAAGTCTCATGAGAC
