id,class,type,virus,UTR5len,CDSlen,UTR3len,seq5,seq3,constrained_predictions_t,constrained_predictions_q
NC_012932.1,ISFV,cISFVG,AEFV,96,10026,942,AGTTTTTAAAAACTTCTGTGAAGGTCACATCCCTAGTTGGATTACGCCGCTTTTGAAAAATCTAGAAGTTGTTTGGAAAAGAGATATCTGGTTCGTATGAATAGGATGCTCTTGAAGAAAGGGCCTTCGGGCCAAACATCTGGTCGGCCATCGACCAGACCGCCGGACCCAGCGGAAAAGAGGGTAAAAAGGGCCGCAGGAAACAAGACCAGCAAAAACCAGCGGCCATCAACACGAGGAGCAACTCCATCATCGCTCCTCACCAGCTTATTCGGACGCAGAAAAGGAGGGGAATG,TTCCGTATCTACACAAGAGGCAAGACATCGCCTGCGGAAGCTTAATCGGATCCAAAGAGCGAGCCGTTTGGGCTCGGGAGATCGAAAATGGAGTTTTAAGTATCCGCAAAATTCTGAACGCCGAGTCGAAATGTGATAACGTGTACAATGATGGGCTGGTCATCATGTCGCGTTTCCGAAAGAGTAATGACGTGATATAACTGCTTCAATCATATCACCTCAATTTAAAGGGTCAGGGATAGCTTTGGCGAAGTATTCCAAATAAGGCCACGTTTCGCCACGAATTCACACTCCCAGCTTCTCTAGCTAGGGGGTGACCCTCACGCCAAATTCCCCCAGTTTAATCTGTTCGGAATTGGTGATGACCACTTCCCCTCAATGGGGAACACAATTGCGTTCTTAACAGAACACAACATTGAAACCATGTTTACACTTTGGACTTAGGGAAATGGTCTCCGCTTGGGCGATCTTCCCAAAACGAGTCCATCGTGTGCAGATTTGGAAAACCAAATCTCCCCGCCCCGAGAGGAGAAGTCTCTCTCCCCTCGGAGTGGGGGCTGCATTGCAGTGGTTTCAGAGCAGGGCACAATAGTGTCGGGCCTGACGACCCCGCTCCCCCGAGTCGCCCAACGGAGTTTGGCTCAACTCTAAAAAGAAAATAAGCCGATTTGGACTTTCATAGTCCTATTGCCTCAGATCTACTGTTGCAACGCAGCGCAGGGCATGAAAATGTCGGGCCTGACGAACCCGCGCACCCGAGTCCCCCAGTTGGGGAAGGGATCCTTGCATCCCACCCTCCTGCAGGAAGGGCGAAAATCCTGCTGACCCCCCTGGTCATGGGAAACTGACCCGAGTAAGTAGTGGCGCCCTTGCTTGTACATCCGCCAGCTGATGGTCTTAAGCATCCCTCCCCTAGGAAAGGGGCAAGAGTGGCCTGTAAACACCACTGGAAGGCTCCAGTGCTCTTGCCTAAATGGCCAGCCAAAGCAACCCGAAGCTTTAAAAATCGGGCGGAGCAACAGGGAGAAATCCCGGGGAATTGCGAACCCCCTCCGAAATGTGAAAAATTATGGGGAAAAGTACCCATCTAAGCCTCCCACCGTTAGGGAGTTTGGAATACCTTTTCTATACCATAGATGCGC,"[(-7, '0', '-4.9', 'AAAAAAAA'), ('63', '67', '-5.28', 'BBBBB'), (-29, -25, '-3.82', 'CCCCC')]","[('841', '848', '-4.9', 'aaaaaaaa'), ('810', '814', '-5.28', 'bbbbb'), ('816', '820', '-3.82', 'ccccc')]"
NC_031327.1,ISFV,cISFVG,AnFV,107,10026,455,AAAAACCCACCTGTGTTTCTTTGGTTATTTTACCTGTGTTTCGCGTTTTTATTGGTTGGTTTGTTTGAAATCCGTTTCTTTCAAAACCGTGAGCAGTTGAGTTGACGATGCAAGTCAAGCGAGTGAAGAACCGTGAGGGAGGAGGCGGAAAGCCTGGCATAAAGGGAAAGACAGGGTCTCTCCTTGGCCGGGCGCTCAAGATGGTCTCTGGGGACCTGAGCGAGACCCTGCTACAACTTATAGTTGCGGTGGTTGCCATGTGGAACAATTTGTTGCGCAGAGTGCAGGCACTGGAACGTAGGGTGAG,CAAAGAAGCAGGATATAGCTTGCGGGAGCCGCATTGGAACCCCAGACCGAACGCAATGGGCTAAAGAAATGCCAGAGCTAGTAATGAAACTGCGTCGCGTTCTGGACAAGAATGAAGGACCCCAACGCTATACTGACGGACTTGCAATCCTGGGTCGATACCACGCGACCCTGCCCCCCGCGACAGGAATCTGCGTGTAAACGAGCGGGAAGGCAACACACCAGTAATCTGGTGGGGTGAGTTGCGACACCCCCTTGTGAGCAACCGACCTAGCCGGTCTATTGACCGGCTTGCTATGGATACGGGACCCGGATCTTGGCAAAACCGTTGTTGGCAGCGCAACGGTTGGTACTATTAGTCTGCAACGAACAAAACAAAATCCATAAAACATCATGGTCATCCCTCAACATCCGGGATGCCGGAACGAACTGCTCACTCGTTCCAGACGAGTTATACCATCTTTTGAAGGTATAACTCGACGTAATCCACGAAAGAATGTGGAGTATCACGAATGGCACAACCAACATTGCACTTAGTTGGAACGCCAAACGTGGTAGCAAAGGAGTTGAGAGCACTCCTCATATAACAAGGGCAACACAGATCATTTATGGTCTGAGGTGAGCAGCGCCACCTCCCTTAATAATGTGAAATTAAA,"[('31', '38', '-6.47', 'AAAAAAAA'), ('13', '19', '-5.14', 'BBBBBBB'), (-32, -17, '-2.65', 'CCCCCCC...CCCCCC')]","[('372', '380', '-6.47', 'aa.aaaaaa'), ('327', '334', '-5.14', 'bb.bbbbb'), ('350', '364', '-2.65', 'cccccc.c.cccccc')]"
NC_001564.2,ISFV,cISFVG,CFAV,103,10026,553,ACTTCGGCTTAGCTACACCACAGTTTTGGTTACGCTTATATTTTCAAAGCTTAAGTTGTTTTTAATTTTTGCCGAGAGACCGTGAGGTTGAACCCGGCAAGGAATGAAGAGGAAGGATTTGGAGGCGCGAGGAAAAGCGCCAGGGAGGGATTTTTCCACCCCGTTCTGGGGAAGAGAAGGTAGGAGAAAGGACAAGGAAAAGGGAGGGGAGTCTCCCTCAAATCGGCAAGTGACCCTGAATACACCCATCCAGAGTGGGCGTAGGGCAGGGAAAAGACAGCGTGTTGGCCTGCTAGGAAGGCT,TCCCCTACCTGCACAAGAAACAGGACATAACCTGCGGAAGCCTGATAGGGGTCAAGGAGCGCGCAACGTGGGCACGAGAGATTGAAAATAGTGTCATCAGCGTCCGGAGGATAATCGACGCAGAAACTGGGGTCCTGAACACCTACAAGGACGAGCTCTCAGTTATGAGTCGATATCGAAGAGGAAATGATGTCATTTAGACGAAATCGAATAGAGCCGTGAGGAACCAGCATCCTCCCGGCCACAGGAGCAGGGCATGAAAATGTCGGGCATGACGAACCCGCTCCCCCGAGTCCCCTGGCAACAGGGTGTGTTCCCTTATGGAGCACGTTCGAGCAGGGCACATTAGTGTCGGGCGTGACGCACCCGCTCCCCTCAGTCCCCTGTGCAACAGGGAGGGCACTTGTAACCCCCGTAGGAGGGTGCCCGCTTCCGTCCTACAAAAACCTCTGATCATAGGTACCTGATCTAAGATGGTGGTGGCGGCCCATCTTATCATTTAGCTAGCTGATGGTCTTAAGCATCCCTCCCATGGAATGGGTAAGAGAAGCCTGCAAACAAAACTGGATGGCACCAGTGCTCTTACAAAATGGCAGCCAAAGCGATCCAGAGCTTTCAAAACTGGACGGGGCAACAGGGAGAAATCCCGGGGTAGCGAACCTCCTCCGTTAATGTGAAAAAGTATGGGGAAAGAACTCATCTTAACCTCCCACCGTTAGGGAGTTTTGATTATCTTTTCTATACCATAGATGC,"[('39', '44', '-8.72', 'AAAAAA'), ('55', '62', '-6.61', 'BBBBBBBB'), ('7', '11', '-3.5', 'CCCCC')]","[('460', '465', '-8.72', 'aaaaaa'), ('424', '431', '-6.61', 'bbbbbbbb'), ('413', '417', '-3.5', 'ccccc')]"
NC_030290.1,ISFV,cISFVG,CFV,91,10191,582,TTTTAAAAGACTAACCCGTGGTTTCAACCAATTTGTGGAAATCTTTAGTAAGCAATTACACGGAAAAGTCTGTGATAAAGGGATCACCGAAATGAAAAAGGTGACTCAAAGTAAGAAGGGAAATACCCTGGGAGGAGGAGGAAAACGCGGTACCCAAATGATGGGGCCGCAAACAAAACAAAACGGAAACAAGAATGAACGGCGGCCAAGCCGTTCCATTTTAAAAATGGACATCGGAAAGGCGCTGGAACTGGCTTTGGCCATGCTCATTAGCATGGTTAGAGGCTTAAT,TTCCGTATCTGCACAAAAAACAAGACATATTATGTGGAAGCCAGATTGGAACACACGCAAGATCTGTTTGGGCTCGAGATCTTGAATCCCACATTGAAAAAATTAGAAAAACAGTGGTGTTAGAAAATGGGCATCAGGAATTTCCCGATGCTCTGAACATATTCACCAGATACGCAAAACCAGAGTTGTCTCTCTTCTAGAGAGAAAGCTCACAAACAAGACGAAACGCCAAAAACCCGGTAGTTCAGAAAACTCATGAGAGGTAATGGACAACTGGGAGCTGCCAGCTGAGTGGTCGGGAAAAATCAAAGATGTAACCGAAGATTCTGAAAACTTGAAGAGGTAAAGACTCGTACAGCTAAGGTGGTAGCTTTTTAAGGCACAAACCAAAAATTGACATGGAAGCAGACTATTTGGAAAACTCATAGAGGTAACAAATAGAGAAGCAACGAAGCGAAAGTGACAACCAGAAAACTCGTAGAGGTAACGGTAGTAAACTTTTAGCTGATTAAAAGAAGAAAGAGAGGTAGGGGAATGGGAACCCCATCCAACGAAAGTCACCGGTTAATCCACCCACCGACAAGCATTTGCTGTCGTGACAAAGTCAGACCGAAAAGCCACCCGATAGTTGTAAAGGGTGCTGTCTGTTAACAACTAGAATAGTCAACACAATGACGAAAGAGGTAGGGGAATGGGAACCCCACCCAACGAAAGTCACCGGTTAATCCACCCCCTGAGAGGTCAGATTGGCGCTCAGGCAGGAGGCACGGGCTCCGACCTCC,"[('8', '13', '-4.51', 'AAAAAA')]","[('514', '519', '-4.51', 'aaaaaa')]"
NC_040682.1,ISFV,cISFVG,CTFV,343,9825,112,ATATAAATCCCAGTTTGGTTAAACCTATTTCAAGGCTTAAGTTGTTTATTATTTTATCGCCGCTCGTGACTATAAAGTTGCCTAGCGGAGAGAGATAAAGAAGAAGGAGTTCAAGGCTCAGGGCAGGGCGCAAGTTCCCTGGTCCCTAGGCCGCTCGCAGGAAGGAGGAGTGAAGAAGAAGAAAGAGAAGGAGAGGACCACCGCCGAAAGAAGGCAGGTGCCTCACAAGAGGGCCAACCAGCGTGTTGGACCAGTGGCCAACGCCGGACGGCGTGGTGGCCTGCTGGGACGCCTGGGGATTGGATGGAGTGCCTTCCTACAGGAAGACATCGTTCAAGCCATCATGCATCTCGTTCTGGTCTTACACGCTTTGTTCGCCTCATTTGATCGCCGGATTCGAACGTTGGCGCGACGGGTTTCTGCATTGGAAGTTCGCCGCTCAGCCAACAACCCACTTTACATGACCATCGTTCTCTCGTTCCTCATGGTGTTGTGCGGAAGTGTCATCATTGACATGCAAGTGTCAACTGCCAAAGGAATTCA,CGTATTTGCCTAAATCAAAAGACATCGCTTGTGGAAGCCTAATCGGTGAGAAGGATCGCGCTGCCTGGTCAAAGAACTTGGTGTCGACGATAGACACAACCCGCAAGATCATTGAGCAGGAAAGTGGAGCCCAAAAGTTTACTGATGGGTTAAAGATCCTGGGTAGATATCGGGTCACCAAGGACCCCATCTTCGGTTAGGCGGAAAAAGCCGAAGGAAAAACAACAAAAGTTTAGCACCTAACAAATAGATAGAGAAAGGAAGGAAAGTAGAAGAATAATTTGGGTGTTGTCATCCACTCAGCACGTTGGT,"[('24', '40', '-10.91', 'AAAAA.AAAAAAA.AAA'), ('9', '16', '-3.3', 'BBBBBBBB'), (-21, -17, '-0.74', 'CCCCC')]","[('-6', '11', '-10.91', 'aaa.aaaaaaa.aaaaa'), ('-24', '-16', '-3.3', 'bbb.bbbbb'), ('-11', '-7', '-0.74', 'ccccc')]"
NC_040645.1,ISFV,cISFVG,CxFLV,146,10020,443,CGCTGTTTTCGAATCAGTTTATCGAAGGCGTTCTATAGCGCAAGCTCGAGATAAAAGCGACATCATGACAAAAGATGGAGCAAACAAAAAGGCCATGAGCCTGGGAGGAGGAGGAAAGAAAGGCACTGCCATGTATTCCCTAGCGNATGATCGCTACTTTCCACATGTGGCCAAGAACATCACGCGAATTAGGATTGGTGACGTCGANNCNCANCTNTNNNNTGTTGCGTCGTATGCGAGGCATNGAGAAACGTGTCAGNCNCCTNGAGGCTCGAAGAAAGACACGTGGAGGAGTAGGCGGAATGGCCGTGATGACATTGTTTATCGCGACCGTCACTGCTTTCAC,TTCCGTATCTGCACAAAAAACAGGACATTAAATGTGGAAGTTTAATTGGGACCGCTGAACGAGTCTCGTGGGCTAAGAACCTACCGGAAACAGTAAGACGGACGCGTAAAGTGCTGGAATTCGAAAATGGACCCCAAGAATTCCCAGACGCGTTGAACATACTTCAACGGTATCAGCCAGAGCTCCTCGGACTGTTCTAAGGGTTTGAACAAAGCATGAACAAGATCAGCTACAGAAACTGACAACACCTGACCAAGGCACGGAACAACACTGAAGAANAACAGTAAATTGACAACGGTAGGGGAATGGGAACCCCATCCGGCGCAAGCTAACGGACATTTTATTAACCACCCCCCTCTTGTAGGGCACGCCAANGTAANANTTGGACTCTGAANAAAACAGAAGGTAAAATTGANGNCTAGTNANTGAGACNNACTAGTCNTNNTCANGTCTCCCCGGAAGGGTAAAACGCTTGGAGGTGNAAANCCNCCNCTGAAGAANAACAGTAAATTGACAANGGTAGGGGAATGGGAACCCCATCCAGCGCAAGCTAACGGTTATCCACCCTCCCAAGAACAGTACAAATTTTTCTTGGGATTGAAAACCAAGACGGTGAAAGGCCGTCCACGACAGGCGATATCCT,"[(-31, -18, '-14.99', 'AAAAAAA.A..AAA'), ('3', '7', '-6.22', 'BBBBB'), (-7, -3, '-2.21', 'CCCCC')]","[('340', '351', '-14.99', 'aaa.aaaaaaaa'), ('309', '313', '-6.22', 'bbbbb'), ('298', '302', '-2.21', 'ccccc')]"
NC_008604.2,ISFV,cISFVG,CxFV,91,10092,654,AGTTTTTAAAAACTTCGGCTTGGTTACACCGCAGATTGGTTACACCTACACAAGGCTTGAGTTGTTTATAATAGTCGTTTTTCTCGCAGAAATGGGAAAGGACGACGGTAAGAAGAAGAAGGGGCCGGGCTCCTCCGGATGGTTGTTACCACCGGGGCGCGCTGGCTTAGGAAGGAAGGAGGAGAAAAAGAAGAAGGAGAAGAGGGGTGTGCGGAGCACATCTCAGCCGGTCTCCGGCGGTGCGCAGCACCGCCGCGGAGGCGGAACAGGTCCTAGGGCCGGAGGTCTACT,CATACCTCCCGAAGACGAAGGACATAAATTGTGGAAGTTTGATTGGTGAGCGGGACAGGGCAGCGTGGTCGAAGAATATCGTGGCCACAGTTAGCACAACTCGACGAATCATCGAGCAAGAAGCTGGAAGTCAGAAGTTCACGGAAGGGTTGCGGATACTTGGGCGATACCGAGCTCCAACCGACGACGTGTTCTGGTGAGAATCACGCGAATCGTAGAGAACCACATCTCTAGAAAAGGTTAACGTTGCGAAGCAACGGGAACCCCGTAAGGAAGGACAAGGCTGTCCTTGAGTACTAACGACACTCCGGCCCCAGTTCCCAGAGCCAGGGTTTTAGCTCCACGGTGCTGGAAGTCACCCTCGCAGCCATGGCTGCACGACGCGCGCAAGGAAGGACATGGCTGTCCTTGGGTACGAACGACACCCCGCCCCCAGTTCTCAAGGTTAGAGTTATAACCTCAGGGTGTTGGAAGACATCCAGGCCATAGTAGGGCCATCGCAAGGGAGGATTTTCCTCGGGTACTGACCATACCCCGACCCCAGTCCGATAGGTCATGGAATGACCCCATGGTGCTGAGAGGGCATCCAAACAAGCTGAGCATCTTGGATTCTGCTCCCGTAAGGAAAGCGCAAGCTTTGAGCATTGACAACGCTCCGGCCCCAGTCCCCCAGGTTATGGGAGAATAACCCCGACGTGCTGGAAGGGCACGAATCACCGCAAGGTGAGGGCGCACAGGATAGAATCCAGGTGACTGACGCCACCTCCCGAAATGTGTATAGTAACAGAGCATGCCTGCAGCAGCAGGTCTCCACCGTTAGGAGACTTGTTGCGGGCAAGCTCTTGTTCACGTCT,"[('1', '12', '-4.15', 'AAAAA..AA.AA'), (-27, -12, '-4.43', 'BBBBB....BBBBBBB'), ('63', '67', '-2.58', 'CCCCC')]","[('558', '569', '-4.15', 'aaaa...aaaaa'), ('528', '543', '-4.43', 'bbbbb.bb...bbbbb'), ('592', '596', '-2.58', 'ccccc')]"
NC_035118.1,ISFV,cISFVG,KRBV,115,10029,502,ATGTTTTTAAAAAACCTGCCTGTGTTTTCTTGGTTATTTTACCTGTTTTCACTCACTTGGTTGGTTTGTTTGAAATCCATTTCTTTTAACTATCGACTTTACGTTACGTTTGACTATGCAGGTCAAGAAAATAAAGATGCGTGGTGGAGGAGGTGGAAAGCTCGGCATTAAAGGGATAAAAACATCTTCCCTGCGTCGGGCACTCAATATGGTCTCTGGAGATTTGAATGAGACCTTGCTGAAACTGGTCATCGCTATGATCGCCATTTGGAATGAGTTACTACGTAACTTGCGATCATTGGGGCGTAGGGTTCG,CTAAGAAACAGGACATTGCATGTGGCAGTCGGATTGGAACTACTGACCGCACACTATGGGCGAAGGAAATGCCGGAGCTTGTCTCCAAATTACGACGTGTCTTGGACAAACACGAAGGACCACAACAATATACTGATGGTTTGGCTATTTTGGGCCGATACCAACAGTCCCCCGGAAACACGGCTGACATCTACGTGTAAAGTGGTCTTAGGGCAGCACATTAGTATAGCTGGGAAAGTAGGGTTACAATGCTTTCTTGTATGCAACTGATGAGGTGAGTTGCGACACCTCCCTGTGAGCAACCTGTTCAAACTTTTGAAGAAGTTTGACCAAACCCGGAAATTGACAAAGTCGTTGAAGTACAGCACAACGATTCACTTAAAAGGCTGTACATAGAGCAAAATCCATAACAACATCATGGTCATTCTCTTACCATCAGGAGAGTGGATGAAATGAGCTGCTCACTCATTTCACAATGGCATTTTAGAAATAATTTGACCATTCATATTTTACCATTATCAAAATGGACTCCATTGCTTGCACAACCAATCCTAAACTGGATGGAACGCGAGTAATGGTGGCAAAGGAGTTGGGAGCACTCCTCATATGACAAGGGCAACACAGGCTATTTATTGCCTGAGGTGAGCAGCGCCACCTCCCTTAACAATGTGAAAATAAAAGCAAAGATTGAGTCACGAGAGA,"[('31', '39', '-7.61', 'AAAAAA.AA'), (-40, -22, '-6.84', 'BBB..BBBBBBB..BBBBB'), ('44', '48', '-3.07', 'CCCCC')]","[('397', '404', '-7.61', 'aaaaaaaa'), ('377', '395', '-6.84', 'bbbbb.bbbbbbb...bbb'), ('369', '373', '-3.07', 'ccccc')]"
NC_005064.1,ISFV,cISFVG,KRV,96,10074,1205,AGTTTTTGAAAACTTCTGTGAATGTTTATATCCTTAGTCGGATCGAGCTAAATTTTAAATCAAAGGAGTTGTTCGGAAAAGTGACCTTGGTTCGTTATGAATAGAGGAAGCTTGAAGAAGGGGCCTCCGGGCCCAACATCCAACCGTCCGTCGGTTGGACCGCCCGACTCGGCGGGAAAACGAGTCAAACAAGTGGCCCCACCACCAACTAGGGGTCACATGGAGAGAGGACTCTCTCTCTTAACCAAGAACGACAATGTGTCGCGACAGGCAAAACGGCAACGAAACCCTCGGCA,TCCCCTATCTTCATAAAAAACAAGACATTGAATGTGGCAGTCTTATTGGTTCCAAGGAAAGAGCCACCTGGGCTCGCGACATGGAGAACAGCGTTCTGAGTGTCCGCAAGATCCTGGACTCCGAAACAGGAACCAATAATTCGTACAAGGATGAGCTCTCGGTGATGAGTCGTTTCCGGAAGGGGAATGACGTCATTTGAGACAAAGGTCCTTGAGTCCAAGTTCCTATCCAAGAAGGAACACCCTCCCCCTAACCCCCCCCTCCAAAAGTCCCCATCCCTTCCCCCTCTCCTTTCTGGAGTTTGCATCTGTCTCTATCCCAAGCCCTCAGTGGTTTAAGACAGGGGGTATTTGGAACTGATTTCCATAACCCCTCATGCGCGACTTTTAGAGCAGGGCACGAAAGTGTCGGGCATGACGCACCCGCTCCCCCGAGTCCCCTGAAAATAGGGTGGGCAATGCACTCCTGAGTAGGACGGGAGCCCAGAATCCTACAAAACCCTCGCCATGGGAACTGGCATGACACAGGAGTGGTGACCTGTCTCATACATGACACCTTGAAACCCCACCCGTGACAGCATGGGCTGGCCTCTAACCCTCTGGGTAATGCTCGTACATGGCAGCAATCCTGGTTCTCGCAACTCCAGTCGAATCTTCGAGTACACGGGAACAAGGATCAGCAATGTTTTTACGACATCACCAAGACGGGTGGAATGTCCAACCCCCCGGTAGCATCCGTGCCAAAATGGTGGCTCTCGCAACTCCGGTGGAATCTTCGATCCCATCGGAGTGAGAGTCAGTAATTTTTCGCGGTGCCTCCCGGACCGTGGAATGCCGGCCCGGACGTCTAGGTAGGAACGTAGGCGTTTCGGATTGTGGTTGACCGCTGGGTGGTGCTCATATTTGAAGCATCTCTCAGAGTCTCTTACCACAACCTGAAATGTCTGAGATAGAAGTGGCGGCCTATCTCATTGAAAACGCCATTTGAGCAGGGCACGAAAGTGTCGGGCCTGACGCACCCGCTCCCCCGAGTCCCCTGGAAACAGGGTGGGCCTCGAAAAATCCACCGTAGGAAGGAGCCCAATCCTACAAGAACCCTCTGGTCATAGGCACCTGACCTGGGATAAGAGTGGCGCCTTATCTCATATTTAGCTAGCTGGTGGACTCAAGCACCCCCCCCCATGGAATGGGGTAAGAGAGGCCTGTAAACATCGCTGGATGGCTCCAGCACTCTTATAAATTGGCCGCCAAGCGATCCGGAGCTTTCAAAACCGGACGGAGCAACAGGGAATTTCCCGGGGACGCGTACCCCCTCCGTAATGTGAAAAAGTATGGGGAAAAGAACCCAGCTAAATCTCCCACCGATAGGGAGTTTGGACTATCTTTTCTATACCATAAATGCGCT,"[('47', '53', '-7.56', 'AAAAAAA'), ('22', '26', '-6.26', 'BBBBB'), (-29, -15, '-1.87', 'CCCCCC.......CC')]","[('1073', '1079', '-7.56', 'aaaaaaa'), ('1110', '1114', '-6.26', 'bbbbb'), ('1071', '1085', '-1.87', 'cc.......cccccc')]"
NC_027819.1,ISFV,cISFVG,MECDV,88,10212,638,AGTTTTAAAAAGCTGACCCGTGGTTCATAACCAATTTGTTATAACCTTTAGACGTTTGTCACGGAATAGCTTGAGAAGAAGCTTACTTATGTCAAGTAAGGAAGCACTGAAGAAGAAGGGAATTTCCCTGGGAGGAGGAGGAAAACGGGGCTTTGAGATGAAAAAGGCCCCACAACATAACAACAGTAATAGACAACTTCGGCGGTCACTGTTCAGGATGGATGTCGGACGAGCCCTTGAGCTAATGTTGGCATCAATTGTCAACGCGATCAGGGGTCTCATTCAGCG,CGTACCTGCACAAGAAACAGGACATAGCTTGTGGAAGCCAGATCGGGTCTCATGCACGCTCTGTCTGGTCTCGGGACATGGAGTCGCATGTTGAAAGGGTTAGAAAAACGGTGGTGCTAGAGAAGGGACACCAGGAGTTTCCGAACGCTCTTGGAATGTTCGCGCGATACGCAAAGCCGGAAGTGTCATTGTTCAGATGAGCACCACAAGGTGTTTATTTGAACGCAAGTAACAAATGTCTGAAAACTCATAGAGGTAAGGACATCCAAGTAGCTATAGTTGGAAAATTCATAGAAGTAACAACTGTGGCTTGCTCAGAAAACTCGTAGAGGTAATGGGCAATAAAAATCGCATAACAGATGCCTGAAAACTCACAGAGGTAAGGACATCCAAACAGCCATGGTTGGAAAATTCATAGAAGTAACGACCATGGCCTGCTCAGAAAACTCGCAGAGGTAATGGGCTTCTAAAAACCGTAAAATACGAACAAAGTCAGACCGAAAAGCCACTCAATGGTTGTAAAGAGTGCTGTCTGTGACAACCCAAATAGTCGATGGAAAGACGAAAGAGGTAGGGGAATGGGAACCCCATCCAACGAAAGTTACCGGTTTATCCACCCCCTGGAATGTCGATATATTCCAGGTAGGAGGCACGGGCTCCGTCCTCCGAACCCGAAAGGGCAAAAACCAAGATGGTGAAAGGCCATCCACGCAGGGCAACAGGAAGAAATTCCGGGTGATTAGCCACACCCCCCGAAACGTGATTTATATGATGACAAGAATCAGATGGAAGATCCCCACCGTTAGGGGATCCATCCAGCATTCTTGGAATCATGGCT,"[('57', '61', '-7.58', 'AAAAA'), (-35, -26, '-3.95', 'BB..BBBBBB'), ('37', '47', '-3.81', 'CCCCCC..CCC')]","[('551', '555', '-7.58', 'aaaaa'), ('559', '568', '-3.95', 'bbbbbb..bb'), ('506', '516', '-3.81', 'ccc.c.ccccc')]"
NC_034204.1,ISFV,cISFVG,MFV,103,10251,543,AACACCGGCTTTAACCAAGTCACGGATTGAAGTGGTTATTTCAAAAAGTTAGTGTTGTTAAAAATTTTCTTTAGCGACAGAAGGAACCCAAAAAGGGAACCAGATGGAGCAAAACGGAAAGTTTTCCCGACCGGGAGGTGGTCGGGCCCGGCCCAGAGAGGGGCTGGGGAAGAAGCGAACAGGAAGTGTTGTGGGGAAATCATCAACCCGCAGCACTACCAAAAATGTGGCGGCGCAGAAGCCCTTGTCAAGGGCTAGCCTCCCCGCCACATCTATGCAGACAAAGGCACAACGGAATATCGG,TGCCATACCTGCACAAGAAGCAAGATATCGAGTGTGGGAGTCAAATCGGGGAAAAAAGCAGGGCCACCTGGTCAAAAGACTTGTTAGAGACTGTCAAAACTGTCCGCAGGATCCTTGACGCCGAGACGCGCTGTAGGAACACATATGCGGATGGTCTGGAGGTCATTGGACGCTTCCAAGCCGTGAGTGACGTCTTCTAAAAACAAAAAGTCAACACTTTTTCGAGGTGGTTGGGGGCAGCCGGGAGTCAAACTCCCGGGGCCTGGCGACCCCCCCCTTCCGCCTCCAAAAATTAAGGCAGCCCCGAGGGAGCTCTCCTCGGTGTGAACACAAAAGAGCAAAGGACCTGCCCATCCTTAAGTGGGCAATTAGGATAGCCCCGATCTTCGGACCGGGAAAACGTATTCACGAACGTATCCTTAGCGAGTGGGGGTTTAGGTGGATTTCCCCCCAAGAGGACAGAACCCATCCTGTTGGTACCTGGCGAGACCAACAGAAAACTAGCCCGTGATCCAACACGAAAAACATGGACGAGGAACCCCACGGAAAGAAGGTTTTGGCGAAACCACTCGAAGGGAAGCTAGTTGTGAGGAACTATAAACCTCCAGAGCAAACAAGGGATTTATCCTTAAGGTGATTTGACGACCACCCTCTGAAATGTTAATAAAACTGTGCGGAAAAATCCAAAGACTGTCCCCACCGATAGGGGACTTTGGGAAAGTTTTTCAACACACGTAGCGTCT,"[('30', '40', '-10.24', 'AAAAAAAAAAA'), (-39, -24, '-4.07', 'BBBBBB...BB.BBBB'), ('1', '5', '-5.35', 'CCCCC')]","[('443', '454', '-10.24', 'aaaaaa.aaaaa'), ('470', '481', '-4.07', 'bbbbbbbbbbbb'), ('403', '407', '-5.35', 'ccccc')]"
NC_021069.1,ISFV,cISFVG,MSFV,111,10080,674,TAGTTTTTAAAAACTTCAGCTTGGTTAAGTCACTGGTTGATTAAGCCTGTATTACAGCTAAAGTTGTTTATAATTTCGCTACCTTATTACCTCTGGTACTAAAGTGGCACTATGAAGAAGAAGGAGTCGGGAGTAGTGGAGAGAGGACGCGGTACGCGCCCTCCGACCAACCGTGGAGGAAAAGTTCCTCCGAAGAAGGAAAGAGATCGAGGAGGCCAAGTGGTTTCACGCTCTGGGAATCCAAGTTCCACCGGGCTTAACCGTGGCAATCAGGCCAGAGGATCTGGCGGACGTAAGGGACTGCTAGGGAA,CGTATCTTCCCAAGTCAAAAGACATCGCTTGCGGTAGCCTCATTGGCGAGCGCGATAGAGCCTCATGGTCTAAGAATATCGTGGCTACGGTGGAAACCGCTCGGAGGATTATTGAACAGGAGAACGGCAGCCAAAAGTTTCCGGATGGATTGCAGATCCTAGGGAGATACAAGACCCACCGAGATCCCGTGTTTGGGTAACCTAGCAGCCGAACAGAGCTAGGTAGGAGGTAGAGCCGATAACTCTACCACTTCAGCGCAAGGAAGGAAAGCTGGACGCTACCTTAGGTGGTGACGACACCTCGCCCCCAGTCTCCCAGGTTGGGGATCGTACAACTTCGTTGGGCTATTGCCCCCGCAAGGAGGGACGTGTGCATCACGTTTCTGGGAGTTAACGGCTCTCCGGCCCCAGTTCCTAGGTCCAGGTAGGATCCCGTGGCGCTGTGAGGGCGCTAAACAAGCTTGGTATCTTGGCAACTACCACTGGAAGTTCTCCAGCCCGCGCAAGGAAGGATGCGATGAAAACGCTTGTCCTTGGGAGTTGACGACTCTCCGCCCCCAGTCCCCAGGTCAGGGTATGACCCCGTGGTGTTGAAAGGACACTAAACAAGCTTGGCATCTTGGCAACTGCCACCGCAAGGGAGAGGGATTCCCTCTCGGGTGTGGACGACACCCCGGCCCCAGTCCCCTAGGTCATGGGAAAAACTGACCCCGAAGTGCTGCAAGGGCACTAATCACCGTAAGGTGAGGGCGCACAGGATCGAATATCCGGGTGAGTGACGCCACCCCCCGAAATGTGTATTGTGACAGGCTTGCTCGCAGCAGCAAATCTCCACCGTTAGGAGATTTGTTGTGAGCATTGCTTGTCTACGTCT,"[('44', '56', '-12.42', 'AAAAAAAA..AAA'), ('15', '31', '-8.76', 'BBBBB.B..BBBB...B'), (-36, -28, '-7.06', 'CCCCCCCCC')]","[('543', '553', '-12.42', 'aaaaaaaaaaa'), ('580', '592', '-8.76', 'b.bbbb.bbbbbb'), ('570', '579', '-7.06', 'cccc.ccccc')]"
NC_024299.2,ISFV,cISFVG,NIEV,98,10071,709,GAGTTTTTAAAAACCTACGCTAGTGTTAGACTATCGGTTAGTTTAGCTGTTATAGAAGCTTTGGTTGTTTGAAAAACTTTTGCGACGTTGTTGAGAAGATGGAGCGAAAGAAAGGAGTAAATTATGGGAGAAGGGAAGCTATCCCGCCCCCTCCCATTAAGGAGAAAAAGGATAGAAAGAAGAAAAGAGATGACGTGAAGAAAGGTCTCGTATTGCGCGGGACCAAGCCCATTCGGCGTAAGTTTGGTCTAGGGACCAAAACCGAGTGGGAGAACTGGATTGGACTACTTAGATCGGA,CATATTTACCGAAGACGACTGATATAAAGTGTGGTAGCTTGATAGGTGAGAAAGACCGGGCGGCGTGGTCGAGGGAATTGCCCAACACAGTGGAGAGAGCCCGCCAGATTATAGAGAACGAACAAGGACCACAGAAATTCATGGAAGGACTTGATATCCTGGGAAGATACCGACAACCCATACCCAGGATGTTCGACTAGAGGAGCACATCAACCTCTAAAGAATACATAACAAAGTAAAAACAGGGCAACAGGGATCGCCAACATCAGATCCCGGGTGAGTGACGACACCCCCCATGTGAATCGTCAACTTAGGAACACATTCAAATAGAGGAGCACATCAACCTCTAGAGGATGGATAGGAAACTTGGAGAGGAAAAACAGGGCAACAGGGATCACCAACATCAGATCCCGGGTGAGTGACGACACCCCCCATGTGAATCGTCGATACAAAAACACGATAGGGCAGCAGGGCAGTAGGGCCCAGGTGAGTGACGCCACCTCCCGCATAAGTGAGTGCAAACCGAAAACGATAGGGCAGCAGAGGAGAGACCTCAGGTGAGTGACGCCACCTCCCGCAAAAGCCAGTGCAACACCGCAAGGAAGAGAAATCTTGGGTGGTAACAACACCCCGGCCCCAGTTCTCGCGTGCCACGAGTCATTGGCACAAACCGCAAGGAAGGAGCAATCCTTGGGTATTAACGACACCCCGGCCCCAGTTCCCGAAGTCAAGGGGACCCTTGACCCAAAGTGTTGCAAGGACACTATCACCGCAAGGTGAGGGCGCACAGGACGAAAGTCCAGGGTGAGTGACGACACCCCCCGAAATGTGTATATAGCCCATGTTGAGTCTATACAACAGGCTTCCACCGGTAGGAAGCGTTGTTGTGATGACACATGAGCAACGTCT,"[('46', '50', '-7.77', 'AAAAA'), ('15', '29', '-7.26', 'BBB.BBB...BBBBB'), (-35, -31, '-2.76', 'CCCCC')]","[('581', '585', '-7.77', 'aaaaa'), ('639', '652', '-7.26', 'bbbbb.bbb..bbb'), ('655', '659', '-2.76', 'ccccc')]"
NC_034242.1,ISFV,cISFVG,OCFVPT,64,10158,148,GTCTGATTATAACGGAATAGCTGTTTGAAAGGTGAAAATCTTTTTTCCTGTCGTTTGTATCAAAATGCACAGGTGGAGAGACCTTCTTCCCGACAAGGGGAAGAAAAATCGTAGTCCTGCAGTGAGGCGGCAGGGCGGGATCACGAAAGGGGTTGATCGGAAGATCATCCCTCCTTCGGGATCAAAAGAAAGAAAAACCGGAACAGAGAGGAAAGTGAAGAAAGGTGTGGCTAGAATGAAGCCCAATTGGCTGTCATTTGGGAC,CTATTGACATCAAGTGTGGAAGCCAAATAGGAAGTAAGGATCGAGCTACTTGGTCACGTGAATTGCCTTCAACTGTCATGGCAATTAGGAAGATTCTAGACCACGAGACCAGGATGGAAAATGTCTACAAAGATTTTTTGAGTGGTATGGGGCGGTTCAGGGAGGACAATGATCCAATGGCGGCCGGAGTTCGGTTTTAATACTTGACTAGTAAAAATTTTTACGCTTTTGACGACGATTTTTAAATACTTTGACCCATTGCAGCAGAGATTTATCTCGGGGGAGTTACGCCCCTCCATTGCCAGTAGAGTTTGCATGTCTCTATAAACATGACGTTCTGACTGACTA,"[('29', '47', '-9.03', 'AAAAA.....AAAAAAAAA'), ('52', '62', '-7.91', 'BBBBBBBB.BB'), ('21', '26', '-6.81', 'CCCCCC')]","[('35', '53', '-9.03', 'aaaaaaaaa.....aaaaa'), ('55', '64', '-7.91', 'bbbbbbbbbb'), ('80', '85', '-6.81', 'cccccc')]"
NC_027817.1,ISFV,cISFVG,PaRV,109,10155,629,AGTTTTTAAAAGTTAACCCGTGGTTTTACCCTAGTTTCGGTGAATTTGCCAATTTTACGGAATAACTGTTTGAAAGGTTCAAACTCTGGTGTCCAACGTTTGTATTAAAATGAGTGGATTAGGAGGCCTTCTTCCCCTCCGAGGGAAGAAAAAGAAAGCCCCTGTGATACAATCACAGGGCAGGGTCTTGCCGAAGAGCGACTGGAAGGGAGCTCCGAAACAGGATCTAAATAAAAAGAAAGCGAAAAAGGACGAGACGAAAGGCCAGAATTGGCCAAGAAGAATTAACCCCCGGACTGGACAATGGTC,ACCTCCCGAAATCCATGGACCTAAAGTGCGGCAGTCTCATTGGAACAAAAGAAAGAGCCGCTTGGTCAAAGGATCTGCCGTCAACGGTCACGGCAGTTCGGAAAATTATCGACCAAGACACGAAAACCGAGAATGTCTACCAAGACTTTCTTGGCGGAATGGGCCGGTTCCAAACGTACACTGACCCCATGGCAACGTAAGAAACCATCTTTTCCAAATTAGTCGAAAAATTTTGCCCCTCTTCGAGGGGCTTTGGCGGCAGCAGGAGATTTTCTCCGGGGTTTCACGCTCCCCCCGATGCCAGTGGTCACAGCCCAAGTCAGAGACTTGGAGTTGTGGCGGGACAGTGAGCTCTGTCAGTGGTCAATAGCTCAATAAATATGGCAGCAGAGCTTGTCTCGGGGATTCACGCTCCCCCCATTGTGAGTGTGTCGAACTGGTTTCGAAGGACGTCTAGAACGACGCTAAAGTTCAAATCCGGCAACAGAGAGTTTATGTCTCGGGGCCTCACGCACCCCCCGTTGTGAGTGAAGTCCTTTCTGGCCATTTAGTGGTCAGGAAGGGTACCGTTTTGGAACGACGGAAATAAGTTCCATGGAGCGACACTAGCCCCACTGAGGGGCGGTTGGAATGACACCCAACCCGCTATAGTGCGTCGACAGGTCAATTAGCTACCTGGAATAAGCTAATGTGCAGGGCAACAAAGTTCTAACGAACTAGGGTGAGTAGCGTCACCCCCCGGTTGTGAAAACGATTGCGACTAGAACTAAAGTCGAGAGTCTCCCCACCGATAGGGGAGCTCGTCAGTTTGTTTTAGTCCAATTACGCT,"[('48', '55', '-5.52', 'AA.AAAAA'), (-34, -30, '-4.61', 'BBBBB'), ('63', '67', '-2.73', 'CCCCC')]","[('493', '499', '-5.52', 'aaaaaaa'), ('564', '568', '-4.61', 'bbbbb'), ('544', '548', '-2.73', 'ccccc')]"
NC_012671.1,ISFV,cISFVG,QBV,112,10080,673,TAGTTTTTAAAAACTTCAGCTTGGTTAAGTCACTGGTTGATTAAGCCTATCTATTACAGCTAAAGTTGTTTATAATTTGCTACTTTATTACCTCTGGTACTAACGTGGCGCTATGAAGAAGAAGGAGTCTGGAGTGGTGGAGAGAGGACGTGGAACGCGTCCTCCTGCCAATCGTGGAGGAGGAGCTCCTCCGAAGAAGGAGAGAGATCGAGGAGGCCAAAAGGTCTCGCTCCCTGGGACTTCAAGCTCCATCGGATCGGACCGTGGCAAACGGGTCAAGGGACTCGGCGGACGAAAGGGACTGCTCGGCAA,CGTATTTACCTAAGTCAAAGGACATAGCGTGCGGCAGTTTGATTGGCGAACGTGACAGAGCTTCGTGGTCCAAGAACATCGTGGCCACTGTTGAGACAGCCCGGAAGATCATCGAACAGGAGAATGGAAGCCAGAAATTTCCCGATGGACTCCAAATCCTGGGGAGATACAAAGTTCACCAGGATCCCGTGTTCGGGTAACCTAGCCATCGAAGGATGCTAGGTAGGAGGTAGAGCCGAAAACTCTACCATTTCAGCGCAAGGAAGGGAAGCTTGAGGCTACCTTAGGTGGTGACGACACCTCGCCCCCAGTCTCCCGGGTTGGGGATAATACAACCTCGTTGGGCTACTGCCCCCGCAAGGAGGGGTGTGTGTTTCACGCCCCTGGGAGTTAACGATTCTCCGGCCCCAGTTCCTAGGTCCAGGGAGGGCCCCGTGGCGCTGAAAGGGCGCTGAACAAGCTTGGTATCTTGGCAACTACCACTGGATGGTTTCCAGCCCGCGCAAGGAAGGACACGTAAATCACGTGTTCTTGGGAGTTGACGACTCTCCGCCCCCAGTCCCCAGGTCAGGGTATGACTCCGTGGTGTTGAAAGGACACTAAACAAGCTTGGCATCTTGGCAACTGCCACCGCAAGGGAGAGGGATCCCCTCTCGGGTTTGGACGACACCCCGGCCCCAGTCCCCCAGGTCATGGGAAAAACTGACCCCGAAGTGCTGCAAGGGCACTAATCACCGCAAGGTGAGGGCGCACAGGATCGAGTATCCGGGTGAGTGACGCCACCCCCCGAAATGTGTATTGTGACAGGCTTGCTCGCAGCAGCAAATCTCCACCGTTAGGAGATTTGTTGTGAGCATTGCCTTGTCTACGTCT,"[('18', '27', '-7.32', 'AA.A.AAAAA'), (-36, -19, '-5.28', 'BBBBBBBBB...BB.BBB'), (-7, -1, '-6.67', 'CCCCCCC')]","[('580', '587', '-7.32', 'aaaaaaaa'), ('560', '577', '-5.28', 'bbbbb...bbbb.bbbbb'), ('547', '554', '-6.67', 'ccccc.cc')]"
NC_034017.1,ISFV,cISFVG,XFV,90,10245,549,TAAAACACCGGCTTTTACCAGGTCACAGGTTGAATTGGTTTACTATCGGGCTAGTGTTGTTAAAAATTTCTTTGGCGACGTACGGAAAGTATGGAGCAATCGAGGAAGTTTTCCCGGCCGGGAGGCGGTCGGGCGGGCCCCAAAGAGGGGCTGGCGAAGAAGCGAACGGGGAGCGTTGTGGGCATAAGGGATGCCCAGAAGGTGAACAAACAAACAGTGGTGGCGCAGAAGCCCTCTCAGAGGGCCAGCCTCCCCACCACTAAAAACAAGAATACACGCAAGCAAATCGG,TTCCATACCTTCATAAGAAACAGGATATTGAGTGTGGAAGCCTAATTGGAACCAAGAGTAGGGCCACGTGGTCGCGAGATCTTCCTGAAACCGTGAAGGTCATCCGAAAGATCCTCAACGCTGAGACGGGCACCATGAACACGTATGCGGAGGGCCTGGATATCATCGGGAGGTTCCAGGTGGTCAGCGATGTGTTCTAGGGATCGAAGATGAAACTTTCCATGATGGGTGGGGGCAGCCGGGGGAAACCCTGGGGCTTGGCGACCTCCCCCCACAAGCCATCATGCGAAATTAAGGCAGCCGCGAGGGAGCTCTCCTCGCAGAGAAAGAAGAAAGAGCAAATCGGGTAACCTACCAGCCCGTGACTTGGTAGGAGTGGGATAGCCCCGGCTTTTCAGCCGGGAAAACGTGTTCACGTACGTATCCGTTGCGAGTGGGGGTTGAGATAGCTTTCCCCCCCCTAAGGGGCAGAAGCTATCCTATTGAGCCTGGCGAACTCAATGGCAAATTAGCCCGTGGTCCACCACGGAAAAAGTGGACGAGTAACCCCACGGAAAGAAGGCCTTGGCGAGGCCACTCGAAGGGAAGCTAGTTATGAGGAACTTAAAACCTCCAGAGCAAACGAGGGAGAAATCCCTAGGTGAGTTGGCGACCACCCTCTGTAATGTTTAATAAGTTGTGCGGAAAAATCCAAAGAATGTCCCCACCGATAGGGGGCTTTGGGAAAGTTTTTCAACACACGTAGCGCT,"[('53', '58', '-6.42', 'AAAAAA'), ('36', '40', '-4.82', 'BBBBB'), ('30', '34', '-4.33', 'CCCCC')]","[('456', '461', '-6.42', 'aaaaaa'), ('450', '454', '-4.82', 'bbbbb'), ('410', '414', '-4.33', 'ccccc')]"
NC_017086.1,ISFV,dISFVG,CHAOV,99,10308,326,GAAAAGTATATTCTACGTGTGCATTCTGTAACATAGTTGGTTGGAGAAGTATTTTGGATATAACACGTTTGAATAGGTTTATTGTGAATCGAAATACCGATGGCGAATAAACCCAAGAAGCCCGGAAGACGGGCTATCGATATAGTGAGACGTGCGTTGCCTCGCGTCTCGGGACCGAAAAAGGTCTTAAAGAAGGCAACACAAACAGTCATGGAAAGCTTGGCTGGCATACGGGCAACCGTTGCCTACCTGCTCTACATGACATTCCTCGGCAACAAGGTCAGCAAGGCCACGAGAGC,ACCTGCGGAAACAACTGGACAAAAATTGCGGATCAATGATAGGAGTGAGGTCCAGAGCCACGTGGGCTGAAAACATTCGTGTTTCAGTGAACCAGGTACGTGGTTACATTGGTAAACATGAGAACTACCTCGATTACCTCCAAGCCCAGAATAGATTCAGCATTCCTGCCGAATTCACCATGGGCAACATATTGATCTAAGACACTGAGAGAAAAGACTGAAAAACAATTGACGCTGAGAGTCAGGCCTAAATGCCACCGGATGATAGTAGACGGTGCTGCCTGCAGCTATCACATATAAACTGGCGCCTTATATGTTTATTAGCCGACAGGGGGACACATGCACCCAGCAGCCCGAGCTGGACAAGGCATGTGTACTAGCGGTTAGAGGAGACCCCCCCAAAAATGAAGGGCACTATATCGACACTTGGGAAAGACCAGAGGTACTCGCTGATTCACCGCCACCAGACTACACGGCACAGCGCGCCGGAAAAGGTAGTTTGGAGGTTGTAAAACAACAAGTATCT,"[('37', '47', '-12.48', 'AAAAAAAAAAA'), ('12', '17', '-6.68', 'BBBBBB'), ('1', '5', '-7.56', 'CCCCC')]","[('213', '223', '-12.48', 'aaaaaaaaaaa'), ('226', '231', '-6.68', 'bbbbbb'), ('259', '263', '-7.56', 'ccccc')]"
NC_016997.1,ISFV,dISFVG,DONV,113,10335,343,GAAAAGTATATTCTGTGTGTGCGTCTTGGTACACAGTTAGTAGTGAGAGTGGAAGGAAAAGAATACACTTTGAAAACATAACGCATTAGAATAGGTTTGAAAGAGTTGAATCAATGAGATCAATGGTCTTTCGAGCTAGGAGGCCCGTTAAACGGGCCGTCGATATAATAAAACGTAAGCTGCCTTACGTTCCGCCACCAATGAGGGTGGCCAAAATGGCAGCGAAGAAAGTGATGATGGGAATTGGAAGCTTGAAAGCATTTTTGGCTCTGTTTTTGTTCATGACTTTCACTGGCCGGAAAATTTCTAACGA,CATACTCATGCAAAGGCCAGGACATCTCCTGCGGTTCGCTCATAGGGACACGGTCTAGAGCTACCTGGGCTGATAACATCAAGACAGCAGTCAATCAAGTCCGTGGAATCATAGGAAGGGACGAAAAGTATATGGACTATTTGGCCATTCAAAATCGCTTCATGCCCCCTCTCCAATTTAGATTGGGAAGCGTCCTGTAAATACTCACAGGTTGAGGGGTTTTGCAGTCAGGCCTCACGAATGTGAGCCACCGGATGGGACTAGACGGTGCTGCCTGCGCGTCCCCCCACGCAATCAAGCTAGATGGTTGTCATGGGCGTAATGTTGTTCTAGCAATTTAGGGGGCCAGATGTCATGTCTCTCAAGCCTAGGAGACACTAGACACTCTGGACTATCGGTTAGAGGAAACCCCCCCAAAAATGTATAGGCTATTATATCGACACCTAGGAAAGACTGGAGATACCTTTGGTTCTTCGACACTAACTCCTAATGGCACAGAGCGCCATAAGAAACGGAGTTAGTATGGAAAAAACATAAGTATCT,"[('45', '56', '-15.5', 'AAAAAAAAAAAA'), ('10', '26', '-9.12', 'BBBBBBBBB...BBBBB'), (-32, -17, '-4.46', 'C.CCCCCC..CCCCCC')]","[('230', '241', '-15.5', 'aaaaaaaaaaaa'), ('243', '256', '-9.12', 'bbbbbbbbbbbbbb'), ('276', '293', '-4.46', 'ccc.ccc....ccccccc')]"
NC_027999.1,ISFV,dISFVG,EPEV,119,10326,316,AGTAAATCTTGCATGTGGATTAGTGAGCACTAGTTTGCGCATTGAAACAAATTGTGGATTAACTTTTGTTAACGTGTTTGGATTAATTGTTGTTTGAGAGAACAGCGAGAAGTACTACTATGGTTGAGAAAACTAGAGTAGGATCTCGGGTTAAAACCCGAGGTGTCAATATGATTAGGCGTACTGGAAAGACTGTGAAAACAGTCTCAAGGAATGCCAGAAAAAATGTGGAGAGGGGCGCCATGGTTATCAGAGCAACTATAGTTGCCATGATAATGTCGCTCTTCTCCGGGAGAAAGCCCAACGCTTTGCTCAAAAA,CTTACCTAGCCAAAGGCCAGGATCAAAGGTGCGGGTCATTGATAGGAACTTCGAGAAGAGCTTCATGGGCGTGGTCTATGTGGACAACAGTGGAAAAGATCCGAAACTTAATAGGAAAGGAGAAGTACGAGAACTATCTGAACACCCAAGATAGATTCGTCGACACAACTGAACCAACTGGATTTGGGACAATATTGTAAGTCGGCAACAAAAAGTCAGCCCAGAAAATGCCACAACTAAGCTGTAAGTTGTGCTGGCTGTAACAGCAAGTAAAATTCATGGAATTTTTGGAAAGAGTCAGGCCGAGAAGCCACACAGCAAAAGTGTGCTGCCTGTAAGACGTAATGAGCGCGTGAAAGCTCACGAAATGGGAAGTGGCGAACCCCATTGGAAATTTAGCTTCATATTGACACCAGGGAAAAGACCGGAGAAACTTCTTGCTTACTCGCAGCAACCACCGAAAGGCACAGTATGCCTGAAACATTCGGTGGTTGATGTAGTAAACAACCAGTTTCT,"[('37', '54', '-16.71', 'AAA..AAAAAAAAAAAAA'), (-22, -7, '-11.06', 'BBB...BBBBBBBBBB'), (-33, -27, '-4.19', 'CCCCCCC')]","[('202', '218', '-16.71', 'aaaaaaaaaaaaa.aaa'), ('233', '247', '-11.06', 'bbbbbbbbbb..bbb'), ('248', '254', '-4.19', 'ccccccc')]"
NC_040610.1,ISFV,dISFVG,NANV,106,10299,399,CCAAGTTTGTTTTATGCGTGAGCTGGATTACACAGTTAGTATTTCGGGTGTTTACATAACGTGTTAGAACAATTTTAAAGAAGTCAAAACTAGAAATTTAATTTCAATGGTTAGACAACTTGGAAAGACCGTTGCAAGACGGTCTGTCAATATGCGAAAGCGGATTACCACCCGCTTGACTGACCCAATTGGGGCAATCATAAATGTGGTAAAAATGGTTTTTCTGGGTAGGGGACCCATGAAGGCTTTTATGTCAGTGATGACATTCTTGCGCTTCATGTCCATCAACCCAGGAAAGAATATGGT,AAGGAGACGACATCTCCTGTGGCAGCCACATCGGATTCACTGAGAGGGCAACGTGGGCCGCAAATATCCGAGTGGCAGTTAGACAGGTGCAAACAGCAATAGGGAACGAGAAGTATAGGGACTACCTCGGAACCATGGGGCGGTACGTCCCCCTGGAACCACGCACTGGAGGGAACCCGACAAGCATGAACAGAACGTAGGGCGAGCTGGCACAGAGTGACGGCGCGCAACCGTAGGAACGAGAAAAGAAATAGATGACGATGAAGTCAGGCCTTAAGTGCCACCCGTATGAGACTATCGGGTGCTGCCTGTCGTCTCCTAGAGAAGGCAAAACTAGTAGAAACCTACACAGCTCCTGGCGTGGCGAACCAGCAAGTCGAGCAGCAAGCGGAAACGCGTGAGGGCCTGGACAATGCTAAAGCTGTAAGCGCATTGAAAAGGACTAGAGGTTAGAGGAGACCCCCTCATTATTTATATAACAGCATATTGACACCAGGGATAGACCGGAGAAATACACAATTTCTGGGCACTAAACAACTACAAGCACAGAGCGCTTCGAGAAGTAGTTGTTTCTTGACGAGAGAATATGTATATCTTGG,"[('38', '48', '-13.25', 'AAAAAAAAAAA'), ('4', '19', '-6.24', 'BBBB....BBBBBBBB'), (-6, '3', '-2.8', 'CCCCC..CCC')]","[('282', '292', '-13.25', 'aaaaaaaaaaa'), ('320', '333', '-6.24', 'bbbbbbbb..bbbb'), ('304', '313', '-2.8', 'ccc..ccccc')]"
NC_024017.1,ISFV,dISFVG,NHUV,102,10338,451,AGTTTGTGCTGTACGTGCACTGGAAGTACATAGTTGGTATAACGGGTAGAAATATAACGTATTCGCGCATTTTGATAGAGTTGACTAGATAACGAATTATCGATGGTGACTAAATCAAGAAAGCCCGCCGCAAAGCGGGCTGTTAATATGCTAACACGCATCACCAAGCGTGTGCTGTCCCCTCTTGAGGGAGCAGTGAAATTGGTGAAAAATGTGTTTTTGGGCAAGGGGCCTTCGAGAGCAATACTGGCGGTATGCGCCATGTTGCGCTTCATGGCCATGCGTCCATCAACGCTACTAAA,CCTACATTCCAAAGCGAGAGGACATGTGGTGCGGCAGTATGATTAATGTGCCATCCCGTGCAACGTGGGCTGAAAACATTAAAGTGGCATGCTCCCAGGTGCGGAGCATGATTGGAAACGGGGAAAAATTCAAAGACTATCTGTGTGAGATGCAACGCTACGAGCCCAAGATAGTGAGCTGCACGCACGGCGTGCTGTGAGGGAGAATGGAGTAGAAAGAAACCCTCCCACCTAATTAGAAATGCATTAACAATAGAACAAACCTAGGAAAAGTGGGTTTGAGTCAGACCAGGATGAAACCTGCCACCTCTATGGAAGCTAAGTGGTGCTGTCTGTAAGCTTCCATCAAGCGTGTGGGCAAAGAGCCCGCACAGCTCCCGGGAGTTGCGAACCGGCTGGCTGAGCAGCAGAATGGAAAATCCAGATAAGAAAGCTCTAAAATCTGGTGTAGTGGCTAGCGAAATTGGTGAAGCTATAACCAACTTTGGCTGGACTAGTGGTTAGAGGAGACCCCACTGCTGAGAGCAAAATAGCATATTGACACTTGGGAAGAGACCAGAGATATGATGTTGTTTGTCAATGCTGACAACAGCCATGGCACAGAGCGCCTGAAGAGAGCTGTTGTTATAATTTACAAAAAATAACATATCT,"[('38', '50', '-10.94', 'AAAAAAAAAAAAA'), ('51', '60', '-6.55', 'BBB.BBBBBB'), (-36, -32, '-2.79', 'CCCCC')]","[('331', '343', '-10.94', 'aaaaaaaaaaaaa'), ('365', '373', '-6.55', 'bbbbbbbbb'), ('379', '383', '-2.79', 'ccccc')]"
NC_033715.1,ISFV,dISFVG,NOUV,79,10329,347,GTCTACGCGAGTGGAAACATAATACGTTGATACAATTTGGAAAAAACGAAAGTTTTAGTAGCAAGAGAGAGAAATCTCAATGGCTATAAATACCAAGAAGCCCGTCGCTAGACGGGCGAACAATATGCTAACCCGAACGAATAAGCGGGTGACCGATGCCATGGCACCGGTCAAAAAGATATTCAATGAGGTCTTGACGGGTCGCGGAATCGTCAGAGCTTTTTTGGCTCTGTTGATGTTCATGCGATTCCTCTCCATAAAACCGCCTAAACATATGAC,CTTACCTCAGAAAGAGGCACGACATGCATTGCGGAAGCCTTATTGGGCACACAATGCGCGCCACCTGGGCTGCCAATATCCAGGTTGCAGTTAGGCAAGTAAGAGCCGTTATAGGCTCAGAGAAGTATAAGGACTACCTAGGGTCCATGCTACGGTACGGAGGCTCAGAGAGTGAGGAGCTTTGTGGCGTTTCATGGTAGAGACAGAACGGTCCCACTAGACAATAAGTAAGATTAAGTTAGGATTTAAACCATTAGAATACGAAGTCAGGCCCTAACGGCCACTCTTAAGATGCTAAAGAGTGCTGTCTGTAAGTATCCGCTGGTGTGTAAGCGATATCCAACATCCCCATGGCGGCAAAGCCCCCGGTCTTCTACGGGGCCCCTGGCCTACCGGAAGGACGAGGAAACACGCATGTAAATATTAGATTTAAGGAATAACTCCCGGAGATAGCGAACCGGATACAGAGAAGCAGGTTAAGAGCCGGCAAAAGCCCATCGCACTGAAGCTATAAGGTGCGGGAAGGACTAGAGGTTAGAGGAGACCC,"[('25', '30', '-5.67', 'AAAAAA'), ('43', '48', '-4.16', 'BBBBBB'), ('49', '53', '-2.15', 'CCCCC')]","[('251', '256', '-5.67', 'aaaaaa'), ('213', '218', '-4.16', 'bbbbbb'), ('275', '279', '-2.15', 'ccccc')]"
NC_009026.2,MBFV,AROVG,AROAV,104,10290,421,AGTATTTCTTCTGCGTGAGACCATTGCGACAGTTCGTACCGGTGAGTTTTGACTTAACGCAGTGAGAAAAGTTTTCGAGGAAAGACGAGAAGCGAATTCTCTGAATGGCTAGAAAACCAGGAAGACCCGGAGGAAACCGGGTCGTCAATATGCTAAAGCGTACGGCGGCCAACGCAGCCAGCCCCTTGGGGCTGGCAAAAAGGCTGCTTGGAGACGCGTTTGCTGGTAGGGGACCCTTAAGGGTTATCCTAGCAGTGGTCGCGTTCTTCAGATTTACAGCAATCAAAATGTCCCCCGCTTTACT,TGCCATATTTGGGAAAAAGGGAAGACCAATGGTGTGGCTCCTTGATTGGAAGCAGAACCAGAGCTACTTGGGCTGAAAACATCTGGGTGGCCGTAAACCAAGTGAGAGCCAAAATTGGAAAAGAAGAATATTCTGATCATTTGAGTTCTCAGCAAAGATTTGAAAATTGGGGAGAAGTGAGGTTCTCAGGAGTCCTGTAAGCTAAGATAAAAGAGAAAAAGAGGGTTTGAGTCAGGCCAGAAATGCCACCGGATAAAGGTAGACGGTGCTGCCTGCAACCTTTCTGCGGAAGGAATAACCGCAGTCAATAAAACCAAAAAGAGGGAGTTGAGAACCCTTTGGGCCGCCCAGGCCTGGGATTGAACCGTTGATCCCAGGCGAAGGGACTAGAGGTTAGAGGAGACCCAGCCTTTCTCACCAACCCAAGGCCCAACCTTGCTGAACCTTTAGGCAGGTAAAAGGACTAGAGGTTAGAGGAGACCCCTTGGCAAAACAGTTAACGCACCAAAAGAAACAGCATATTGACACCTGGGATAGACCGGAGAATTTGCTGCCTCGCAACACCTCCCACCCGGCACAGAACGCCGACATGGTGGGAGGGGTCGTAAGACACCAGATTCT,"[('32', '49', '-11.66', 'AAAAAA.AAAAAAAAAAA'), (-19, -2, '-10.25', 'BBBB.BBBBBBBBBBBBB'), ('24', '28', '-8.31', 'CCCCC')]","[('316', '332', '-11.66', 'aaaaaaaaaaaaaaaaa'), ('340', '358', '-10.25', 'bbbbbbbbbbbbb..bbbb'), ('364', '368', '-8.31', 'ccccc')]"
NC_001477.1,MBFV,DENVG,DENV1,94,10179,462,AGTTGTTAGTCTACGTGGACCGACAAGAACAGTTTCGAATCGGAAGCTTGCTTAACGTAGTTCTAACAGTTTTTTATTAGAGAGCAGATCTCTGATGAACAACCAACGGAAAAAGACGGGTCGACCGTCTTTCAATATGCTGAAACGCGCGAGAAACCGCGTGTCAACTGTTTCACAGTTGGCGAAGAGATTCTCAAAAGGATTGCTTTCAGGCCAAGGACCCATGAAATTGGTGATGGCTTTTATAGCATTCCTAAGATTTCTAGCCATACCTCCAACAGCAGGAATTTTGGC,ACGTTCCATACCTAGGAAAAAGGGAAGATCAATGGTGTGGTTCCCTAATAGGCTTAACAGCACGAGCCACCTGGGCCACCAACATACAAGTGGCCATAAACCAAGTGAGAAGGCTCATTGGGAATGAGAATTATCTAGACTTCATGACATCAATGAAGAGATTCAAAAACGAGAGTGATCCCGAAGGGGCACTCTGGTAAGCCAACTCATTCACAAAATAAAGGAAAATAAAAAATCAAACAAGGCAAGAAGTCAGGCCGGATTAAGCCATAGCACGGTAAGAGCTATGCTGCCTGTGAGCCCCGTCCAAGGACGTAAAATGAAGTCAGGCCGAAAGCCACGGTTCGAGCAAGCCGTGCTGCCTGTAGCTCCATCGTGGGGATGTAAAAACCCGGGAGGCTGCAAACCATGGAAGCTGTACGCATGGGGTAGCAGACTAGTGGTTAGAGGAGACCCCTCCCAAGACACAACGCAGCAGCGGGGCCCAACACCAGGGGAAGCTGTACCCTGGTGGTAAGGACTAGAGGTTAGAGGAGACCCCCCGCACAACAACAAACAGCATATTGACGCTGGGAGAGACCAGAGATCCTGCTGTCTCTACAGCATCATTCCAGGCACAGAACGCCAAAAAATGGAATGGTGCTGTTGAATCAACAGGTTCT,"[('37', '47', '-11.55', 'AAAAAAAAAAA'), (-12, -1, '-9.08', 'BBBBBBBBBBBB'), ('23', '35', '-6.59', 'CCCCC..CC.CCC')]","[('357', '367', '-11.55', 'aaaaaaaaaaa'), ('381', '393', '-9.08', 'bbbbbbb.bbbbb'), ('330', '340', '-6.59', 'ccccc.ccccc')]"
NC_001474.2,MBFV,DENVG,DENV2,96,10176,451,AGTTGTTAGTCTACGTGGACCGACAAAGACAGATTCTTTGAGGGAGCTAAGCTCAACGTAGTTCTAACAGTTTTTTAATTAGAGAGCAGATCTCTGATGAATAACCAACGGAAAAAGGCGAAAAACACGCCTTTCAATATGCTGAAACGCGAGAGAAACCGCGTGTCGACTGTGCAACAGCTGACAAAGAGATTCTCACTTGGAATGCTGCAGGGACGAGGACCATTAAAACTGTTCATGGCCCTGGTGGCGTTCCTTCGTTTCCTAACAATCCCACCAACAGCAGGGATATTGAA,AAATCCCATACTTGGGGAAAAGAGAAGACCAATGGTGCGGCTCATTGATTGGGTTAACAAGCAGGGCCACCTGGGCAAAGAACATCCAAGCAGCAATAAATCAAGTTAGATCCCTTATAGGCAATGAAGAATACACAGATTACATGCCATCCATGAAAAGATTCAGAAGAGAAGAGGAAGAAGCAGGAGTTCTGTGGTAGAAAGCAAAACTAACATGAAACAAGGCTAGAAGTCAGGTCGGATTAAGCCATAGTACGGAAAAAACTATGCTACCTGTGAGCCCCGTCCAAGGACGTTAAAAGAAGTCAGGCCATCATAAATGCCATAGCTTGAGTAAACTATGCAGCCTGTAGCTCCACCTGAGAAGGTGTAAAAAATCCGGGAGGCCACAAACCATGGAAGCTGTACGCATGGCGTAGTGGACTAGCGGTTAGAGGAGACCCCTCCCTTACAAATCGCAGCAACAATGGGGGCCCAAGGCGAGATGAAGCTGTAGTCTCGCTGGAAGGACTAGAGGTTAGAGGAGACCCCCCCGAAACAAAAAACAGCATATTGACGCTGGGAAAGACCAGAGATCCTGCTGTCTCCTCAGCATCATTCCAGGCACAGAACGCCAGAAAATGGAATGGTGCTGTTGAATCAACAGGTTCT,"[('37', '47', '-11.73', 'AAAAAAAAAAA'), (-8, -1, '-9', 'BBBBBBBB'), ('5', '9', '-4.37', 'CCCCC')]","[('346', '356', '-11.73', 'aaaaaaaaaaa'), ('370', '377', '-9', 'bbbbbbbb'), ('316', '320', '-4.37', 'ccccc')]"
NC_001475.2,MBFV,DENVG,DENV3,94,10173,440,AGTTGTTAGTCTACGTGGACCGACAAGAACAGTTTCGACTCGGAAGCTTGCTTAACGTAGTGCTGACAGTTTTTTATTAGAGAGCAGATCTCTGATGAACAACCAACGGAAGAAGACGGGAAAACCGTCTATCAATATGCTGAAACGCGTGAGAAACCGTGTGTCAACTGGATCACAGTTGGCGAAGAGATTCTCAAAAGGACTGCTGAACGGCCAGGGACCAATGAAATTGGTTATGGCGTTCATAGCTTTCCTCAGATTTCTAGCCATTCCACCAACAGCAGGAGTCTTGGC,ATGTTCCATATCTAGGAAAGAGAGAAGACCAATGGTGTGGATCACTTATTGGTCTCACTTCCAGAGCAACCTGGGCCCAGAACATACCCACAGCAATTCAACAGGTGAGAAGCCTTATAGGCAATGAAGAGTTCCTGGACTACATGCCTTCAATGAAGAGATTCAGGAAGGAAGAGGAGTCGGAGGGAGCCATTTGGTAAACGTAGGAAGTGGAAAAGAGGCTAACTGTCAGGCCACCTTAAGCCACAGTACGGAAGAAGCTGTGCTGCCTGTGAGCCCCGTCCAAGGACGTTAAAAGAAGAAGTCAGGCCCCAAAGCCACGGTTTGAGCAAACCGTGCTGCCTGTAGCTCCGTCGTGGGGACGTAAAACCTGGGAGGCTGCAAACTGTGGAAGCTGTACGCACGGTGTAGCAGACTAGCGGTTAGAGGAGACCCCTCCCATGACACAACGCAGCAGCGGGGCCCGAGCACTGAGGGAAGCTGTACCTCCTTGCAAAGGACTAGAGGTTAGAGGAGACCCCCCGCAAATAAAAACAGCATATTGACGCTGGGAGAGACCAGAGATCCTGCTGTCTCCTCAGCATCATTCCAGGCACAGAACGCCAGAAAATGGAATGGTGCTGTTGAATCAACAGGTTCT,"[('37', '47', '-12.8', 'AAAAAAAAAAA'), (-12, -1, '-7.65', 'BBBBBBBBBBBB'), (-35, -29, '-6.77', 'CCCCCCC')]","[('335', '345', '-12.8', 'aaaaaaaaaaa'), ('359', '371', '-7.65', 'bbbbbbb.bbbbb'), ('378', '384', '-6.77', 'ccccccc')]"
NC_002640.1,MBFV,DENVG,DENV4,101,10164,384,AGTTGTTAGTCTGTGTGGACCGACAAGGACAGTTCCAAATCGGAAGCTTGCTTAACACAGTTCTAACAGTTTGTTTGAATAGAGAGCAGATCTCTGGAAAAATGAACCAACGAAAAAAGGTGGTTAGACCACCTTTCAATATGCTGAAACGCGAGAGAAACCGCGTATCAACCCCTCAAGGGTTGGTGAAGAGATTCTCAACCGGACTTTTTTCTGGGAAAGGACCCTTACGGATGGTGCTAGCATTCATCACGTTTTTGCGAGTCCTTTCCATCCCACCAACAGCAGGGATTCTGAAGAG,AAGATATACCTTACCTAGGGAAAAGAGAGGATTTGTGGTGTGGATCCCTGATTGGACTTTCTTCCAGAGCCACCTGGGCGAAGAACATTCATACGGCCATAACCCAGGTCAGGAACCTGATCGGAAAAGAGGAATACGTGGATTACATGCCAGTAATGAAAAGATACAGTGCTCCTTCAGAGAGTGAAGGAGTTCTGTAATTACCAACAACAAACACCAAAGGCTATTGAAGTCAGGCCACTTGTGCCACGGTTTGAGCAAACCGTGCTGCCTGTAGCTCCGCCAATAATGGGAGGCGTAATAATCCCCAGGGAGGCCATGCGCCACGGAAGCTGTACGCGTGGCATATTGGACTAGCGGTTAGAGGAGACCCCTCCCATCACTGATAAAACGCAGCAAAAGGGGGCCCGAAGCCAGGAGGAAGCTGTACTCCTGGTGGAAGGACTAGAGGTTAGAGGAGACCCCCCCAACACAAAAACAGCATATTGACGCTGGGAAAGACCAGAGATCCTGCTGTCTCTGCAACATCAATCCAGGCACAGAGCGCCGCAAGATGGATTGGTGTTGTTGATCCAACAGGTTCT,"[(-17, -5, '-11.65', 'AAAAAAAAAAAAA'), ('34', '44', '-11.6', 'BBBBBBBBBBB'), ('49', '56', '-6.95', 'CC.CCCCC')]","[('302', '315', '-11.65', 'aaaaaaaa.aaaaa'), ('279', '289', '-11.6', 'bbbbbbbbbbb'), ('317', '323', '-6.95', 'ccccccc')]"
NC_012533.1,MBFV,DENVG,KEDV,106,10227,390,ACTTTTTTGATCGGTGTGAATCGATACAAACAGATTTTGTAGAGAAGTTATTCTAACACTCGTGTCAACAGTTTTCGTGTTGAGAAAGAAAACAGATTCTTCGGAAATGAAAACCCAAAAAAGGGCCGCATCGCGGCCTATCAATATGCTGAAGCGCTTTGGATCTAGCGCTGGCCTTTTCGGCCTAAAGAAGATCCTTATGAAGTTGCTGGGAGGGTTTGGACCAGTTAGGCTGGTTCTAGCCTTCCTTGCCTTCTTCAAATTCACATCGCTGCGCCCTTCCCCTGGACTCCTCAAGAGATGGAG,ATGTCCCTTACTTGCAAAAGCGGGACGACCTGTGGTGCGGCTCCCTGATAGGTCACAGCTCAAGAGCCTCATGGGCTGAGAACATCAGAGTGGCAGTGGAGCAGGTGCGGAAGGCAATAGGGAGAGAAGAGTATGCTGATTACCTAGGAGTGCAAGACAGGTACTCCACCCACTCATTGGAAATGACAGGAGCCTTGTAAGACATGGAATGATCATGGAAAAGGTACAGACAAACAAGGAAATGAACAAAGGACTTGAAGGACTTGACGTCAGGCCACTCGTGAGAGTGCCACAGTACGGTAAAGACTGTGCGGCCTGCGAGCCCCCTGGGACTATCGGTATCCAGGCTAAACAAAAACCGTTGCACCTCATTGGGCTGGTGCGTAAAATGACATTGCGGGGCCCAAGCCGGCTAAGCTGTAACCGGTGGAAGGACTAGGAGGTTAGAGGAGACCCCCCGCGCCCATAACCAACATAAAACAGCATATTGACACCTGGGAAAGACCGGAGACTCTGTTGGCTTTCCCCACACCAGCCCCCTGGCACAGAGCGCCAGATCGGGGGTTGGTGTGGAGCAACCCAACAGGACT,"[('34', '44', '-13.13', 'AAAAAAAAAAA'), (-16, -3, '-8.54', 'BBBBBB.BBBBBBB'), (-30, -19, '-4.93', 'CCCC...CCCCC')]","[('281', '291', '-13.13', 'aaaaaaaaaaa'), ('305', '318', '-8.54', 'bbbbbbb.bbbbbb'), ('321', '332', '-4.93', 'ccccc...cccc')]"
NC_001437.1,MBFV,JEVG,JEV,95,10299,582,AGAAGTTTATCTGTGTGAACTTCTTGGCTTAGTATCGTTGAGAAGAATCGAGAGATTAGTGCAGTTTAAACAGTTTTTTAGAACGGAAGATAACCATGACTAAAAAACCAGGAGGGCCCGGTAAAAACCGGGCTATCAATATGCTGAAACGCGGCCTACCCCGCGTATTCCCACTAGTGGGAGTGAAGAGGGTAGTAATGAGCTTGTTGGACGGCAGAGGGCCAGTACGTTTCGTGCTGGCTCTTATCACGTTCTTCAAGTTTACAGCATTAGCCCCGACCAAGGCGCTTTTAGG,ACGTTCCGTATGTGGGAAAGCGTGAGGACATCTGGTGTGGTAGCCTCATCGGAACGCGATCCAGAGCAACCTGGGCTGAGAACATCTATGCGGCGATAAACCAGGTCAGAGCTGTCATAGGGAAAGAAAATTATGTTGACTACATGACCTCACTCAGGAGATACGAAGACGTCCTGATCCAGGAAGACAGGGTCATCTAGTGTGATTTAAAGTAGAAAAGTAGACTATGTAAATAATGTAAATGAGAAAATGCATGCATATGGAGTCAGGCCAGCAAAAGCTGCCACCGGATACTGGGTAGACGGTGCTGTCTGCGTCTCAGTCCCAGGAGGACTGGGTTAACAAATCTGACAACAGAAAGTGAGAAAGCCCTCAGAACCGTCTCGGAAGTAGGTCCCTGCTCACTGGAAGTTGAAAGACCAACGTCAGGCCACAAATTTGTGCCACCCCGCTAGGGGGTGCGGCCTGCGCAGCCCCAGGAGGACTGGGTTACCAAAGCCGTTGAGCCCCCACGGCCCAAGCCTCGTCTAGGATGCAATAGACGAGGTGTAAGGACTAGAGGTTAGAGGAGACCCCGTGGAAACAACAATATGCGGCCCAAGCCCCCTCGAAGCTGTAGAGGAGGTGGAAGGACTAGAGGTTAGAGGAGACCCCGCATTTGCATCAAACAGCATATTGACACCTGGGAATAGACTGGGAGATCTTCTGCTCTATCTCAACATCAGCTACTAGGCACAGAGCGCCGAAGTATGTAGCTGGTGGTGAGGAAGAACACAGGATCT,"[('32', '50', '-12.06', 'AAAAA...AAAAAAAAAAA'), (-12, '6', '-7.89', 'BBBBBBBB..BBB.B.BBB'), (-37, -33, '-4', 'CCCCC')]","[('469', '486', '-12.06', 'aaaaaaaaaaa..aaaaa'), ('490', '508', '-7.89', 'bbb.bbbb...bbbbbbbb'), ('460', '464', '-4', 'ccccc')]"
NC_000943.1,MBFV,JEVG,MVEV,95,10305,614,AGACGTTCATCTGCGTGAGCTTCCGATCTCAGTATTGTTTGGAAGGATCATTGATTAACGCGGTTTGAACAGTTTTTTGGAGCTTTTGATTTCAAATGTCTAAAAAACCAGGAGGACCCGGGAAGCCCCGGGTCGTCAATATGCTAAAACGCGGCATACCCCGCGTATTCCCACTAGTGGGAGTGAAGAGGGTAGTAATGAACTTGCTAGATGGCAGAGGGCCAATACGGTTTGTGTTGGCTCTCTTAGCTTTCTTCAGGTTTACAGCACTTGCCCCGACCAAGGCCTTGATGAG,AAGTCCCATATGTAGGGAAGAGAGAAGACATCTGGTGCGGAAGTCTCATAGGGACCAGGACCAGGGCAACATGGGCTGAGAACATCTACGCCGCCATCAACCAAGTGAGGTCAGTCATAGGGAAAGAAAAATATGTAGACTACGTGCAGTCGCTGAGGAGGTATGAAGAAACTCATGTGAGTGAAGATAGGGTCTTGTAAATAACATTGATAGAAAATTTTGTAAATATTTAATGTAATATAGTATAGGTAAAATTTTTTGAAATTAAGTAAAATTAAGTAGCAAGACTTGATAGTCAGGCCAGCCGGTTAGGCTGCCACCGAAGGTTGGTAGACGGTGCTGCCTGCGACCAACCCCAGGAGGACTGGGTTACCAAAGCTGATTCTCCACGGTTGGAAAGCCTCCCAGAACCGTCTCGGAAGAGGAGTCCCTGCCAACAATGGAGATGAAGCCCGTGTCAGATCGCGAAAGCGCCACTTCGCCGAGGAGTGCAATCTGTGAGGCCCCAGGAGGACTGGGTAAACAAAGCCGTAAGGCCCCCGCAGCCCGGGCCGGGAGGAGGTGATGCAAACCCCGGCGAAGGACTAGAGGTTAGAGGAGACCCTGCGGAAGAAATGAGTGGCCCAAGCTCGCCGAAGCTGTAAGGCGGGTGGACGGACTAGAGGTTAGAGGAGACCCCACTCTCAAAAGCATCAAACAACAGCATATTGACACCTGGGAAAAGACTAGGAGATCTTCTGCTCTATTCCAACATCAGTCACAAGGCACCGAGCGCCGAACACTGTGACTGATGGGGGAGAAGACCACAGGATCT,"[('31', '49', '-17.03', 'AAAAAAA.AAAAAAAAAAA'), (-24, -7, '-10.77', 'BBB.BBBB..BBBBBBBB'), ('13', '18', '-4.58', 'CCCCCC')]","[('502', '519', '-17.03', 'aaaaaaaaaaaaaaaaaa'), ('484', '501', '-10.77', 'bbbbbbbb..bbbb.bbb'), ('535', '540', '-4.58', 'cccccc')]"
NC_007580.2,MBFV,JEVG,SLEV,98,10293,549,AGATGTTCGCGTCGGTGAGCGGAGAGGAAACAGATTTCCTTTTTGGAGGATAATAACTTAACTTGACTGCGAACAGTTTTTTAGCAGGGAATTACCCAATGTCTAAAAAACCAGGAAAACCCGGTAGAAACCGGGTTGTCAATATGCTAAAACGCGGCGTATCCCGCGTGAACCCCTTGACGGGGTTGAAGAGGATACTTGGAAGTCTGCTGGATGGCCGTGGACCCGTGCGGTTCATACTAGCCATCCTGACATTCTTCCGATTTACAGCTCTACAGCCAACTGAGGCGCTGAAGCG,TTCCATACCTAGGAAAGAGAGAGGACATCTGGTGTGGAAGCCTTATCGGAACAAGGACCAGAGCCACCTGGGCTGAGAACATCTACGCTCCAATCATGCAGATCCGCAACCTCATCGGGGAAGAGGAGTACAGAGACTACATGGTTGCCCAAAACAGATTTGGTAGGGAAGAAACTCATGTGGTAGGAGGAGTGCTGTAGATTGAAATGTAAATAGTGTAAATAAATAAAAACAGGTAAGTCAGGCCAATCAGTTTTGCCACCGGATGTCAGGTAAACGGTGCTGTCTGTAACCTGGCCCCAGGCGACTGGGTTATCAAAGCCAACCCGGCTGGGTGCAAAGCCCCTCATTCCGACTCGGGAGGGTCCCTGGCACGTAGGCTGGAGAGGACGCACAAGTCAGACCAGAAATGCCACCTGAAAGCATGCTAAAGGTGCTGTCTGTACATGCCCCAGGAGGACTGGGTTAACAAAGCTTAACAGCCCCAGCGGCCCAAACCATGGAGTGCGTGACCATGGCGTAAGGACTAGAGGTTAGAGGAGACCCCGCTGTAACTTGGCAAGGCCCAAACCCGCTCAAAGCTGTAGAGACGGGGGAAGGACTAGAGGTTAGAGGAGACCCCTTGCCGTTAACGCAAACAACAGCATATTGACACCTGGAAAGACAGGAGATCCCCTGCTTTTTCAACACCAGCCACAAGGCACAGAGCGCCGTAAAGTGTGGCTGGTGGTGAAAAAATCACAGGATCT,"[('32', '49', '-17.16', 'AAAAAA.AAAAAAAAAAA'), (-16, -10, '-7.23', 'BBBBBBB'), (-8, '5', '-6.36', 'CCC..CC..CCCCC')]","[('443', '459', '-17.16', 'aaaaaaaaaaaaaaaaa'), ('474', '480', '-7.23', 'bbbbbbb'), ('462', '472', '-6.36', 'ccccccc.ccc')]"
NC_006551.1,MBFV,JEVG,USUV,96,10305,665,AGTCGTTCGTCTGCGTGAGCTCTACTACTTAGTATTGTTTTTGGAGGATCGTGAGATTAACACAGTGCCGGCAGTTTCTTTGAGCGTTGATTTTCAATGTCTAAGAAACCAGGAGGGCCCGGAAGAAACCGGGCCATCAATATGCTGAAACGCGGCATACCCCGCGTATTCCCACTAGTGGGAGTGAAGAGGGTAGTCATGGGCTTGTTGGATGGAAGAGGACCAGTGCGATTCGTGCTGGCCTTGATGACATTCTTCAAGTTCACCGCGCTTGCCCCGACGAAGGCCTTGCTAGG,ACATCCCTTACACCGGGAAGCGGGAAGACATATGGTGTGGAAGCCTGATAGGCACGCGAACACGGGCAACGTGGGCTGAAAACATCTACGCAGCCATTAACCAGGTGAGAGCCATTATTGGCCAGGAAAAATACAGGGATTACATGCTTTCACTTAGAAGATATGAAGAAGTTAATGTCCAGGAGGACAGGGTTTTGTAAATAAGTGTTTAGGGTTTTGCAATTTAATTAAATATGCAATGTAATTTAGTTGTAAATATTTGATTGTGTAGCTTTATTTAGCATTGTTTTAGGATAGTAGAAGTTAAGGTTTTATTTAGTTATTTTATTTAATTGAATTTGATAGTCAGGCCAGGGCAACCTGCCACCGGAAGTTGAGTAGACGGTGCTGCCTGCGACTCAACCCCAGGCGGACTGGGTTAACAAAGCTGACCGCTGATGATGGGAAAGCCCCTCAGAACCGTTTCGGAGAGGGACCCTGCCTATTGGAAGCGTCCAGCCCGTGTCAGGCCGCAAAGCGCCACTTCGCCAAGGAGTGCAGCCTGTACGGCCCCAGGAGGACTGGGTTACCAAAGCCGAAAGGCCCCCACGGCCCAAGCGAACAGACGGTGATGCGAACTGTTCGTGGAAGGACTAGAGGTTAGAGGAGACCCCGTGGAACTTAGGTGCGGCCCAAGCCGTTTCCGAAGCTGTAGGAACGGTGGAAGGACTAGAGGTTAGAGGAGACCCCGCATCATAAGCATCAAAAAAACAGCATATTGACACCTGGGAATTAGACTAGGAGATCTTCTGCTCTATTCCAACATCAACCACAAGGCACAGAGCGCCGAAAATTGTGGCTGGTGGGGAACTAGACCACAGGATCT,"[('32', '50', '-12.16', 'AAAAA...AAAAAAAAAAA'), ('17', '29', '-6.34', 'BBBBB..BBBBBB'), (-3, '7', '-7.31', 'CC...CCCCCC')]","[('551', '568', '-12.16', 'aaaaaaaaaaa..aaaaa'), ('585', '595', '-6.34', 'bbbbbbbbbbb'), ('572', '582', '-7.31', 'cccccc...cc')]"
NC_001563.2,MBFV,JEVG,WNV,96,10293,573,AGTAGTTCGCCTGTGTGAGCTGACAAACTTAGTAGTGTTTGTGAGGATTAACAACAATTAACACAGTGCGAGCTGTTTCTTGGCACGAAGATCTCGATGTCTAAGAAACCAGGAGGGCCCGGTAAAAACCGGGCTGTCAATATGCTAAAACGCGGTATGCCCCGCGGATTGTCCTTGATAGGACTAAAGAGGGCTATGCTGAGTCTGATTGACGGGAAGGGCCCAATACGTTTCGTGTTGGCTCTTTTGGCGTTTTTCAGATTCACTGCAATCGCTCCGACTCGTGCGGTGCTGGA,ATGTTCCATACTCTGGAAAGAGAGAGGACATTTGGTGTGGCAGTTTGATCGGCACACGAACCCGCGCCACTTGGGCTGAAAATATCCATGTGGCAATCAATCAGGTCCGTTCAGTGATTGGAGAAGAGAAGTATGTGGATTACATGAGCTCCTTGAGGAGGTATGAAGACACCATTGTAGTGGAGGACACTGTTTTGTAAAAGATAGTATTATAGTTAGTTTAGTGTAAATAGGATTTATTGAGAATGGAAGTCAGGCCAGATTAATGCTGCCACCGGAAGTTGAGTAGACGGTGCTGCCTGCGGCTCAACCCCAGGAGGACTGGGTGACCAAAGCTGCGAGGTGATCCACGTAAGCCCTCAGAACCGTCTCGGAAGGAGGACCCCACGTGCTTTAGCCTCAAAGCCCAGTGTCAGACCACACTTTAATGTGCCACTCTGCGGAGAGTGCAGTCTGCGATAGTGCCCCAGGTGGACTGGGTTAACAAAGGCAAAACATCGCCCCACGCGGCCATAACCCTGGCTATGGTGTTAACCAGGGAGAAGGGACTAGAGGTTAGAGGAGACCCCGCGTAAAAAAGTGCACGGCCCAACTTGGCTGAAGCTGTAAGCCAAGGGAAGGACTAGAGGTTAGAGGAGACCCCGTGCCAAAAACACCAAAAGAAACAGCATATTGACACCTGGGATAGACTAGGGGATCTTCTGCTCTGCACAACCAGCCACACGGCACAGTGCGCCGACATAGGTGGCTGGTGGTGCTAGAACACAGGATCT,"[('32', '49', '-16.31', 'AAAAA.AAAAAAAAAAAA'), (-10, '6', '-11.01', 'BBBBBBBBB...BBBBB'), (-23, -11, '-6.02', 'CCCCC.CCCCCCC')]","[('467', '483', '-16.31', 'aaaaaaaaaaaaaaaaa'), ('486', '502', '-11.01', 'bbbbb...bbbbbbbbb'), ('444', '455', '-6.02', 'cccccccccccc')]"
NC_009942.1,MBFV,JEVG,WNV,96,10302,631,AGTAGTTCGCCTGTGTGAGCTGACAAACTTAGTAGTGTTTGTGAGGATTAACAACAATTAACACAGTGCGAGCTGTTTCTTAGCACGAAGATCTCGATGTCTAAGAAACCAGGAGGGCCCGGCAAGAGCCGGGCTGTCAATATGCTAAAACGCGGAATGCCCCGCGTGTTGTCCTTGATTGGACTGAAGAGGGCTATGTTGAGCCTGATCGACGGCAAGGGGCCAATACGATTTGTGTTGGCTCTCTTGGCGTTCTTCAGGTTCACAGCAATTGCTCCGACCCGAGCAGTGCTGGA,ACGTCCCATATTCAGGAAAACGAGAGGACATCTGGTGTGGCAGCCTGATTGGCACAAGAGCCCGAGCCACGTGGGCAGAAAACATCCAGGTGGCTATCAACCAAGTCAGAGCAATCATCGGAGATGAGAAGTATGTGGACTACATGAGTTCACTAAAGAGATATGAAGACACAACTTTGGTTGAGGACACAGTACTGTAGATATTTAATCAATTGTAAATAGACAATATAAGTATGCATAAAAGTGTAGTTTTATAGTAGTATTTAGTGGTGTTAGTGTAAATAGTTAAGAAAATTTTGAGGAGAAAGTCAGGCCGGGAAGTTCCCGCCACCGGAAGTTGAGTAGACGGTGCTGCCTGCGACTCAACCCCAGGAGGACTGGGTGAACAAAGCCGCGAAGTGATCCATGTAAGCCCTCAGAACCGTCTCGGAAGGAGGACCCCACATGTTGTAACTTCAAAGCCCAATGTCAGACCACGCTACGGCGTGCTACTCTGCGGAGAGTGCAGTCTGCGATAGTGCCCCAGGAGGACTGGGTTAACAAAGGCAAACCAACGCCCCACGCGGCCCTAGCCCCGGTAATGGTGTTAACCAGGGCGAAAGGACTAGAGGTTAGAGGAGACCCCGCGGTTTAAAGTGCACGGCCCAGCCTGGCTGAAGCTGTAGGTCAGGGGAAGGACTAGAGGTTAGTGGAGACCCCGTGCCACAAAACACCACAACAAAACAGCATATTGACACCTGGGATAGACTAGGAGATCTTCTGCTCTGCACAACCAGCCACACGGCACAGTGCGCCGACAATGGTGGCTGGTGGTGCGAGAACACAGGATCT,"[('32', '49', '-16.1', 'AAAAA.AAAAAAAAAAAA'), (-15, -2, '-10.01', 'BBBB.BBBBBBBBB'), ('2', '6', '-6.05', 'CCCCC')]","[('525', '541', '-16.1', 'aaaaaaaaaaaaaaaaa'), ('552', '564', '-10.01', 'bbbbbbbbbbbbb'), ('544', '548', '-6.05', 'ccccc')]"
NC_009029.2,MBFV,KOKVG,KOKV,83,10233,558,AGATGTTCACCTGTGTGAACTAACCAGACAGATCGAAGTTAGGTGATTACATAACACAGTGTGAACAAGTTTTTTGAACAGCAATGACCAAAAAACCAGGAAGGCCCGGTAGAAATCGGGCCGTCAATATGCTAAAGCGCGGTGCGTCCCGCGCGCTTGGTCCAATGATCAAGCTTAAGAGGATGCTTTTTGGCCTGCTGGATGGGAGGGGGCCGCTCAGGATGGTCTTGGCCATTCTGGCGTTCTTCAGATTTACAGCATTGAAACCAACGGCAGGACTATT,TTCCGTACCTAGGGAAAAGAGAAGATCCATGGTGTGGTTCATACATAGGCTACCGGCCTCGTTCAACTTGGGCAGAAAACATCAAGGTACCAGTGAACGTGATCCGGGTTAAGATTGGAGGGAACAAGTATCAAGACTATCTGGGAACACAGAAGAGGTATGAGAGTGAGAAGAGAGTTGAGTTCCGAGGAGTTCTGTAGATGAAGAGAATGAAGTGAGTTATTTTGTTGTGATAGTCAGGCCTGAAAAGCCACCTGATCCGGTGAAGGTGCTGCCTGCATCCGGCCTGGAGTGATGCTCCAGTGTCGTGGAACAACAACCGATGGAGCCAAGCCCGGAGGGGATCCGGCCCCCGACTTCCGGAGGTTGCCACACCTTGTAAATATGTACATACAGAGTCAGATCCGAAAGGCCACCAGTTTGGTGCAGAACTGGTGCTATCTGTGAACACTCCCAGGAGGACTGGGTAAACAAAGCCATTAGGGACCATCACGGCCCGAGGGGGAGAAGAACGCGAACTCCCCCAAAGGACTAGAGGTTAGAGGAGACCCGTGATTAGGGAGATGAGGGAGCCCATCTCAGGGAAAGCTGTAACCCTGGGGGAAGGACTAGAGGTTAGAGGAGACCCTCCCACAAAGAAGCGCAAACACAAAACAGCATATTGACACCTGGGAAAGACTAGGGGATTTGCTGCTCTGGACTTCCGGCTCTCGGCACAGAACGCCGTTGAGGAGCCGGAGGCCCAAAACACCAGATCT,"[('39', '49', '-11.73', 'AAAAAAAAAAA'), (-17, '0', '-7.87', 'BBBBBB...BB.BBBBBB'), ('59', '63', '-6.4', 'CCCCC')]","[('456', '466', '-11.73', 'aaaaaaaaaaa'), ('488', '503', '-7.87', 'bbbbbb.bb.bbbbbb'), ('441', '445', '-6.4', 'ccccc')]"
NC_032088.1,MBFV,KOKVG,NMV,88,10230,546,AGATGTTCACCTGCGTGAACTGATTAGACAGATCGACATCAGATAGTTTCTATAACTCAGTGTGAACAAGTTTTTTGATCAGTGGATAATGACTAAAAAACCAGGAAAGTCCGGCAATCGTCGGACTGTCAATATGCTAAAGCGCGGAGCATCCCGCGCACTTGGCCCACTAGCCAAGTTTAAGAGGATGTTTTCCAGCCTGCTGGATGGGAGAGGACCATTACGGATGATCCTAGCCCTTCTGGCTTTCTTTAAGTTTACAGCACTTAGACCAACGGCTGGACTGCT,TTCCCTATTTGGGCAAAAGAGAAGATCTATGGTGTGGCTCGCTCATTGGACACAGGCCCAGAACGACTTGGGCAGAAAACATCCGAAGAACTGTGGAGCAGGTGCGGAGGATCATAGGAGGGGAACGTTACTCTGATTATATGGGAACCCAAAAGCGGTATGAATTGGAAAATGTACCCGCTTTTGAAGGAGTCATTTAAATGGTAGTGAAGTAGTTTGTTAGGTAAGGTGAAATGAAGTCAGGCCGAATAGCCATCTGATCCGGTGAAGATGCTGCCTGCGACCGGCCCAGGGTGATGCCCTGGTGAGCGGAACAACAGCCATGGAGCCAAGCCCAGAGGGAATCTGGTCCCCGACTACCGGAAGCTGCCGCGCACTGTAAATATTGTAAATAGGGAGTCAGACCACTTAGTGCCACCAGTATGATGATAAGCTGGTGCTGTCTGTCCTCATCCCCAGGAGGACTGGGTTAACAAAGCGCAAGCCCCCACGGCTGCAGCACTTCTCTTGCGGGAGAGATAGTGTCACGCGGACTAGAGGTTAGAGGAGACCCCGTGGATTCTTGTGGGCCCAAGCGAGTGAAGCTGTAAACTCGTGGAAGGACTAGAGGTTAGAGGAGACCCCCACATACCGCAAAACAAAACAGCATATTGACACCTGGGATAGACTAGGAGATCCGCTGCTCTGGAACCCCAGTTCTAGGCACAGAACGCCGTAATGAACTGGGGTGCCAAAACACCGAATCT,"[('38', '49', '-13.41', 'AAAAAAAAAAAA'), ('52', '59', '-9.65', 'BBBBBBBB'), ('62', '66', '-4.34', 'CCCCC')]","[('445', '456', '-13.41', 'aaaaaaaaaaaa'), ('476', '484', '-9.65', 'bbbbb.bbb'), ('460', '464', '-4.34', 'ccccc')]"
NC_012534.1,MBFV,NTAVG,BAGV,94,10281,566,AGAAGTTCATCTGTGTGAACTTTGTGATTGACAGCTCAACACAAGTGCGGACTACCGTAAACACAGTTTGAACGTTTTTTGGAGAGAGATTATTATGTTTAACAAAAAACCAGGAAAACCCGGGGCAACCCGGGTTGTCAATATGCTAAAGCGCGGTGCATCCCGCGGAAATCCGATATCTCGGATCAAGAGGATGCTCGATGGACTACTCAGAGGAGTAGGACCAGTCAGAATTGTCTTGGCGATCTTAACCTTTTTCAAATTTACAGCTTTGAAACCAACGGCAGGATTGTT,ATGTGCCGTACCTCGGAAAGCGCGAGGACAGTTGGTGTGGAAGTCTGATAGGGCACAGAACACGATCAACCTGGGCAGAGAACATATACACACCAATCATGCAGATCAGGGCCCTGATTGGACCAGAGCGGTATGTTGACTATATGCCAACTCTAAACCGCTTCAGGGCAGTGGAAACATGGTCTGATGGGGTTCTGTAAGATGTAAATAAACACAGGGAAATAGACTATGTAAATAGATTTCATATATTAATTGGATTTAAGTAAGTAAGTAGTTTAGATGGAATGTAGTGTTAGGTGAACTTATTTAGACTTGAGAGTCAGGCCGGATTACATGTCCGCCACCGGATGTTGGATGACGGTGCTGCCTGCAGTCCAACCCCAGGAGGACTGGGTCACCAAAGTGTCCGACACTCAACACGCAAAGCGCTCAATACCGACTCGGAGAGCTCCCTGGCGTTGGAGAGGATAGGCACCCAGAGTCAGGCCACAGGTTTTGTGCCACTAGCATGCAGTGCTGCCTGAGCAAAGACATGCCCCAGGTGGACTGGGTAAACAAAGCCGCAAGGCCCCCGTGGCCCAAGCAAGGGAATGGTGTGACCCTTGTGTAAGGACTAGAGGTTAGAGGAGACCCCTTGCGAGTTAACACCAAAACAAAACAGCATATTGACACCTGGGAGAGACTAGGAGACCCTCTGTCCTAACAACACCAGCCATCCGGCACAGAGCGCCGTAAGTGTGGCTGGTGGTGGTAGAACACAGTGTCT,"[('34', '52', '-17.04', 'AAAAAAA.AAAAAAAAAAA'), (-18, -13, '-3.6', 'BBBBBB'), ('57', '61', '-3.28', 'CCCCC')]","[('460', '477', '-17.04', 'aaaaaaaaaaaaaaaaaa'), ('448', '453', '-3.6', 'bbbbbb'), ('435', '439', '-3.28', 'ccccc')]"
NC_009028.2,MBFV,NTAVG,ILHV,92,10275,388,AGAAATTCACCTGTGTGAATTTCACTAACCGTTTTAGTGGAGAGAACTTTTGTTTAACACAGTCTGAATAGTTTTTTAGCAAGGGATTTCCCATGTCTAAAAAACCAGGAAAGTCCGCTGCAAAGCGGACTGTCAATATGCTAAAACGCCTGGCTAGCGTGTCCCCCTCAAGGGGGCGAAGAACTATTCGGAGAATGCTAGATGTGAGAGGAGCACCAAGATTGATCCTAGCCCTCATGGCTTTTTTCCGTTTCGCAGCAATCAAGCCCACTCTGGGCTTGAAAAAACGATG,TCCCCTACATCGGAAAGAGGGAGGACCAATGGTGTGGTAGTCTGATTGGAACCCGACAGAGAGCAACATGGGCGGAGAATATATATACACCAATAATGCAAATCCGCAACTTGATCGGGGATGAGAAGTATGTGGACTGCATGGTGTCCCAGCACAGGTTCGAAACACCTTCGCCCGTGCTGTTCACCGGCGCCATCTAAACCCAAAAGACCAAAAAAGGACAATTGTGTCAGGCCATGGAAACATGCCACCCAAAGCTTGTAGAGGGTGCAGCCTGCGCCAAGCCCCAGGAGGACTGGGTTACCAAAGCCGTTAGGCCCCCACGGCCCATTTCAGGAGACAGCGCGACTCCTGGAGGAAGGACTAGAGGTTAGAGGAGACCCGTGGAACATCGCTGAGGCCCAAACCAGCCCGAAGCTGTAGGACTGGTGGAAGGACTAGAGGTTAGTGGAGACCCCTCAGCACCAAGCGCGAAACAAACAGCATATTGACGCCTGGGAAAGACCGGGAGATCCTCTGCTTTCCATCACCAGCCACTAGGCACAGATCGCCGCAAGTAGTGGCTGGTGGTGAAAAACACATGGATCT,"[('39', '49', '-10.16', 'AAAAAAAAAAA'), (-15, -1, '-7.99', 'BBBB.BBBBBBBBBB'), ('2', '16', '-7.71', 'CCCC......CCCCC')]","[('282', '292', '-10.16', 'aaaaaaaaaaa'), ('307', '321', '-7.99', 'bbbbbbbbbb.bbbb'), ('294', '305', '-7.71', 'ccccc...cccc')]"
NC_018705.3,MBFV,NTAVG,NTAV,94,10284,565,AGAAGTTCATCTGTGTGAACTTCGTGATTGACAGCTCAACACGAGTGCGGGCAACCGTAAACACAGTTTGAACGTTTTTTGGAGAGAGACTACTATGTCAAACAAAAAACCAGGAAGACCCGGGGCAACCCGGGTTGTCAATATGCTAAAGCGCGGCGCATCCCGCGGAAATCCGATATCTCGGATCAAGAGGATGTTGGATGGGCTATTCAAGGGAATAGGACCCATCAGGATTGTCCTTGCATTCCTGACGTTTTTCAAATTTACAGCTTTGAAACCGACGGCAGGATTGTT,ACGTGCCATACCTTGGAAAAAGGGAAGACAGTTGGTGTGGGAGCTTAATTGGGCATAGAGCTAGATCCACCTGGGCGGAGAACATATACACTCCCATCATGCAGATAAGAGGGCTGATAGGCCCAGAAAGATATGTGGACTATATGCCCACTCTAAACAGATTTAAGGCAGTGGAATCGTGGTCAGAGGGAGTGCTGTAGACAAACAACCAAGCAATAAACAGTAGATATATAATCAGTGTAAATAATAGAATGATTATGATAAGCTTTGTTTTAGACCTTAGAAGATAGATTTAGATTTATTTTAGGGCGATAGTCAGGCCAGGCAATGCCTGCCACCGGAAGTTGGATGACGGTGCTGTCTGCGCTCCAACCCCAGGCGGACTGGGTTAACAAAGTGGTGATCCAGGAGACGCAAAGCGTTCACTACCGTTTCGGAGAACTCCCTGGCGTTCGAATGGAACACTGCCCAAAGTCAGGCCGTAGGTTTTACGCCACTAGCATGCAGTGCTGCCTGAGACAAGACATGCCCCAGGAGGACTGGGAAAACAAAGCCGTTAAGGCCCCCGCGGCCCAAGCAAGGGAATGGTGTGCCCCTTGTGGAAGGTCTAGAGGTTAGAGGAGACCCCGCGGAAATCAAAGCAAGGCCCAACCTGGCAAAGCTGTAAACCAGGGGAAGGACTAGAGGTTAGAGGAGACCCCTTGCGAGTGAACACCACACAAAAACAGCATATTGACACCTGGGAAAGACTAGGAGACCCTCTGT,"[(-32, -26, '-5.73', 'AAAAAAA'), ('15', '19', '-4.46', 'BBBBB'), ('24', '30', '-5.27', 'CCCCCCC')]","[('459', '465', '-5.73', 'aaaaaaa'), ('452', '456', '-4.46', 'bbbbb'), ('425', '432', '-5.27', 'ccccc.cc')]"
NC_040776.1,MBFV,NTAVG,ROCV,92,10278,424,AGAAATTCACCTGTGTGAAATTTCACCAACAGTTTTAGTGAAAAGAACTTTGTTTAACACAGTCTGAATAGTTTTTTAGCAGAGGTACTACCATGTCTAAAAAACCAGGAGGACCCGCCGGAAGGCGGGTTGTCAATATGCTGAAACGCCCAGCCAGCGTTTCCCCAATAAAAGGGATAAAGAGGCTAATTGGAAATTTGACTGATGGGAGAGGACCACTACGAGTGGTTCTCGCTTTCATCGCATTTTTCCGTTTTGCAGCCATCATGCCCACCCAAGGACTACTCCGCAG,ACGTCCCCTACATTGGGAAGCGCGAAGACCAGTGGTGTGGCAGCTTGATAGGGCACCGTTCCAGGGCCACCTGGGCCGAGAACATCTACACGCCCATCATGCAGGTCCGCAATCTCATAGGAGCTGAGAGATATGTGGATTATATGCCAGCACAGACAAGGTTCGCACATGAAGCAGAGCTTCAAGGAGGAGTTCTGTAAGACTGAACAGCCCAGAGAAATGCGAAACGAAATGTAAATAATGTAAATAAAATAGCAAGAAGAAGTCAGGCCGTCCTTGGACGCCACCCAAAGCATGGGAGGGTGCTGCCTGCGACAAGCCCCAGGAGGACTGGGTTTTCAAAGCCATGAGCCCCCACGGCCCAACCCTGGGAAAGCGCGACCCAGGGGTTAGGACTAGAGGTTAGAGGAGACCCAGTGGAAACATCAGCCAAGGCCCAGACCATTCCAAAGCTGTAGGAATGGTGGAAGGACTAGAGGTTAGAGGAGACCCCTTGGCACACAAGCGCAAAGACAAACAGCATATTGACACCTGGGAAAGACCGGGAGACCCTCTGCTCTGCAACACCAGCCACTAGGCACAGATCGCCGAAATCTGTGGCTGGTGCTGCAAAACACAGGATCT,"[('34', '49', '-14.79', 'AAAA.AAAAAAAAAAA'), (-15, -8, '-9.83', 'BBBBBBBB'), ('1', '5', '-4.37', 'CCCCC')]","[('319', '333', '-14.79', 'aaaaaaaaaaaaaaa'), ('351', '358', '-9.83', 'bbbbbbbb'), ('311', '315', '-4.37', 'ccccc')]"
NC_034151.1,MBFV,NTAVG,THOV,97,10284,556,AGAAATTCATCTGTGTGGATTTCTTTACAACAGTTTTGGAAGAGAGAACAATACGTTTAACACAGTGTGAATAGTTTTTTGAACAGAGGTGAAAACCATGTCTAAAAAACCAGGAGGACCCGGAAAGAACCGGGTCGTTAATATGCTGAAGCGCACATCCCGCGCTAGCCCTTTGCAGGGCTTGAAGAGGATGATTGGAAATCTGCTGGATGGAAGAGGTCCATTAAAAATGGTTCTTGCCATTCTGACATTTTTCCGTTTTACAGCAATAAGGCCCACCACTGGACTCTTACGCCG,ACATTCCCTATCTGGGGAAAAGGGAAGACCAGTGGTGCGGCAGCCTAATCGGACACAGAAGCCGGTCAACCTGGGCAGAGAATATTTACACCCCCATTATGCAAGTCCGCAATTTAATAGGAAACGAAAAGTTTGTGGACTACATGACATCACAGGTCAGATTCGGGGCAGGGGAAGAGCCCCGCGGGGGAGTGTTGTAAATTTGTGAAGTGAGGAGAGAGAGCGAACCCAGTACCGTCTCGGAGGGCTAGCTTTCTTTCCTTGATCAAAAAGAAAGAGTCAGGCCGCGGTCAGTAGGCAATACCGTCTCGGAGCCGTTTGACACACGCCATGGTAAAGACCATGCTGCCTGCGATTTGTATATAGTGTAAATAGCTTAAGAGGCATTGGTAGTCAGGCCAGCAAAGCTGCCACCCGAAGCTTGTAGAGGGTGCTGTCTGCGACAAGCCCCAGGAGGACTGGGTTAACAAAGCTAAAAGCCCCCACGGCCCAATCTTGGGAGGGCGTGGCCCAAGAGTAAGGACTAGAGGTTAGAGGAGACCCCGTGGAAATAGAAAGCCAAGGCCCAACTCTGGTTGAAGCTGTAGACCAGAGGGAAGGACTAGAGGTTAGAGGAGACCCCTTGGCAGTGAACGCAAATAAAAACAGCATATTGACACCTGGGATAGACTGGGAGACCCTCTGCTTATTTCAACACCAGCCACTCGGCACAGAACGCCGTAAGTGTGGCTGGTGGTGAAAATAAACACAGAGTCT,"[('34', '50', '-16.26', 'AAAA.AAAAAAAAAAAA'), (-2, '13', '-8.13', 'BBB.BBBBB.....BB'), (-14, -9, '-8.13', 'CCCCCC')]","[('446', '461', '-16.26', 'aaaaaaaaaaaaaaaa'), ('463', '473', '-8.13', 'bb.bbbbbbbb'), ('479', '484', '-8.13', 'cccccc')]"
NC_015843.2,MBFV,NTAVG,TMUV,94,10278,618,AGAAGTTCGCCTGTGTGAACTTATTCCAAACAGCTTTTGGAGTAGTGCGTGTGAACGTAAACACAGTTTGAACGTTTTTTGGATAGAGACAACTATGTCTAACAAAAAACCAGGAAGACCCGGCTCAGGCCGGGTTGTCAATATGCTAAAGCGCGGAACGTCCCGCGGAAATCCGCTAGCGCGGATAAAGAGGACGATTGATGGGGTCCTGAGAGGAGCAGGACCCATAAGGTTTGTGCTGGCTCTACTGACTTTCTTCAAGTTTACAGCCCTGAGGCCAACCATTGGAATGCT,AAGTGCCATACCTTGGAAAGAGGGAAGATGGCTGGTGTGGTAGTCTGATTGGACATCGAGCTAGATCCACCTGGGCCGAGAACATATACACCCCAATTATGCAGATCAGAGCTCTCATTGGCCCTGAGCACTATGTAGATTACATGCCAACTCTAAACAGGTTCAAACCCATTGAAAGCTGGAGTGAAGGTGTCTTGTAAATACATGAGGTAGGTGTGAAAATGTATATAAAGTAGTGTTAGTTTAGAGCAATAAACATATAAATTAGCATTTGTTTGAAGAGATAGGAAGAGGAAGTCAGGCCAGGGAATCCCTGCCACCGGATGTTGGATGACGGTGCTGTCTGCGTTCCAACCCCAGGAGGACTGGGTTAACAAATCTGGGTGCATGGAGGAGCTAAGCGTTCAATACCGTCTCGGAGAACTCCCTGGCTCACGAAGTGCCCTGGACCAGTGTCGGGCCACAGGTTTTGTGCCATTAGCGTGCAGTGCAGCCCGGACAAAAGACACGCCCCAGGAGGACTGGGAAAACAAAGCCAAAATGGCCCCCACGGCCTGAAATGATGGAGCTGGTGTGACCATCATGGAGGGACTAGAGGTTAGAGGAGACCCCGTGGAAAGAAAGCAAGGCCCAACCTAGAGTCAAGCTGTAACTCTAGGGGAAGGACTAGAGGTTAGAGGAGACCCCTTGCGAGTGAACACCACAAGAAACAGCATATTGACACCTGGGATAGACTAGGAGACCCTCTGTCCTAACAACACCAGCCACTTGGCACAGATCGCCGAAAGTGTGGCTGGTGGTGGTAGAACACAGGATCT,"[('37', '52', '-16.19', 'AAAA.AAAAAAAAAAA'), (-21, -7, '-7.05', 'BBB....BBBBBBBB'), (-5, '6', '-7.03', 'C..CCC.CCCCC')]","[('512', '526', '-16.19', 'aaaaaaaaaaaaaaa'), ('545', '559', '-7.05', 'bbbbbbbb....bbb'), ('531', '541', '-7.03', 'cccccccc..c')]"
NC_012532.1,MBFV,SPOVG,ZIKV,106,10260,428,AGTTGTTGATCTGTGTGAGTCAGACTGCGACAGTTCGAGTCTGAAGCGAGAGCTAACAACAGTATCAACAGGTTTAATTTGGATTTGGAAACGAGAGTTTCTGGTCATGAAAAACCCCAAAGAAGAAATCCGGAGGATCCGGATTGTCAATATGCTAAAACGCGGAGTAGCCCGTGTAAACCCCTTGGGAGGTTTGAAGAGGTTGCCAGCCGGACTTCTGCTGGGTCATGGACCCATCAGAATGGTTTTGGCGATACTAGCCTTTTTGAGATTTACAGCAATCAAGCCATCACTGGGCCTTATCAA,TTCCCTATCTAGGAAAAAGGGAGGACTTATGGTGTGGATCCCTTATAGGGCACAGACCCCGCACCACTTGGGCTGAAAACATCAAAGACACAGTCAACATGGTGCGCAGGATCATAGGTGATGAAGAAAAGTACATGGACTATCTATCCACCCAAGTCCGCTACTTGGGTGAGGAAGGGTCCACACCCGGAGTGTTGTAAGCACCAATTTTAGTGTTGTCAGGCCTGCTAGTCAGCCACAGTTTGGGGAAAGCTGTGCAGCCTGTAACCCCCCCAGGAGAAGCTGGGAAACCAAGCTCATAGTCAGGCCGAGAACGCCATGGCACGGAAGAAGCCATGCTGCCTGTGAGCCCCTCAGAGGACACTGAGTCAAAAAACCCCACGCGCTTGGAAGCGCAGGATGGGAAAAGAAGGTGGCGACCTTCCCCACCCTTCAATCTGGGGCCTGAACTGGAGACTAGCTGTGAATCTCCAGCAGAGGGACTAGTGGTTAGAGGAGACCCCCCGGAAAACGCAAAACAGCATATTGACGTGGGAAAGACCAGAGACTCCATGAGTTTCCACCACGCTGGCCGCCAGGCACAGATCGCCGAACTTCGGCGGCCGGTGTGGGGAAATCCATGGTTTCT,"[('39', '49', '-12.88', 'AAAAAAAAAAA'), (-12, -1, '-12.53', 'BBBBBBBBBBBB'), (-21, -15, '-6.83', 'CCCCCCC')]","[('320', '330', '-12.88', 'aaaaaaaaaaa'), ('339', '350', '-12.53', 'bbbbbbbbbbbb'), ('356', '362', '-6.83', 'ccccccc')]"
NC_035889.1,MBFV,SPOVG,ZIKV,107,10272,429,AGTTGTTGATCTGTGTGAATCAGACTGCGACAGTTCGAGTTTGAAGCGAAAGCTAGCAACAGTATCAACAGGTTTTATTTTGGATTTGGAAACGAGAGTTTCTGGTCATGAAAAACCCAAAAAAGAAATCCGGAGGATTCCGGATTGTCAATATGCTAAAACGCGGAGTAGCCCGTGTGAGCCCCTTTGGGGGCTTGAAGAGGCTGCCAGCCGGACTTCTGCTGGGTCATGGGCCCATCAGGATGGTCTTGGCAATTCTAGCCTTTTTGAGATTCACGGCAATCAAGCCATCACTGGGTCTCATCAA,TTCCCTATTTGGGAAAAAGGGAAGACTTGTGGTGTGGATCTCTCATAGGGCACAGACCGCGCACCACCTGGGCTGAGAACATTAAAAACACAGTCAACATGGTGCGCAGGATCATAGGTGATGAAGAAAAGTACATGGACTACCTATCCACCCAAGTTCGCTACTTGGGTGAAGAAGGGTCTACACCTGGAGTGCTGTAAGCACCAATCTTAATGTTGTCAGGCCTGCTAGTCAGCCACAGCTTGGGGAAAGCTGTGCAGCCTGTGACCCCCCCAGGAGAAGCTGGGAAACCAAGCCTATAGTCAGGCCGAGAACGCCATGGCACGGAAGAAGCCATGCTGCCTGTGAGCCCCTCAGAGGACACTGAGTCAAAAAACCCCATGCGCTTGGAGGCGCAGGATGGGAAAAGAAGGTGGCGACCTTCCCCACCCTTCAATCTGGGGCCTGAACTGGAGATCAGCTGTGGATCTCCAGAAGAGGGACTAGTGGTTAGAGGAGACCCCCCGGAAAACGCAAAACAGCATATTGACGCTGGGAAAGACCAGAGACTCCATGAGTTTCCACCACGCTGGCCGCCAGGCACAGATCGCCGAATAGCGGCGGCCGGTGTGGGGAAATCCATGGGTCTT,"[(-12, -1, '-12.54', 'AAAAAAAAAAAA'), ('39', '57', '-12.02', 'BBBBBBBBBBB.....BBB'), (-27, -15, '-7.41', 'CCC...CCCCCCC')]","[('340', '351', '-12.54', 'aaaaaaaaaaaa'), ('312', '330', '-12.02', 'bbb.....bbbbbbbbbbb'), ('357', '366', '-7.41', 'cccccccccc')]"
NC_008719.1,MBFV,YFVG,SEPV,116,10218,459,AGTATATTCTGCGTGCTAATCGTTCAACGTTAGTCCGTGGAGTGAGCTTCTGTTAAGTTGTTAACACGTTTGAATAATTTCTACTGAAAGGGTAGAGAAAAGGAGTTTTGCTTCTCATGGCAACAAGAGGAGCAAGCAAGTCTCGGGTCACGACCCGGGGCGTCAATATGGTGACGGCCAAGGCCAAGAGTCTGGCCGTCAAAATAAAAAACAAAACAAAACAAAACACAAGAGGACTGCGGGGGTTCCTCTTGTTTTTAGTGGCTCAAATTTTTTGGGCACGGAAATTGACCCCGCAAGTCAAAAAACTGTGGAG,CCTACCTGCCCAAGTCTATTGACAAAACCTGCAACTCATTGGTCGGAACAACACAACGTGCCACCTGGGCGCGTGATGTGAAGCATACTGTTCACCGCATCCGGAAGTTGGTTGGAAATGAGAAATTCTATGATTATATGTCTACCATGGACCGATATAGAGAGCTAGACGAAGAAGGTCCAGGAGAAATCCTTTGGTAGACAGACTGACACAAAATAAGTGACCAGAATGGGACTAAACCACCTACTATATGTAAAACCGGGATAAAAACCACGGAGAGGACCGGACCTCTCACTATGTAAAACCGGTATACAAACCAAAACAGACAGGACCGGACCTGCCTGATGTCAGCCCGTCATAATGACGCCATGGCTAAGCTGTGAGGCCATGCTGGCTGGGATAGCCGCGACCACCCGCGTAATGGGGTTCCTGGATTGCTCGATCCGGGGTAAAAAATTTTTAGGGAGCCTCCGCCTGCTGCGTCCGCGCGCAGCAGGAAAGAAGGGGTCTAGAGGTTAGAGGAGACCCTCCCGAGCACTATAGCGGACCATATTGACGCCTGGGAAAGACCGGAGACACTCCTTGATTCTCACCTTTCTCACCCTTAAGCACAGATTGCTTGAATGCAGGGTGGGGAAGTTGGGAACCAACTAGTGTCT,"[(-29, -11, '-21.15', 'AAAAAA.AAAAAAAAAAAA'), ('37', '55', '-20.7', 'BBBBBB.BBBBBBBBBBBB'), ('23', '32', '-11.05', 'CCCCC.CCCC')]","[('378', '397', '-21.15', 'aaaaaaa..aaaaaaaaaaa'), ('347', '364', '-20.7', 'bbbbbbbbbbbbbbbbbb'), ('368', '377', '-11.05', 'cccc.ccccc')]"
NC_012735.1,MBFV,YFVG,WESSV,118,10218,478,AGTATATTCTGCGTGCTAATCGTTCGACGTTAGTCCGTGGAGTGAGCTTCTATTAGAGTCGTTAACACGTTTGAATAATTTCTACTGAAAGGAGTAGAAGAAAGGAGATTCATTCCCAATGGCAACAAAGGGGATGAATAAGTCTCGGGCTCGATCCCGAGGCGTCAATATGGTAGCGGCTAGAGTGAAGAACCTAGCCGTTAAAGTAAAAAACAAAACAAAACAAAGTGCAAGAGGTTTGCGAGGGTTCCTCTTGTTTCTAGTGGCCCAAATTTTCTGGGCTAGAAAACTAACCCCGCAGGTTAAAAGATTGTGGAG,CTTATCTGCCAAAGTCAATTGACAAGACATGCAACTCACTCGTTGGAACCACACAACGAGCTTCCTGGGCTAGAGATATCAAGCACACAGTCCATAGAATCCGTGGACTTGTTGGAAATGAAAAATATACAGACTATCTAGCCACTATGGACAGATTCAGGGAACTCGATGAGAGTGGCCCTGGAGAAGTCTTGTGGTAAATTCAACAAAATTTAAGAAACCGGGATACAAACCACGGATCCAGAACCGGACTGGGTCACCTATTGAATAAAACCGGGATATAAACCACGGAGAGGACCGGACCTCTCACTCTGTAAAACCGGGATATAAACGAGCAAGCAGGACCGGACCTGCTTTTAGAGTCAGCCCATCATTTGATGCCATGGCTAAGCTGTGAGGCCATGCTGGCTGGGACAGCCGCGACCACCCGCGCAAAGGGGTTCCTGGTAGGCTCAAACCAGGGTAAAAAGTATTGGGAGCCTCCACCCACCGTTACCGCGCACGGTGGGAAAGATGGGGTCTAGAGGTTAGAGGAGACCCATTCCCTCCCGAGCACACATAGCGGACCATATTGACGCCAGGGAAAGACCGGAGACACTCCTTGATTCTCACCTTTCTCGCCCTAAAGCACAGATTGCTTGAATGCAGGGCGGGGAAGTTGAGAACCAACTAGTGTCT,"[('36', '55', '-23.24', 'AAAA..AAAAAAAAAAAAAA'), (-30, -12, '-16.32', 'BBBB.B.BBBB..BBBBBB'), ('23', '33', '-9.61', 'CCCCC.CC.CC')]","[('366', '384', '-23.24', 'aaaaaaaaaaaaaa.aaaa'), ('398', '415', '-16.32', 'bbbbbb..bbbbb.bbbb'), ('387', '396', '-9.61', 'cccc.ccccc')]"
NC_002031.1,MBFV,YFVG,YFV17D,118,10236,508,AGTAAATCCTGTGTGCTAATTGAGGTGCATTGGTCTGCAAATCGAGTTGCTAGGCAATAAACACATTTGGATTAATTTTAATCGTTCGTTGAGCGATTAGCAGAGAACTGACCAGAACATGTCTGGTCGTAAAGCTCAGGGAAAAACCCTGGGCGTCAATATGGTACGACGAGGAGTTCGCTCCTTGTCAAACAAAATAAAACAAAAAACAAAACAAATTGGAAACAGACCTGGACCTTCAAGAGGTGTTCAAGGATTTATCTTTTTCTTTTTGTTCAACATTTTGACTGGAAAAAAGATCACAGCCCACCTAAAGAG,TCCCTTATCTAACCAAGAGACAAGACAAGCTGTGCGGATCACTGATTGGAATGACCAATAGGGCCACCTGGGCCTCCCACATCCATTTAGTCATCCATCGTATCCGAACGCTGATTGGACAGGAGAAATACACTGACTACCTAACAGTCATGGACAGGTATTCTGTGGATGCTGACCTGCAACTGGGTGAGCTTATCTGAAACACCATCTAACAGGAATAACCGGGATACAAACCACGGGTGGAGAACCGGACTCCCCACAACCTGAAACCGGGATATAAACCACGGCTGGAGAACCGGGCTCCGCACTTAAAATGAAACAGAAACCGGGATAAAAACTACGGATGGAGAACCGGACTCCACACATTGAGACAGAAGAAGTTGTCAGCCCAGAACCCCACACGAGTTTTGCCACTGCTAAGCTGTGAGGCAGTGCAGGCTGGGACAGCCGACCTCCAGGTTGCGAAAAACCTGGTTTCTGGGACCTCCCACCCCAGAGTAAAAAGAACGGAGCCTCCGCTACCACCCTCCCACGTGGTGGTAGAAAGACGGGGTCTAGAGGTTAGAGGAGACCCTCCAGGGAACAAATAGTGGGACCATATTGACGCCAGGGAAAGACCGGAGTGGTTCTCTGCTTTTCCTCCAGAGGTCTGTGAGCACAGTTTGCTCAAGAATAAGCAGACCTTTGGATGACAAACACAAAACCACT,"[('28', '46', '-23.06', 'AAAAAA.AAAAAAAAAAAA'), (-20, -10, '-11.67', 'BBBBBBBBBBB'), ('15', '19', '-6.16', 'CCCCC')]","[('395', '412', '-23.06', 'aaaaaaaaaaaaaaaaaa'), ('425', '435', '-11.67', 'bbbbbbbbbbb'), ('453', '457', '-6.16', 'ccccc')]"
NC_008718.1,NKV,ENTVG,ENTV,119,10236,155,AGTAAATTTTGCGTGCTAGTCGCTTGGCGTTAGTCCGTGAAGTGAGTTTTTGGATACATTGTACCAGAGATTAACACGTTGAAATTATTTCTGAAAACAGAAAATCAGAATCAGACGCGATGAATAATCGCAGAAGTAACACCCGGAAAAAGGGTGTCAACTTAAAATTGCAAAATCAAAATAAAAAAGGACCGGGGAAACCCGGTCCTAAGAAGATGAGGGGAAGAAACTTCCTCAGTCCGCTTATGCGGATCCGAGCGATGATCGTTTACCTCATAACACTGATCTTAACAGGCAGGAAATGGACACCGGCGATGAA,CGTACCTCAACAAGTCACAAGACGTACGGTGTGGGTCACACATAGGATGTTCACAAAGGAAAAGCTGGGCAGACGCCCTGCCCAGCACAGTGGAAAAAGTCAGGTCCATAATTGGAAAAGATGGAAAATACGTGGACTACATGCAAACACAAACAAGGTTTGCCACAATAGTTCGAACAATGTTCGGTGATGTGTTGTAAATGAAAATCTTGGAATAAAGTCAGGCCGCAGCGTCTAAAACCGGAGCCTCCGCTGGGAAACCAGTCGACGGGGACTAGAGGTTAGAGGAGACCCCCCGCGCCCATAACCAACATAAAACAGCATATTGACACCTGGGAAAAGACCGGAGACTCTG,"[(-7, -2, '-5.29', 'AAAAAA'), ('32', '37', '-2.6', 'BBBBBB'), ('22', '26', '-4.21', 'CCCCC')]","[('31', '36', '-5.29', 'aaaaaa'), ('98', '103', '-2.6', 'bbbbbb'), ('53', '57', '-4.21', 'ccccc')]"
NC_005039.1,NKV,ENTVG,YOKV,150,10278,429,AGTAAATTTTGCGTGCTAGTCGCTGAGCGTCAGACCGCAAAGTGAGTTTTTAGTGATCTAAAGTGAGGAGTTATTCTTACTGTCATCAAACACTACAAATAAACACGTTGAAATTATTTCCGGAAGAACAACTGTCCGGAATCAAAGACGATGAAAAATCGTAGACAAAACACCCGAATTTCGGGTGTCAATATAAAAAAGCAAAATCCAAAAAACAAAAAACAAACAAAAATAAAAACATCTGTTGTAAAAAGAGGCAAGCGCTCTGTGCAACCTTTTGGATTCCTGAATCCAATCATGAGAGTGCGAGCTCTGATAGTCTATCTAATCACCATGATTTTGACTGGGCG,CGTACATTTCCAAGTCACAGGATGTCCGTTGTGGCTCAATGATTGGCACATCAAAGAGAAGCAGTTGGGCTGAAGCTCTTCCTCACACTGTACAAAAGGTGAGAGGCATTGTGGGGACACAAGAGAGGTACCGTGATTACCTTGAAACTCAAAACAGGTTCAGGACCATAGTCCAACATCTTGTTGGAGATATCCTGTGAGAGCAATAAAAAATTTTAAAGACAAAAGTGTCAGGCCAAGATTGAGAAAATCTTGCCACAGCTTGGCAGACTGTGCAGCCTGCAGCCCTAGAGGGAGACTGACCAACTCCCTTTAGTAGAAAAGGTCAGGGAAGAACTTGAGGATGGGTGTGGCCTCAAGATCTCTTCTCAAAAAACGGACTGAACACCACACCTAGATGAAGATAGTAGGGGAGCCTCCGCCAATGGTGGCTTTACATATTGAGCTACTGCATTGGTCGATGGGGACTAGCGGTTAGAGGAGACCCTCTCCTACGCATGGATTTTGCAATATGTTGACATCAGGGAAAGACCGGGTGTTTGTCGGTTCCGGAGAGCTCCGGAGGCCAGGGCGCCGTTTGCCCGTAGTTTATAACTGGCCTTCGGGGATCGAAGGAGTTGCCAAACACT,"[('50', '59', '-13.45', 'AAAAAAAAAA'), ('28', '44', '-11.4', 'BBBB.BBBBBBBBBBBB'), ('13', '25', '-14.53', 'CCCCCC.CCCCCC')]","[('299', '308', '-13.45', 'aaaaaaaaaa'), ('311', '328', '-11.4', 'bbbbbbbbbbbb..bbbb'), ('333', '344', '-14.53', 'cccccccccccc')]"
NC_003635.1,NKV,MODVG,MODV,109,10125,366,AGTTGATCCTGCCAGCGGTGGGTCGCTACTGTTTCGCGAACCAGTCGTTTTGACAGTTGGTTGGGATCAAATTTGTTCTGTGCGCGTCACGCCACTTTTTGTGGCGGGAATGTGCGAAAATAACAGGAAAAAGAACCCTGGAAAGGGTTCAAAGAAGAAAAAGAATGCTGGAAGGAATGGGAAGGAAGTCCCGGGACTTGCTCTGGTGATGGGCGTGATCCATTACGCCAGCCATATAGCCTTGGGAATGAAAGTTAATTCACGGCTTAAAAGGTTTTGGAAGATGACTCCGGCCAGCAAACTTGCAAA,AAGTCCCTTACCTTCCAAGAAACCAGGACAAGTCATGTGGTAGCCTAATTGGGACTACTGCTAGGGCAGAATGGGCCAAGTTGCTTCCAGGAGCCGTTGAGAAGGTGAGGAACATCTTTGGGAAGCAAAGATTCAGAAACTACCTTAGGAACATGGGTAGGTATGAGTCACAAGAAGAAGCTCCATTTTCAATGTATTAAACAATGAAATAATTAAATGAAAGAGTGTTGAGGGCAACCAGTGGGCTAGCCACATGGGTATGACGCACCCACCCTCTGCATTCTTGTAAATACTTTGGCCAGTCATTGTAAATAGGTTAGGGAGCCGGGCCCAACCCAGCTAGGGATAGCCTTTCTGGGGTAAGGACTAGAGGTTAGTGGAGACCCCCGGCTTTTGAAGTTAGGGCAACACAGGGAGTGGTTCAATTGGCCAGAACCGCTCTGGCGTTTGCCTCCTGTTATTTTCCAAATTCCCGTTACCGGGGGTGGGGTGATTAGCCATGGTCGCACAGATCAAGCTCAGATTGCTTACATGTAATCTGTGTGGTCATGAATATGACCTCCGCT,"[('6', '18', '-17.57', 'AAAAAAAAAAAAA'), (-9, '4', '-10.54', 'BBBBBBBBBBB.BB'), (-24, -11, '-10.61', 'CCCCC.CCCCCCCC')]","[('253', '265', '-17.57', 'aaaaaaaaaaaaa'), ('266', '279', '-10.54', 'bb.bbbbbbbbbbb'), ('281', '294', '-10.61', 'cccccccc.ccccc')]"
NC_004119.1,NKV,RBG,MMLV,108,10125,457,AGTTGGTTTTGCCGGCTACAACGATCCTCCGTAGGAAGCGTTGGTGTCTTGGACATTGCCGAGTTGAAACCTTGGTTTCCGGCTGGAAACCACGTCGCTCTTCGTCAAATGACGAAAGGCAAAATGAAAAACGCGAATAAAAAGAAAGCAAAAAACTCTAAGACCAATCCTGGTCGAAGTGGCAGAAGTAATGGAATGGATTTGGTTATGGGAATCATGCACTTTGCCACTCATATTGCAATGGGAATGAAGGTCAACAAGAGACTGAAAACCTTTTGGAAGGTGACGCCCCCAGGTAGATTGGCTAA,ATGCAATCCCATATCTGCCACGGAGAGAAGACATAAACTGTGGTAGTCTGATTGGAACATCAAAACGATCAACATGGGCAACACTAGTGCCTGGGGCTGTTATGAAAGTGAGGAATTTGTTTGGGCCTGAGAAATTTTCTAACTACATGGATTGTATTGGAAGATATCATGTTGGCCACCAGGACTTCTGCCTGTACTAGATCCAGCAACACCTAAAATGTACATAGAAAACAACTAATGGAAAAAATGCGAGTGAGGGCAACTCTGGGATTAGCTCAATGGGTGTGACGACCCTACCCTTCCGCATTTGTAAATAATTGAGCCAGTCATTTCCGTAGGGAAGAGAGTTATTCGCTCCTCTCGAGATTGAGCGGCCTGCTCCTTGGAGCATGAGATGGGAGGCCCGAAGCAAAGCTGAAAGGACTAGCGGTTAGAGGAGACCCCTTCCATCTCTGGTATCAAATTTCATGGAGTTTACTCCATGGTGGCTAGAACCCATAGCGGGGGTGAACCACATTGGCTAAGGTTCACCAGCTTTTGCTCCCGCGTTTTTCAAATTGCCTCATCTTGAATGGGGGGCGGCGTGGATATATACTCCAGCCAGAAAAGACTCAGATTGTCTCATGACTTTCTGACTGGCGTACATAGCCATCCGCT,"[('8', '26', '-19.13', 'AAAAAA..AAAAAAAAAAA'), (-19, -9, '-16.24', 'BBBBBBBBBBB'), (-28, -22, '-11.66', 'CCCCCCC')]","[('345', '363', '-19.13', 'aaaaaaaaaaa..aaaaaa'), ('377', '387', '-16.24', 'bbbbbbbbbbb'), ('396', '402', '-11.66', 'ccccccc')]"
NC_003690.1,TBFV,MTBVG,LGTV,130,10245,568,AGATTTTCTTGCGCGTGCATGCGTGTGCTTCAGACAGCCCAGGCAGCGACTGTGATTGTGGATATTCTTTCTGCAAGTTTTGTCGTGAACGTGTTGAGAAAAAGACAGCTTAGGAGAACAAGAGCTGGGAATGGCCGGGAAGGCCGTTCTAAAAGGAAAGGGGGGGGGTCCCCCTCGACGAGCGTCGAAAGTGGCCCCAAAGAAGACGCGTCAGTTGCGGGTCCAAATGCCAAATGGACTTGTACTGATGCGCATGCTGGGAGTTCTGTGGCATGCCCTGACTGGGACTGCACGAAGCCCAGTACTGAAAGCGTTTTGGAAAGTCGTTCC,CATACCTGCCAAAATCACAGGACATCCTGTGTTCATCATTGGTGGGAAGGGGTGAAAGAGCAGAGTGGGCAAAGAACATCTGGGGAGCCGTGGAGAAGGTGAGAAGGATGATCGGACCAGAACACTACAGGGACTACTTGTCAAGCATGGACAGACACGACCTACACTGGGAGCTCAAACTGGAGAGCTCAATATTTTAAAGCCAGACACAAGGAGTCCAACCTGGAGGGCTCTTGAAAAACTCGTCCAGAAACCAAACAAATGAGCAAGTCAACAGGAGATGATAACTCGTACGAGCTGATCTCCAACACACAAGAAAAATGGTGGGATGCGGCAACGCACGAGGCTCGTGACGGGGAAATGATCGCTCCCGACGCACCCCTCCATTGGAGACAACTTCGTGAGATCCCCCAGGTGTTTAGGGGCACACGCCTGAGGTAAGCAAGCCCCAGGGCGCATTCCGGCAGCACACCAGTGAGAGTGGTGACGGGAAACTGGTCACTCCCGACGGAGCTGCGCCTTGTGAAACTTTGTGAGACCCCTTGCGTCCAGAGAAGGCCGAACTGGGCGTTATAAGGAGGCCCCCAGGGGGAAACCCCTGGGAGGAGGGAAGAGAGAAATTGGCAACTCTCTTCAGGATATTTCCTCCTCCTATACCAAATTCCCCCTCGTCAGAGGGGGGGCGGTTCTTGTTCTCCCTGAGCCACCATCACCTAGACACAGATAGTCTGAAAAGGAGGTGATGCGTGTCTCGGAAAAACACCCGCT,"[(-23, -8, '-15.81', 'AAAAAAAAAAAAAAAA'), ('28', '37', '-16.03', 'BBBBBBBBBB'), ('39', '50', '-13.12', 'CCCCCCCCCCCC')]","[('488', '504', '-15.81', 'aaaaaaaaa.aaaaaaa'), ('444', '453', '-16.03', 'bbbbbbbbbb'), ('469', '481', '-13.12', 'ccccc.ccccccc')]"
NC_001809.1,TBFV,MTBVG,LIV,129,10245,497,AGATTTTCTTGCACGTGCGATAGCTTCGGACAGCTTTGGCAGCGGCAGGTTTGAAAGAGACATTTTTTTTTCTTTCATCAGCCGTGAACGTGTTGAGAAAAAGACAGCTTAGGAGAACAAGAGCTGGGGATGGGCAGGAAGACCATCCTGAAAGGCAAGGGGGGCGGTCCCCCTCGACGAGTGTCGAAAGAGACCGCGACGAAGACGCGTCAATCTAGAGTCCAAATGCCAAATGGACTGGTGTTGATGCGCATGATGGGGATCTTGTGGCATGCTGTGGCTGGCACTGCGAGAAACCCTGTTTTGAAAGCATTCTGGAATTCCGTCCC,CATATCTCCCCAAGACCCAGGACATGATATGCTCCTCCCTTGTTGGAAGGAAAGAAAGAGCAGAATGGGCAAAGAACATCTGGGGAGCGGTGGAAAAGGTGAGGAAGATGATAGGTCCTGAGAGGTTCAAAGACTATCTCTCCTGCATGGACCGCCATGACCTACACTGGGAGCTCAAGCTAGAGAGCTCAATAATCTAAGCCTAGCTTGTGACAGAGCAAAACTTGAAGAGCTCGCAAGGAAACCATGGAATGATGCGGCACGGCGCGACAGCGACGGGGAAATGGTCGCACCCGACGCACCATCCATGAGGCAGCAATTCGTGAGACCCCCCTGGCCAGGAAAGGGGAAAACAGGCCAGGGGTGAAAACACCCCCAGAGTGCACCACGGCAACACGCCAGTGAGAGTGGCGACGGGGAGATGGTCGATCCCGACGTAGGGCACTCTGCAAGATTTTGCGAGACCCCCCGCCCCATGACAAGGCCGAACATGGAGCATTAAAGGGAGGCCCCCGGAAGCATGCTTCCGGGAGGAGGGAAGAGAGAAATTGGCAGCTCTCTTCAGGGTTTTTCCTCCTCCTATACCAAATTTCCCCCTCGACAGAGGGGGGGCGGTTCTTGTTCTCCCTGAGCCACCATCACCCAGACACAGATAGTCTGACAAGGAGGTGATGTGTGACTCGGAAAAACACCCGCT,"[(-23, -8, '-16.96', 'AAAAAAAAAAAAAAAA'), ('28', '38', '-12.57', 'BBBBBBB.BBB'), ('39', '45', '-11.53', 'CCCCCCC')]","[('417', '433', '-16.96', 'aaaaaaaaaaa.aaaaa'), ('384', '398', '-12.57', 'bbb.....bbbbbbb'), ('404', '410', '-11.53', 'ccccccc')]"
NC_005062.1,TBFV,MTBVG,OHFV,132,10245,410,AGATTTTCTTGCACGTGCGTGCGCTTGCTTCAGACAGCAATAGCAGCGGCAGGGTTGGTGGAAGGAATTGCCCGCATCAGCCAGTCGTGAACGTGTTGAGAAAAAGACAGCTTAGGAGAACAAGAGCTGGGGATGGCCGGGAAGGCCATTCTGAAAGGAAAGGGGGGCGGTCCCCCTCGACGAGTGTCGAAAGAGACCGCTAAGAAGACGCGTCAACGCGTGGTCCAAATGCCAAATGGACTAGTGTTGAAGCGCATAATGGAGATTTTGTGGCATGCCATGGTCGGAACCGCCCGAAGTCCTCTCTTAAAATCATTCTGGAAGGTAGTCCC,CATACCTTCCCAAGTCACAAGACATGATGTGCTCGTCACTGGTTGGAAGACGGGAAAGAGCAGAGTGGGCAAAGAACATCTGGGGAGCAGTGGAGAAAGTGAGGAAAATGCTGGGCCCTGAGAGGTATAGTGACTACCTTTCCTGCATGGACCGGCATGAACTGCACTGGGAGCTCAAAGTGGAGAGCTCAATAATCTAACCACAGACAACCATAGAGCAAAAGCACCATTTCGTGAGACCCCCCTGCCAGTTGAAGGGGGAAGCTGGCCGGTGGTAGAAAACCCCCCAACAGGGTGCCAAACGGCAACACGCCAGTGAGAGTGGCGACGGGAACATGGTCGCTCCCGACGTAGGGCACTCTATCCAATTTTGTGAGACCCCCCGCACCATGGAAGGCCAAACATGGTGCATGAAGGGAAAGGCCCCCGGAAGCTTGCTTCCGGGAGGAGGGAAGAGAGAAATTGGCAGCTCTCTTCAGGAAATTTCCTCCTCCTATACCAAATTCCCCCTCATCTGAGGGGGGGCGGTTCTTGTTCTCCCTGAGCCACCATCACCCAGACACAGGCAGTCTAACAAGGAGGTGATGTGTGACTCGGAACAACACCCGCT,"[(-23, -8, '-16.02', 'AAAAAAAAAAAAAAAA'), ('25', '38', '-12.36', 'BB.BBBBBBB.BBB'), ('39', '45', '-11.62', 'CCCCCCC')]","[('330', '346', '-16.02', 'aaaaaaaaaaa.aaaaa'), ('298', '315', '-12.36', 'bbb....bbbbbbb..bb'), ('317', '323', '-11.62', 'ccccccc')]"
NC_003687.1,TBFV,MTBVG,POWV,111,10248,480,AGATTTTCTTGCACGTGTGTGCGGGTGCTTTAGTCAGTGTCCGCAGCGTTCTGTTGAACGTGAGTGTGTTGAGAAAAAGACAGCTTAGGAGAACAAGAGCTGGGAGTGGTTATGATGACCACTTCTAAAGGAAAGGGGGGCGGTCCCCCTAGGCGCAAGCTTAAAGTGACCGCAAATAAGTCGCGACCAGCAACGAGCCCAATGCCAAAGGGCTTCGTGCTGTCGCGCATGCTGGGGATTCTTTGGCACGCCGTGACAGGCACGGCCAGACCCCCAGTGCTGAAAATGTTCTGGAAAACGGTACCACTGCG,CCTATCTGCCAAAAACACAGGACCTGGTATGTTCCTCACTTGTTGGGAGAAAGGAGAGGGCAGAATGGGCTAAGAACATCTGGGGCTCAGTGGAGAAGGTCAGGAAGCTCATTGGACCAGAAGACTACAGAGACTACTTATCAAGCATGGACAGACATGACCTGCACTGGGAGCTCAAGCTAGAGAGCTCGATAATCTAAACTAGCATGACTGAACAGTCAAAAGAACCCTAACACAGGGGATGGTGTGGCAGCGCACAACGACATCGTGACGGGAGTGGGTCGCCCCCGACGCACCATCCTCTTGGGAAAAATTTTCGTGAGACCCTCACGGCTGGCAAAGGGCACCAGTCGTGTAGTAAGAAGGCCCTGGCCCAGTGCGGCAGCACACTCAGTGACGGGAAAGTGGTCGCTCCCGACGTAACTGGGTAAAAACGAACTTTGTGAGACCAAAAGGCCTCCTGGAAGGCTCACCAGGAGTTAGGCCGTTTAGGAGCCCCCGAGCATAACTCGGGAGGAGGGAGGAAGAAAATTGGCAATCTTCCTCGGGATTTTTCCGCCTCCTATACTAAATTTCCCCCAGGAAACTGGGGGGGCGGTTCTTGTTCTCCCTGAGCCACCACCATCCAGGCACAGATAGCCTGACAAGGAGATGGTGTGTGACTCGGAAAAACACCCGCT,"[(-24, -10, '-16.72', 'AAAAAAAAAAAAAAA'), ('17', '31', '-17.79', 'BB....BBBBBBBBB'), ('33', '38', '-8.99', 'CCCCCC')]","[('396', '410', '-16.72', 'aaaaaaaaaaaaaaa'), ('356', '369', '-17.79', 'bbbbbbbbb...bb'), ('389', '394', '-8.99', 'cccccc')]"
NC_027709.1,TBFV,MTBVG,SGEV,132,10245,493,AGATTTTCTTGCACGTGCATGCTTTTGCTTCGGACAGCACTGGCAGCGGCAGGTTTGAGAGAGACGATCTTTCGCTCTCATCAGTCGTGAACGTGTTGAGAAAAAGACAGCTTAGGAGAACAAGAGCTGGGGATGGGCAGGAAGTCCATCCTGAAAGGTAAGGGGGGCGGTCCCCCTCGACGAGTGTCGAAAGAGACCGCAACGAAGACGCGTCAACCCAGAGTCCAAATGCCAAATGGACTGGTGTTGATGCGCATGATGGGAATCTTGTGGCATGCCGTGGCTGGCACTGCGAGGAACCCTGTGTTGAAGGCATTCTGGAACTCTGTTCC,CGTATCTCCCCAAGGCCCAAGACATGGTATGCTCCTCCCTTGTTGGAAGGAAGGAAAGAGCAGAATGGGCGAAGAACATCTGGGGAGCGGTGGAAAAAGTGAGGAAAATGATAGGTCCTGAGAGGTTTAAGGACTATCTCTCCTGCATGGACCGTCATGACCTGCACTGGGAGCTCAAGCTGGAGAGCTCGATAATCTAAGCCCAGCCTGTGACCGAGGGAAAATTTTAAGGGATCATGGAATGATGCGGCAGCGCGCGATAGCGACGGGGAGATGGTCGCACCCGACGCACCATCCATGAGGCAACAATTCGTGAGACCCCCCCTGGCCAGGAAAAGGGGGGTGCAAACAGGCCAGGGGTGAAGAACACCCCTAGAGTGCACCACGGCAGCACGCCAGTGAGAGTGGCGACGGGAGAATGGTCGATCCCGACGTAGGGCACTCTGTAGAATTTGTGAGACCCCCCGCACCATGACAAGGCCGAACATGGTGCACCAAAGGGGAGGCCCCCGGAAGCACGCTTCCGGGAGGAGGGAAGAGAGAAATTGGCAGCTCTCTTCAGGATTTTTCCTCCTCCTATACCAAATTCCCCCTCGACAGAGGGGGGGCGGTTCTTGTTCTCCCTGAGCCACCATCACCCAGACACAGATAGTCTGACAAGGAGGTGATGCGTGACTCGGAAAAACACCCGCT,"[(-23, -8, '-15.67', 'AAAAAAAAAAAAAAAA'), ('24', '37', '-12.46', 'BBBBBBBBBBB.BB'), (-6, '3', '-8.92', 'CCCCCCCCCC')]","[('413', '429', '-15.67', 'aaaaaaaaaaa.aaaaa'), ('370', '383', '-12.46', 'bbbbbbbbb.bbbb'), ('432', '442', '-8.92', 'ccccc.ccccc')]"
NC_001672.1,TBFV,MTBVG,TBEV,132,10245,764,AGATTTTCTTGCACGTGCATGCGTTTGCTTCGGACAGCATTAGCAGCGGTTGGTTTGAAAGAGATATTCTTTTGTTTCTACCAGTCGTGAACGTGTTGAGAAAAAGACAGCTTAGGAGAACAAGAGCTGGGGATGGTCAAGAAGGCCATCCTGAAAGGTAAGGGGGGCGGTCCCCCTCGACGAGTGTCGAAAGAGACCGCAACGAAGACGCGTCAACCCAGAGTCCAAATGCCAAATGGGCTTGTGTTGATGCGCATGATGGGGATCTTGTGGCATGCCGTAGCCGGCACCGCGAGAAACCCCGTATTGAAGGCGTTCTGGAACTCAGTCCC,CGTACCTCCCTAAAGCTCAGGACATGTTATGTTCCTCCCTTGTTGGGAGGAGAGAAAGAGCAGAATGGGCCAAGAACATCTGGGGAGCGGTGGAAAAGGTGAGGAAGATGATAGGTCCTGAAAAGTTCAAGGACTATCTCTCCTGTATGGACCGCCATGACCTGCACTGGGAGCTCAGACTGGAGAGCTCAATAATCTAAACCCAGACTGTGACAGAGCAAAACCCGGAAGGCTCGTAAAAGATTGTCCGGAACCAAAAGAAAAGCAAGCAACTCACAGAGATAGAGCTCGGACTGGAGAGCTCTTTAAACAAAAAAAAAAAAAAAAAAAAAAAAAAAAAAAAAAAAAAAAAAAAAAAAAGCCAGAATTGAGCTGAACCTGGAGAGCTCATTAAATACAGTCCAGACGAAACAAAACATGACAAAGCAAAGAGGCTGAGCTAAAAGTTCCCACTACGGGACTGCTTCATAGCGGTTTGTGGGGGGAGGCTAGGAGGCGAAGCCACAGATCATGGAATGATGCGGCAGCGCGCGAGAGCGACGGGGAAGTGGTCGCACCCGACGCACCATCCATGAAGCAATACTTCGTGAGACCCCCCCTGACCAGCAAAGGGGGCAGACCGGTCAGGGGTGAGGAATGCCCCCAGAGTGCATTACGGCAGCACGCCAGTGAGAGTGGCGACGGGAAAATGGTCGATCCCGACGTAGGGCACTCTGAAAAATTTTGTGAGACCCCCTGCATCATGATAAGGCCGAACATGGTGCATGAAAGGGGAGGCCCCCGGAAGCACGCTTCCGGGAGGAGGGAAGAGAGAAATTGGCAGCTCTCTTCAGGATTTTTCCTCCTCCTATACAAAATTCCCCCTCGGTAGAGGGGGGGCGGTTCTTGTTCTCCCTGAGCCACCATCACCCAGACACAGGTAGTCTGACAAGGAGGTGATGTGTGACTCGGAAAAACACCCGCT,"[(-18, -4, '-16.37', 'AAAAAAAAAAAAAAA'), ('25', '37', '-12.17', 'BBBBBBBBBB.BB'), ('15', '22', '-7.64', 'CCCCCCCC')]","[('680', '694', '-16.37', 'aaaaaaaaaaaaaaa'), ('641', '653', '-12.17', 'bbbbbbbbb.bbb'), ('629', '636', '-7.64', 'cccccccc')]"
NC_023439.1,TBFV,STBVG,KAMV,146,10260,282,CTCTTCCCCCCTCCTTCTTGAGTATATGTTCACGTGTGAACGCACTGTCTTTGGTCAGGCAGAGTGGTCTTTTGCGTCGTTATTGCTTTGGATAGCACGTGTGACATACAAACAACTAGGAGAACAAAGAGTTGGAGCTGAAGGCAATGCCTTCGGTTTTGAAGAAAGGCGGCGGTAAGCCTGCTGCGTATGCAGCTAAAACCGCCAAGAAAACCAGGGGAGGGGCCGGCAACAACTTGCCAAGGAGGCTGGCCATGACTGCGATGATCAGGGTCATCTTGATGATGGCTCATGGTGTCGCGCGACCCTTGGATTTGAAGAAGTTCATGAAGAGAACCCCCATTGC,CATACCTCCCAAAGGCACAGGATCGGATGTGTGGCTCACTCATTGGAACCAACTCCAGGGCTTCTTGGGCCGAGAATATCTGGGGAACCGTTGAGAAGATCAGGAACATGGTTGGGATGGAGAACTTCCGTGACTACCTCTCGGTGATGGACAGATATGGGGGCGGCGTGGCTGTGCCCATAACTAGTGACATTCTGTAAGCCCCGACAATCTCTGCCAACTGGTGCTCGGACTGGACCGAGCAGTGCGCCGGGAGGGCGAAGGGAGTGCGCACTCTGGCCACTGTGTGGCCAAAACCTACCGGCAGGAATGCTACCACCCATGAGCGAGGGTGGTGAAAAATTGAGCTCATATGAGAACCCGGCAGGAATGCTACCACTCCAGGGGTGGGAGTGGTGAAAAATTAAGCCCTACCGGCAGGAATGCTACTCGCATTGGGCGCGCGGGTGAGAAAACAAGCCCACTGCCATGGGTGTGGCAGC,"[('25', '30', '-3.73', 'AAAAAA'), ('55', '59', '-4.89', 'BBBBB'), (-12, -8, '-3.07', 'CCCCC')]","[('212', '218', '-3.73', 'aaaaa.a'), ('186', '190', '-4.89', 'bbbbb'), ('146', '150', '-3.07', 'ccccc')]"
NC_023424.1,TBFV,STBVG,TYUV,131,10269,273,GGACCAGAGCGAAAGCGGGAACTTTAGTCAGTGACTGAGGCCTCTTGAGTTAGTGTTGAAAGACGCGTTTTCAAGGTGGTATCACGTTGGGCATAAAAACAACTAGGAGAACAAAGAGTTGGACTGAGGGAATGCCCTCAGTTTTAAAAAAGGGCGGCGGAAAGCCTGTCACGCAAGTGACCAAAACCGCCATGAAAAATAAAAACGGAAAAAAGCAGGTTGCAAAACCCCGCAACCTAGTGATCACCGCCATGCTCCGAGTCATACTGGCTATGGCTCATGGTGTGGCACGGCCCCTTGACCTGAGAAGATTTATGAAGACAACCCCAGT,CCTATCTTCCAAAGGCCCTAGACCAGGGTTGTGGATCGCTCATTGGTGGACGCTCTAGAGCAGCGTGGGCCGAAAACATCTGGGGCACAGTGAAGAAGATCAGAGAGATGATAGGAAACGAAAACTACACGGACTATCTGCAGGCAATGGACAGATTTGGGCCAACCAAGTCTGTCCCTCTGACAAGCGACATCATCTAAATAAATCACATTTTCTGGAGCTTGCCAGCTTTGGCAAGCACACACCGGGAGGGTGCAGGGAGAGTGTGTTCGACCACTATGTGGTCAAGACAACCGGCAGGAATGCTGCCTCCAGGGGACGGGGAGGCGAGAAAATGAGTCCCAAATAACTGGCAAGAATGCTACCTGGCGTAGGTGACCGCGCTGGGTGAAAAGGCAAGGTCACAATTAAGAACCGGCAGGGAAATGCTATCTGGGAGAGGCGACCAGATGAAAAAGTAAGTCTCATGAGAC,"[('45', '50', '-8.26', 'AAAAAA'), ('56', '60', '-5.12', 'BBBBB'), ('31', '42', '-4.97', 'CCCC.CCCCC.C')]","[('200', '205', '-8.26', 'aaaaaa'), ('167', '171', '-5.12', 'bbbbb'), ('174', '185', '-4.97', 'cccccc.c.ccc')]"
