id,class,type,virus,UTR5len,CDSlen,UTR3len,seq5,seq3,hybridDP,start1,end1,start2,end2
NC_012932.1,ISFV,cISFVG,AEFV,96,10026,942,AGTTTTTAAAAACTTCTGTGAAGGTCACATCCCTAGTTGGATTACGCCGCTTTTGAAAAATCTAGAAGTTGTTTGGAAAAGAGATATCTGGTTCGTATGAATAGGATGCTCTTGAAGAAAGGGCCTTCGGGCCAAACATCTGGTCGGCCATCGACCAGACCGCCGGACCCAGCGGAAAAGAGGGTAAAAAGGGCCGCAGGAAACAAGACCAGCAAAAACCAGCGGCCATCAACACGAGGAGCAACTCCATCATCGCTCCTCACCAGCTTATTCGGACGCAGAAAAGGAGGGGAATG,TTCCGTATCTACACAAGAGGCAAGACATCGCCTGCGGAAGCTTAATCGGATCCAAAGAGCGAGCCGTTTGGGCTCGGGAGATCGAAAATGGAGTTTTAAGTATCCGCAAAATTCTGAACGCCGAGTCGAAATGTGATAACGTGTACAATGATGGGCTGGTCATCATGTCGCGTTTCCGAAAGAGTAATGACGTGATATAACTGCTTCAATCATATCACCTCAATTTAAAGGGTCAGGGATAGCTTTGGCGAAGTATTCCAAATAAGGCCACGTTTCGCCACGAATTCACACTCCCAGCTTCTCTAGCTAGGGGGTGACCCTCACGCCAAATTCCCCCAGTTTAATCTGTTCGGAATTGGTGATGACCACTTCCCCTCAATGGGGAACACAATTGCGTTCTTAACAGAACACAACATTGAAACCATGTTTACACTTTGGACTTAGGGAAATGGTCTCCGCTTGGGCGATCTTCCCAAAACGAGTCCATCGTGTGCAGATTTGGAAAACCAAATCTCCCCGCCCCGAGAGGAGAAGTCTCTCTCCCCTCGGAGTGGGGGCTGCATTGCAGTGGTTTCAGAGCAGGGCACAATAGTGTCGGGCCTGACGACCCCGCTCCCCCGAGTCGCCCAACGGAGTTTGGCTCAACTCTAAAAAGAAAATAAGCCGATTTGGACTTTCATAGTCCTATTGCCTCAGATCTACTGTTGCAACGCAGCGCAGGGCATGAAAATGTCGGGCCTGACGAACCCGCGCACCCGAGTCCCCCAGTTGGGGAAGGGATCCTTGCATCCCACCCTCCTGCAGGAAGGGCGAAAATCCTGCTGACCCCCCTGGTCATGGGAAACTGACCCGAGTAAGTAGTGGCGCCCTTGCTTGTACATCCGCCAGCTGATGGTCTTAAGCATCCCTCCCCTAGGAAAGGGGCAAGAGTGGCCTGTAAACACCACTGGAAGGCTCCAGTGCTCTTGCCTAAATGGCCAGCCAAAGCAACCCGAAGCTTTAAAAATCGGGCGGAGCAACAGGGAGAAATCCCGGGGAATTGCGAACCCCCTCCGAAATGTGAAAAATTATGGGGAAAAGTACCCATCTAAGCCTCCCACCGTTAGGGAGTTTGGAATACCTTTTCTATACCATAGATGCGC,((((((..((((((&)))))))))))),218,231,149,160
NC_031327.1,ISFV,cISFVG,AnFV,107,10026,455,AAAAACCCACCTGTGTTTCTTTGGTTATTTTACCTGTGTTTCGCGTTTTTATTGGTTGGTTTGTTTGAAATCCGTTTCTTTCAAAACCGTGAGCAGTTGAGTTGACGATGCAAGTCAAGCGAGTGAAGAACCGTGAGGGAGGAGGCGGAAAGCCTGGCATAAAGGGAAAGACAGGGTCTCTCCTTGGCCGGGCGCTCAAGATGGTCTCTGGGGACCTGAGCGAGACCCTGCTACAACTTATAGTTGCGGTGGTTGCCATGTGGAACAATTTGTTGCGCAGAGTGCAGGCACTGGAACGTAGGGTGAG,CAAAGAAGCAGGATATAGCTTGCGGGAGCCGCATTGGAACCCCAGACCGAACGCAATGGGCTAAAGAAATGCCAGAGCTAGTAATGAAACTGCGTCGCGTTCTGGACAAGAATGAAGGACCCCAACGCTATACTGACGGACTTGCAATCCTGGGTCGATACCACGCGACCCTGCCCCCCGCGACAGGAATCTGCGTGTAAACGAGCGGGAAGGCAACACACCAGTAATCTGGTGGGGTGAGTTGCGACACCCCCTTGTGAGCAACCGACCTAGCCGGTCTATTGACCGGCTTGCTATGGATACGGGACCCGGATCTTGGCAAAACCGTTGTTGGCAGCGCAACGGTTGGTACTATTAGTCTGCAACGAACAAAACAAAATCCATAAAACATCATGGTCATCCCTCAACATCCGGGATGCCGGAACGAACTGCTCACTCGTTCCAGACGAGTTATACCATCTTTTGAAGGTATAACTCGACGTAATCCACGAAAGAATGTGGAGTATCACGAATGGCACAACCAACATTGCACTTAGTTGGAACGCCAAACGTGGTAGCAAAGGAGTTGAGAGCACTCCTCATATAACAAGGGCAACACAGATCATTTATGGTCTGAGGTGAGCAGCGCCACCTCCCTTAATAATGTGAAATTAAA,((((((((...((((((&)))))))))))))),291,307,432,445
NC_001564.2,ISFV,cISFVG,CFAV,103,10026,553,ACTTCGGCTTAGCTACACCACAGTTTTGGTTACGCTTATATTTTCAAAGCTTAAGTTGTTTTTAATTTTTGCCGAGAGACCGTGAGGTTGAACCCGGCAAGGAATGAAGAGGAAGGATTTGGAGGCGCGAGGAAAAGCGCCAGGGAGGGATTTTTCCACCCCGTTCTGGGGAAGAGAAGGTAGGAGAAAGGACAAGGAAAAGGGAGGGGAGTCTCCCTCAAATCGGCAAGTGACCCTGAATACACCCATCCAGAGTGGGCGTAGGGCAGGGAAAAGACAGCGTGTTGGCCTGCTAGGAAGGCT,TCCCCTACCTGCACAAGAAACAGGACATAACCTGCGGAAGCCTGATAGGGGTCAAGGAGCGCGCAACGTGGGCACGAGAGATTGAAAATAGTGTCATCAGCGTCCGGAGGATAATCGACGCAGAAACTGGGGTCCTGAACACCTACAAGGACGAGCTCTCAGTTATGAGTCGATATCGAAGAGGAAATGATGTCATTTAGACGAAATCGAATAGAGCCGTGAGGAACCAGCATCCTCCCGGCCACAGGAGCAGGGCATGAAAATGTCGGGCATGACGAACCCGCTCCCCCGAGTCCCCTGGCAACAGGGTGTGTTCCCTTATGGAGCACGTTCGAGCAGGGCACATTAGTGTCGGGCGTGACGCACCCGCTCCCCTCAGTCCCCTGTGCAACAGGGAGGGCACTTGTAACCCCCGTAGGAGGGTGCCCGCTTCCGTCCTACAAAAACCTCTGATCATAGGTACCTGATCTAAGATGGTGGTGGCGGCCCATCTTATCATTTAGCTAGCTGATGGTCTTAAGCATCCCTCCCATGGAATGGGTAAGAGAAGCCTGCAAACAAAACTGGATGGCACCAGTGCTCTTACAAAATGGCAGCCAAAGCGATCCAGAGCTTTCAAAACTGGACGGGGCAACAGGGAGAAATCCCGGGGTAGCGAACCTCCTCCGTTAATGTGAAAAAGTATGGGGAAAGAACTCATCTTAACCTCCCACCGTTAGGGAGTTTTGATTATCTTTTCTATACCATAGATGC,(((((((((&))))))))),143,151,523,531
NC_030290.1,ISFV,cISFVG,CFV,91,10191,582,TTTTAAAAGACTAACCCGTGGTTTCAACCAATTTGTGGAAATCTTTAGTAAGCAATTACACGGAAAAGTCTGTGATAAAGGGATCACCGAAATGAAAAAGGTGACTCAAAGTAAGAAGGGAAATACCCTGGGAGGAGGAGGAAAACGCGGTACCCAAATGATGGGGCCGCAAACAAAACAAAACGGAAACAAGAATGAACGGCGGCCAAGCCGTTCCATTTTAAAAATGGACATCGGAAAGGCGCTGGAACTGGCTTTGGCCATGCTCATTAGCATGGTTAGAGGCTTAAT,TTCCGTATCTGCACAAAAAACAAGACATATTATGTGGAAGCCAGATTGGAACACACGCAAGATCTGTTTGGGCTCGAGATCTTGAATCCCACATTGAAAAAATTAGAAAAACAGTGGTGTTAGAAAATGGGCATCAGGAATTTCCCGATGCTCTGAACATATTCACCAGATACGCAAAACCAGAGTTGTCTCTCTTCTAGAGAGAAAGCTCACAAACAAGACGAAACGCCAAAAACCCGGTAGTTCAGAAAACTCATGAGAGGTAATGGACAACTGGGAGCTGCCAGCTGAGTGGTCGGGAAAAATCAAAGATGTAACCGAAGATTCTGAAAACTTGAAGAGGTAAAGACTCGTACAGCTAAGGTGGTAGCTTTTTAAGGCACAAACCAAAAATTGACATGGAAGCAGACTATTTGGAAAACTCATAGAGGTAACAAATAGAGAAGCAACGAAGCGAAAGTGACAACCAGAAAACTCGTAGAGGTAACGGTAGTAAACTTTTAGCTGATTAAAAGAAGAAAGAGAGGTAGGGGAATGGGAACCCCATCCAACGAAAGTCACCGGTTAATCCACCCACCGACAAGCATTTGCTGTCGTGACAAAGTCAGACCGAAAAGCCACCCGATAGTTGTAAAGGGTGCTGTCTGTTAACAACTAGAATAGTCAACACAATGACGAAAGAGGTAGGGGAATGGGAACCCCACCCAACGAAAGTCACCGGTTAATCCACCCCCTGAGAGGTCAGATTGGCGCTCAGGCAGGAGGCACGGGCTCCGACCTCC,(((((((&))))))),160,166,542,548
NC_040682.1,ISFV,cISFVG,CTFV,343,9825,112,ATATAAATCCCAGTTTGGTTAAACCTATTTCAAGGCTTAAGTTGTTTATTATTTTATCGCCGCTCGTGACTATAAAGTTGCCTAGCGGAGAGAGATAAAGAAGAAGGAGTTCAAGGCTCAGGGCAGGGCGCAAGTTCCCTGGTCCCTAGGCCGCTCGCAGGAAGGAGGAGTGAAGAAGAAGAAAGAGAAGGAGAGGACCACCGCCGAAAGAAGGCAGGTGCCTCACAAGAGGGCCAACCAGCGTGTTGGACCAGTGGCCAACGCCGGACGGCGTGGTGGCCTGCTGGGACGCCTGGGGATTGGATGGAGTGCCTTCCTACAGGAAGACATCGTTCAAGCCATCATGCATCTCGTTCTGGTCTTACACGCTTTGTTCGCCTCATTTGATCGCCGGATTCGAACGTTGGCGCGACGGGTTTCTGCATTGGAAGTTCGCCGCTCAGCCAACAACCCACTTTACATGACCATCGTTCTCTCGTTCCTCATGGTGTTGTGCGGAAGTGTCATCATTGACATGCAAGTGTCAACTGCCAAAGGAATTCA,CGTATTTGCCTAAATCAAAAGACATCGCTTGTGGAAGCCTAATCGGTGAGAAGGATCGCGCTGCCTGGTCAAAGAACTTGGTGTCGACGATAGACACAACCCGCAAGATCATTGAGCAGGAAAGTGGAGCCCAAAAGTTTACTGATGGGTTAAAGATCCTGGGTAGATATCGGGTCACCAAGGACCCCATCTTCGGTTAGGCGGAAAAAGCCGAAGGAAAAACAACAAAAGTTTAGCACCTAACAAATAGATAGAGAAAGGAAGGAAAGTAGAAGAATAATTTGGGTGTTGTCATCCACTCAGCACGTTGGT,(((((((((((((&))))))))))))),237,249,300,312
NC_040645.1,ISFV,cISFVG,CxFLV,146,10020,443,CGCTGTTTTCGAATCAGTTTATCGAAGGCGTTCTATAGCGCAAGCTCGAGATAAAAGCGACATCATGACAAAAGATGGAGCAAACAAAAAGGCCATGAGCCTGGGAGGAGGAGGAAAGAAAGGCACTGCCATGTATTCCCTAGCGNATGATCGCTACTTTCCACATGTGGCCAAGAACATCACGCGAATTAGGATTGGTGACGTCGANNCNCANCTNTNNNNTGTTGCGTCGTATGCGAGGCATNGAGAAACGTGTCAGNCNCCTNGAGGCTCGAAGAAAGACACGTGGAGGAGTAGGCGGAATGGCCGTGATGACATTGTTTATCGCGACCGTCACTGCTTTCAC,TTCCGTATCTGCACAAAAAACAGGACATTAAATGTGGAAGTTTAATTGGGACCGCTGAACGAGTCTCGTGGGCTAAGAACCTACCGGAAACAGTAAGACGGACGCGTAAAGTGCTGGAATTCGAAAATGGACCCCAAGAATTCCCAGACGCGTTGAACATACTTCAACGGTATCAGCCAGAGCTCCTCGGACTGTTCTAAGGGTTTGAACAAAGCATGAACAAGATCAGCTACAGAAACTGACAACACCTGACCAAGGCACGGAACAACACTGAAGAANAACAGTAAATTGACAACGGTAGGGGAATGGGAACCCCATCCGGCGCAAGCTAACGGACATTTTATTAACCACCCCCCTCTTGTAGGGCACGCCAANGTAANANTTGGACTCTGAANAAAACAGAAGGTAAAATTGANGNCTAGTNANTGAGACNNACTAGTCNTNNTCANGTCTCCCCGGAAGGGTAAAACGCTTGGAGGTGNAAANCCNCCNCTGAAGAANAACAGTAAATTGACAANGGTAGGGGAATGGGAACCCCATCCAGCGCAAGCTAACGGTTATCCACCCTCCCAAGAACAGTACAAATTTTTCTTGGGATTGAAAACCAAGACGGTGAAAGGCCGTCCACGACAGGCGATATCCT,(((((((.(((&)))..))))))),102,112,540,551
NC_008604.2,ISFV,cISFVG,CxFV,91,10092,654,AGTTTTTAAAAACTTCGGCTTGGTTACACCGCAGATTGGTTACACCTACACAAGGCTTGAGTTGTTTATAATAGTCGTTTTTCTCGCAGAAATGGGAAAGGACGACGGTAAGAAGAAGAAGGGGCCGGGCTCCTCCGGATGGTTGTTACCACCGGGGCGCGCTGGCTTAGGAAGGAAGGAGGAGAAAAAGAAGAAGGAGAAGAGGGGTGTGCGGAGCACATCTCAGCCGGTCTCCGGCGGTGCGCAGCACCGCCGCGGAGGCGGAACAGGTCCTAGGGCCGGAGGTCTACT,CATACCTCCCGAAGACGAAGGACATAAATTGTGGAAGTTTGATTGGTGAGCGGGACAGGGCAGCGTGGTCGAAGAATATCGTGGCCACAGTTAGCACAACTCGACGAATCATCGAGCAAGAAGCTGGAAGTCAGAAGTTCACGGAAGGGTTGCGGATACTTGGGCGATACCGAGCTCCAACCGACGACGTGTTCTGGTGAGAATCACGCGAATCGTAGAGAACCACATCTCTAGAAAAGGTTAACGTTGCGAAGCAACGGGAACCCCGTAAGGAAGGACAAGGCTGTCCTTGAGTACTAACGACACTCCGGCCCCAGTTCCCAGAGCCAGGGTTTTAGCTCCACGGTGCTGGAAGTCACCCTCGCAGCCATGGCTGCACGACGCGCGCAAGGAAGGACATGGCTGTCCTTGGGTACGAACGACACCCCGCCCCCAGTTCTCAAGGTTAGAGTTATAACCTCAGGGTGTTGGAAGACATCCAGGCCATAGTAGGGCCATCGCAAGGGAGGATTTTCCTCGGGTACTGACCATACCCCGACCCCAGTCCGATAGGTCATGGAATGACCCCATGGTGCTGAGAGGGCATCCAAACAAGCTGAGCATCTTGGATTCTGCTCCCGTAAGGAAAGCGCAAGCTTTGAGCATTGACAACGCTCCGGCCCCAGTCCCCCAGGTTATGGGAGAATAACCCCGACGTGCTGGAAGGGCACGAATCACCGCAAGGTGAGGGCGCACAGGATAGAATCCAGGTGACTGACGCCACCTCCCGAAATGTGTATAGTAACAGAGCATGCCTGCAGCAGCAGGTCTCCACCGTTAGGAGACTTGTTGCGGGCAAGCTCTTGTTCACGTCT,((.((((((((((((&))).))))))))).)),273,287,302,317
NC_035118.1,ISFV,cISFVG,KRBV,115,10029,502,ATGTTTTTAAAAAACCTGCCTGTGTTTTCTTGGTTATTTTACCTGTTTTCACTCACTTGGTTGGTTTGTTTGAAATCCATTTCTTTTAACTATCGACTTTACGTTACGTTTGACTATGCAGGTCAAGAAAATAAAGATGCGTGGTGGAGGAGGTGGAAAGCTCGGCATTAAAGGGATAAAAACATCTTCCCTGCGTCGGGCACTCAATATGGTCTCTGGAGATTTGAATGAGACCTTGCTGAAACTGGTCATCGCTATGATCGCCATTTGGAATGAGTTACTACGTAACTTGCGATCATTGGGGCGTAGGGTTCG,CTAAGAAACAGGACATTGCATGTGGCAGTCGGATTGGAACTACTGACCGCACACTATGGGCGAAGGAAATGCCGGAGCTTGTCTCCAAATTACGACGTGTCTTGGACAAACACGAAGGACCACAACAATATACTGATGGTTTGGCTATTTTGGGCCGATACCAACAGTCCCCCGGAAACACGGCTGACATCTACGTGTAAAGTGGTCTTAGGGCAGCACATTAGTATAGCTGGGAAAGTAGGGTTACAATGCTTTCTTGTATGCAACTGATGAGGTGAGTTGCGACACCTCCCTGTGAGCAACCTGTTCAAACTTTTGAAGAAGTTTGACCAAACCCGGAAATTGACAAAGTCGTTGAAGTACAGCACAACGATTCACTTAAAAGGCTGTACATAGAGCAAAATCCATAACAACATCATGGTCATTCTCTTACCATCAGGAGAGTGGATGAAATGAGCTGCTCACTCATTTCACAATGGCATTTTAGAAATAATTTGACCATTCATATTTTACCATTATCAAAATGGACTCCATTGCTTGCACAACCAATCCTAAACTGGATGGAACGCGAGTAATGGTGGCAAAGGAGTTGGGAGCACTCCTCATATGACAAGGGCAACACAGGCTATTTATTGCCTGAGGTGAGCAGCGCCACCTCCCTTAACAATGTGAAAATAAAAGCAAAGATTGAGTCACGAGAGA,((((.((((((((...(((&))).))))))))))..)),144,162,648,665
NC_005064.1,ISFV,cISFVG,KRV,96,10074,1205,AGTTTTTGAAAACTTCTGTGAATGTTTATATCCTTAGTCGGATCGAGCTAAATTTTAAATCAAAGGAGTTGTTCGGAAAAGTGACCTTGGTTCGTTATGAATAGAGGAAGCTTGAAGAAGGGGCCTCCGGGCCCAACATCCAACCGTCCGTCGGTTGGACCGCCCGACTCGGCGGGAAAACGAGTCAAACAAGTGGCCCCACCACCAACTAGGGGTCACATGGAGAGAGGACTCTCTCTCTTAACCAAGAACGACAATGTGTCGCGACAGGCAAAACGGCAACGAAACCCTCGGCA,TCCCCTATCTTCATAAAAAACAAGACATTGAATGTGGCAGTCTTATTGGTTCCAAGGAAAGAGCCACCTGGGCTCGCGACATGGAGAACAGCGTTCTGAGTGTCCGCAAGATCCTGGACTCCGAAACAGGAACCAATAATTCGTACAAGGATGAGCTCTCGGTGATGAGTCGTTTCCGGAAGGGGAATGACGTCATTTGAGACAAAGGTCCTTGAGTCCAAGTTCCTATCCAAGAAGGAACACCCTCCCCCTAACCCCCCCCTCCAAAAGTCCCCATCCCTTCCCCCTCTCCTTTCTGGAGTTTGCATCTGTCTCTATCCCAAGCCCTCAGTGGTTTAAGACAGGGGGTATTTGGAACTGATTTCCATAACCCCTCATGCGCGACTTTTAGAGCAGGGCACGAAAGTGTCGGGCATGACGCACCCGCTCCCCCGAGTCCCCTGAAAATAGGGTGGGCAATGCACTCCTGAGTAGGACGGGAGCCCAGAATCCTACAAAACCCTCGCCATGGGAACTGGCATGACACAGGAGTGGTGACCTGTCTCATACATGACACCTTGAAACCCCACCCGTGACAGCATGGGCTGGCCTCTAACCCTCTGGGTAATGCTCGTACATGGCAGCAATCCTGGTTCTCGCAACTCCAGTCGAATCTTCGAGTACACGGGAACAAGGATCAGCAATGTTTTTACGACATCACCAAGACGGGTGGAATGTCCAACCCCCCGGTAGCATCCGTGCCAAAATGGTGGCTCTCGCAACTCCGGTGGAATCTTCGATCCCATCGGAGTGAGAGTCAGTAATTTTTCGCGGTGCCTCCCGGACCGTGGAATGCCGGCCCGGACGTCTAGGTAGGAACGTAGGCGTTTCGGATTGTGGTTGACCGCTGGGTGGTGCTCATATTTGAAGCATCTCTCAGAGTCTCTTACCACAACCTGAAATGTCTGAGATAGAAGTGGCGGCCTATCTCATTGAAAACGCCATTTGAGCAGGGCACGAAAGTGTCGGGCCTGACGCACCCGCTCCCCCGAGTCCCCTGGAAACAGGGTGGGCCTCGAAAAATCCACCGTAGGAAGGAGCCCAATCCTACAAGAACCCTCTGGTCATAGGCACCTGACCTGGGATAAGAGTGGCGCCTTATCTCATATTTAGCTAGCTGGTGGACTCAAGCACCCCCCCCCATGGAATGGGGTAAGAGAGGCCTGTAAACATCGCTGGATGGCTCCAGCACTCTTATAAATTGGCCGCCAAGCGATCCGGAGCTTTCAAAACCGGACGGAGCAACAGGGAATTTCCCGGGGACGCGTACCCCCTCCGTAATGTGAAAAAGTATGGGGAAAAGAACCCAGCTAAATCTCCCACCGATAGGGAGTTTGGACTATCTTTTCTATACCATAAATGCGCT,(((((((((((&))))).)))))),113,123,2,13
NC_027819.1,ISFV,cISFVG,MECDV,88,10212,638,AGTTTTAAAAAGCTGACCCGTGGTTCATAACCAATTTGTTATAACCTTTAGACGTTTGTCACGGAATAGCTTGAGAAGAAGCTTACTTATGTCAAGTAAGGAAGCACTGAAGAAGAAGGGAATTTCCCTGGGAGGAGGAGGAAAACGGGGCTTTGAGATGAAAAAGGCCCCACAACATAACAACAGTAATAGACAACTTCGGCGGTCACTGTTCAGGATGGATGTCGGACGAGCCCTTGAGCTAATGTTGGCATCAATTGTCAACGCGATCAGGGGTCTCATTCAGCG,CGTACCTGCACAAGAAACAGGACATAGCTTGTGGAAGCCAGATCGGGTCTCATGCACGCTCTGTCTGGTCTCGGGACATGGAGTCGCATGTTGAAAGGGTTAGAAAAACGGTGGTGCTAGAGAAGGGACACCAGGAGTTTCCGAACGCTCTTGGAATGTTCGCGCGATACGCAAAGCCGGAAGTGTCATTGTTCAGATGAGCACCACAAGGTGTTTATTTGAACGCAAGTAACAAATGTCTGAAAACTCATAGAGGTAAGGACATCCAAGTAGCTATAGTTGGAAAATTCATAGAAGTAACAACTGTGGCTTGCTCAGAAAACTCGTAGAGGTAATGGGCAATAAAAATCGCATAACAGATGCCTGAAAACTCACAGAGGTAAGGACATCCAAACAGCCATGGTTGGAAAATTCATAGAAGTAACGACCATGGCCTGCTCAGAAAACTCGCAGAGGTAATGGGCTTCTAAAAACCGTAAAATACGAACAAAGTCAGACCGAAAAGCCACTCAATGGTTGTAAAGAGTGCTGTCTGTGACAACCCAAATAGTCGATGGAAAGACGAAAGAGGTAGGGGAATGGGAACCCCATCCAACGAAAGTTACCGGTTTATCCACCCCCTGGAATGTCGATATATTCCAGGTAGGAGGCACGGGCTCCGTCCTCCGAACCCGAAAGGGCAAAAACCAAGATGGTGAAAGGCCATCCACGCAGGGCAACAGGAAGAAATTCCGGGTGATTAGCCACACCCCCCGAAACGTGATTTATATGATGACAAGAATCAGATGGAAGATCCCCACCGTTAGGGGATCCATCCAGCATTCTTGGAATCATGGCT,((((((...((((((((&)))))))))))))),137,153,654,667
NC_034204.1,ISFV,cISFVG,MFV,103,10251,543,AACACCGGCTTTAACCAAGTCACGGATTGAAGTGGTTATTTCAAAAAGTTAGTGTTGTTAAAAATTTTCTTTAGCGACAGAAGGAACCCAAAAAGGGAACCAGATGGAGCAAAACGGAAAGTTTTCCCGACCGGGAGGTGGTCGGGCCCGGCCCAGAGAGGGGCTGGGGAAGAAGCGAACAGGAAGTGTTGTGGGGAAATCATCAACCCGCAGCACTACCAAAAATGTGGCGGCGCAGAAGCCCTTGTCAAGGGCTAGCCTCCCCGCCACATCTATGCAGACAAAGGCACAACGGAATATCGG,TGCCATACCTGCACAAGAAGCAAGATATCGAGTGTGGGAGTCAAATCGGGGAAAAAAGCAGGGCCACCTGGTCAAAAGACTTGTTAGAGACTGTCAAAACTGTCCGCAGGATCCTTGACGCCGAGACGCGCTGTAGGAACACATATGCGGATGGTCTGGAGGTCATTGGACGCTTCCAAGCCGTGAGTGACGTCTTCTAAAAACAAAAAGTCAACACTTTTTCGAGGTGGTTGGGGGCAGCCGGGAGTCAAACTCCCGGGGCCTGGCGACCCCCCCCTTCCGCCTCCAAAAATTAAGGCAGCCCCGAGGGAGCTCTCCTCGGTGTGAACACAAAAGAGCAAAGGACCTGCCCATCCTTAAGTGGGCAATTAGGATAGCCCCGATCTTCGGACCGGGAAAACGTATTCACGAACGTATCCTTAGCGAGTGGGGGTTTAGGTGGATTTCCCCCCAAGAGGACAGAACCCATCCTGTTGGTACCTGGCGAGACCAACAGAAAACTAGCCCGTGATCCAACACGAAAAACATGGACGAGGAACCCCACGGAAAGAAGGTTTTGGCGAAACCACTCGAAGGGAAGCTAGTTGTGAGGAACTATAAACCTCCAGAGCAAACAAGGGATTTATCCTTAAGGTGATTTGACGACCACCCTCTGAAATGTTAATAAAACTGTGCGGAAAAATCCAAAGACTGTCCCCACCGATAGGGGACTTTGGGAAAGTTTTTCAACACACGTAGCGTCT,((((((((..(((&)))..)))))))),134,146,275,287
NC_021069.1,ISFV,cISFVG,MSFV,111,10080,674,TAGTTTTTAAAAACTTCAGCTTGGTTAAGTCACTGGTTGATTAAGCCTGTATTACAGCTAAAGTTGTTTATAATTTCGCTACCTTATTACCTCTGGTACTAAAGTGGCACTATGAAGAAGAAGGAGTCGGGAGTAGTGGAGAGAGGACGCGGTACGCGCCCTCCGACCAACCGTGGAGGAAAAGTTCCTCCGAAGAAGGAAAGAGATCGAGGAGGCCAAGTGGTTTCACGCTCTGGGAATCCAAGTTCCACCGGGCTTAACCGTGGCAATCAGGCCAGAGGATCTGGCGGACGTAAGGGACTGCTAGGGAA,CGTATCTTCCCAAGTCAAAAGACATCGCTTGCGGTAGCCTCATTGGCGAGCGCGATAGAGCCTCATGGTCTAAGAATATCGTGGCTACGGTGGAAACCGCTCGGAGGATTATTGAACAGGAGAACGGCAGCCAAAAGTTTCCGGATGGATTGCAGATCCTAGGGAGATACAAGACCCACCGAGATCCCGTGTTTGGGTAACCTAGCAGCCGAACAGAGCTAGGTAGGAGGTAGAGCCGATAACTCTACCACTTCAGCGCAAGGAAGGAAAGCTGGACGCTACCTTAGGTGGTGACGACACCTCGCCCCCAGTCTCCCAGGTTGGGGATCGTACAACTTCGTTGGGCTATTGCCCCCGCAAGGAGGGACGTGTGCATCACGTTTCTGGGAGTTAACGGCTCTCCGGCCCCAGTTCCTAGGTCCAGGTAGGATCCCGTGGCGCTGTGAGGGCGCTAAACAAGCTTGGTATCTTGGCAACTACCACTGGAAGTTCTCCAGCCCGCGCAAGGAAGGATGCGATGAAAACGCTTGTCCTTGGGAGTTGACGACTCTCCGCCCCCAGTCCCCAGGTCAGGGTATGACCCCGTGGTGTTGAAAGGACACTAAACAAGCTTGGCATCTTGGCAACTGCCACCGCAAGGGAGAGGGATTCCCTCTCGGGTGTGGACGACACCCCGGCCCCAGTCCCCTAGGTCATGGGAAAAACTGACCCCGAAGTGCTGCAAGGGCACTAATCACCGTAAGGTGAGGGCGCACAGGATCGAATATCCGGGTGAGTGACGCCACCCCCCGAAATGTGTATTGTGACAGGCTTGCTCGCAGCAGCAAATCTCCACCGTTAGGAGATTTGTTGTGAGCATTGCTTGTCTACGTCT,((((((((..(((&))))))))))),156,168,743,753
NC_024299.2,ISFV,cISFVG,NIEV,98,10071,709,GAGTTTTTAAAAACCTACGCTAGTGTTAGACTATCGGTTAGTTTAGCTGTTATAGAAGCTTTGGTTGTTTGAAAAACTTTTGCGACGTTGTTGAGAAGATGGAGCGAAAGAAAGGAGTAAATTATGGGAGAAGGGAAGCTATCCCGCCCCCTCCCATTAAGGAGAAAAAGGATAGAAAGAAGAAAAGAGATGACGTGAAGAAAGGTCTCGTATTGCGCGGGACCAAGCCCATTCGGCGTAAGTTTGGTCTAGGGACCAAAACCGAGTGGGAGAACTGGATTGGACTACTTAGATCGGA,CATATTTACCGAAGACGACTGATATAAAGTGTGGTAGCTTGATAGGTGAGAAAGACCGGGCGGCGTGGTCGAGGGAATTGCCCAACACAGTGGAGAGAGCCCGCCAGATTATAGAGAACGAACAAGGACCACAGAAATTCATGGAAGGACTTGATATCCTGGGAAGATACCGACAACCCATACCCAGGATGTTCGACTAGAGGAGCACATCAACCTCTAAAGAATACATAACAAAGTAAAAACAGGGCAACAGGGATCGCCAACATCAGATCCCGGGTGAGTGACGACACCCCCCATGTGAATCGTCAACTTAGGAACACATTCAAATAGAGGAGCACATCAACCTCTAGAGGATGGATAGGAAACTTGGAGAGGAAAAACAGGGCAACAGGGATCACCAACATCAGATCCCGGGTGAGTGACGACACCCCCCATGTGAATCGTCGATACAAAAACACGATAGGGCAGCAGGGCAGTAGGGCCCAGGTGAGTGACGCCACCTCCCGCATAAGTGAGTGCAAACCGAAAACGATAGGGCAGCAGAGGAGAGACCTCAGGTGAGTGACGCCACCTCCCGCAAAAGCCAGTGCAACACCGCAAGGAAGAGAAATCTTGGGTGGTAACAACACCCCGGCCCCAGTTCTCGCGTGCCACGAGTCATTGGCACAAACCGCAAGGAAGGAGCAATCCTTGGGTATTAACGACACCCCGGCCCCAGTTCCCGAAGTCAAGGGGACCCTTGACCCAAAGTGTTGCAAGGACACTATCACCGCAAGGTGAGGGCGCACAGGACGAAAGTCCAGGGTGAGTGACGACACCCCCCGAAATGTGTATATAGCCCATGTTGAGTCTATACAACAGGCTTCCACCGGTAGGAAGCGTTGTTGTGATGACACATGAGCAACGTCT,(((((((((&))))))))),270,278,637,645
NC_034242.1,ISFV,cISFVG,OCFVPT,64,10158,148,GTCTGATTATAACGGAATAGCTGTTTGAAAGGTGAAAATCTTTTTTCCTGTCGTTTGTATCAAAATGCACAGGTGGAGAGACCTTCTTCCCGACAAGGGGAAGAAAAATCGTAGTCCTGCAGTGAGGCGGCAGGGCGGGATCACGAAAGGGGTTGATCGGAAGATCATCCCTCCTTCGGGATCAAAAGAAAGAAAAACCGGAACAGAGAGGAAAGTGAAGAAAGGTGTGGCTAGAATGAAGCCCAATTGGCTGTCATTTGGGAC,CTATTGACATCAAGTGTGGAAGCCAAATAGGAAGTAAGGATCGAGCTACTTGGTCACGTGAATTGCCTTCAACTGTCATGGCAATTAGGAAGATTCTAGACCACGAGACCAGGATGGAAAATGTCTACAAAGATTTTTTGAGTGGTATGGGGCGGTTCAGGGAGGACAATGATCCAATGGCGGCCGGAGTTCGGTTTTAATACTTGACTAGTAAAAATTTTTACGCTTTTGACGACGATTTTTAAATACTTTGACCCATTGCAGCAGAGATTTATCTCGGGGGAGTTACGCCCCTCCATTGCCAGTAGAGTTTGCATGTCTCTATAAACATGACGTTCTGACTGACTA,((((((((((((((&))))))).))))...))),224,237,93,110
NC_027817.1,ISFV,cISFVG,PaRV,109,10155,629,AGTTTTTAAAAGTTAACCCGTGGTTTTACCCTAGTTTCGGTGAATTTGCCAATTTTACGGAATAACTGTTTGAAAGGTTCAAACTCTGGTGTCCAACGTTTGTATTAAAATGAGTGGATTAGGAGGCCTTCTTCCCCTCCGAGGGAAGAAAAAGAAAGCCCCTGTGATACAATCACAGGGCAGGGTCTTGCCGAAGAGCGACTGGAAGGGAGCTCCGAAACAGGATCTAAATAAAAAGAAAGCGAAAAAGGACGAGACGAAAGGCCAGAATTGGCCAAGAAGAATTAACCCCCGGACTGGACAATGGTC,ACCTCCCGAAATCCATGGACCTAAAGTGCGGCAGTCTCATTGGAACAAAAGAAAGAGCCGCTTGGTCAAAGGATCTGCCGTCAACGGTCACGGCAGTTCGGAAAATTATCGACCAAGACACGAAAACCGAGAATGTCTACCAAGACTTTCTTGGCGGAATGGGCCGGTTCCAAACGTACACTGACCCCATGGCAACGTAAGAAACCATCTTTTCCAAATTAGTCGAAAAATTTTGCCCCTCTTCGAGGGGCTTTGGCGGCAGCAGGAGATTTTCTCCGGGGTTTCACGCTCCCCCCGATGCCAGTGGTCACAGCCCAAGTCAGAGACTTGGAGTTGTGGCGGGACAGTGAGCTCTGTCAGTGGTCAATAGCTCAATAAATATGGCAGCAGAGCTTGTCTCGGGGATTCACGCTCCCCCCATTGTGAGTGTGTCGAACTGGTTTCGAAGGACGTCTAGAACGACGCTAAAGTTCAAATCCGGCAACAGAGAGTTTATGTCTCGGGGCCTCACGCACCCCCCGTTGTGAGTGAAGTCCTTTCTGGCCATTTAGTGGTCAGGAAGGGTACCGTTTTGGAACGACGGAAATAAGTTCCATGGAGCGACACTAGCCCCACTGAGGGGCGGTTGGAATGACACCCAACCCGCTATAGTGCGTCGACAGGTCAATTAGCTACCTGGAATAAGCTAATGTGCAGGGCAACAAAGTTCTAACGAACTAGGGTGAGTAGCGTCACCCCCCGGTTGTGAAAACGATTGCGACTAGAACTAAAGTCGAGAGTCTCCCCACCGATAGGGGAGCTCGTCAGTTTGTTTTAGTCCAATTACGCT,(((((((((&))))))))),155,163,246,254
NC_012671.1,ISFV,cISFVG,QBV,112,10080,673,TAGTTTTTAAAAACTTCAGCTTGGTTAAGTCACTGGTTGATTAAGCCTATCTATTACAGCTAAAGTTGTTTATAATTTGCTACTTTATTACCTCTGGTACTAACGTGGCGCTATGAAGAAGAAGGAGTCTGGAGTGGTGGAGAGAGGACGTGGAACGCGTCCTCCTGCCAATCGTGGAGGAGGAGCTCCTCCGAAGAAGGAGAGAGATCGAGGAGGCCAAAAGGTCTCGCTCCCTGGGACTTCAAGCTCCATCGGATCGGACCGTGGCAAACGGGTCAAGGGACTCGGCGGACGAAAGGGACTGCTCGGCAA,CGTATTTACCTAAGTCAAAGGACATAGCGTGCGGCAGTTTGATTGGCGAACGTGACAGAGCTTCGTGGTCCAAGAACATCGTGGCCACTGTTGAGACAGCCCGGAAGATCATCGAACAGGAGAATGGAAGCCAGAAATTTCCCGATGGACTCCAAATCCTGGGGAGATACAAAGTTCACCAGGATCCCGTGTTCGGGTAACCTAGCCATCGAAGGATGCTAGGTAGGAGGTAGAGCCGAAAACTCTACCATTTCAGCGCAAGGAAGGGAAGCTTGAGGCTACCTTAGGTGGTGACGACACCTCGCCCCCAGTCTCCCGGGTTGGGGATAATACAACCTCGTTGGGCTACTGCCCCCGCAAGGAGGGGTGTGTGTTTCACGCCCCTGGGAGTTAACGATTCTCCGGCCCCAGTTCCTAGGTCCAGGGAGGGCCCCGTGGCGCTGAAAGGGCGCTGAACAAGCTTGGTATCTTGGCAACTACCACTGGATGGTTTCCAGCCCGCGCAAGGAAGGACACGTAAATCACGTGTTCTTGGGAGTTGACGACTCTCCGCCCCCAGTCCCCAGGTCAGGGTATGACTCCGTGGTGTTGAAAGGACACTAAACAAGCTTGGCATCTTGGCAACTGCCACCGCAAGGGAGAGGGATCCCCTCTCGGGTTTGGACGACACCCCGGCCCCAGTCCCCCAGGTCATGGGAAAAACTGACCCCGAAGTGCTGCAAGGGCACTAATCACCGCAAGGTGAGGGCGCACAGGATCGAGTATCCGGGTGAGTGACGCCACCCCCCGAAATGTGTATTGTGACAGGCTTGCTCGCAGCAGCAAATCTCCACCGTTAGGAGATTTGTTGTGAGCATTGCCTTGTCTACGTCT,(.((((.(.(((((((((&)))))))))))))).),127,144,546,561
NC_034017.1,ISFV,cISFVG,XFV,90,10245,549,TAAAACACCGGCTTTTACCAGGTCACAGGTTGAATTGGTTTACTATCGGGCTAGTGTTGTTAAAAATTTCTTTGGCGACGTACGGAAAGTATGGAGCAATCGAGGAAGTTTTCCCGGCCGGGAGGCGGTCGGGCGGGCCCCAAAGAGGGGCTGGCGAAGAAGCGAACGGGGAGCGTTGTGGGCATAAGGGATGCCCAGAAGGTGAACAAACAAACAGTGGTGGCGCAGAAGCCCTCTCAGAGGGCCAGCCTCCCCACCACTAAAAACAAGAATACACGCAAGCAAATCGG,TTCCATACCTTCATAAGAAACAGGATATTGAGTGTGGAAGCCTAATTGGAACCAAGAGTAGGGCCACGTGGTCGCGAGATCTTCCTGAAACCGTGAAGGTCATCCGAAAGATCCTCAACGCTGAGACGGGCACCATGAACACGTATGCGGAGGGCCTGGATATCATCGGGAGGTTCCAGGTGGTCAGCGATGTGTTCTAGGGATCGAAGATGAAACTTTCCATGATGGGTGGGGGCAGCCGGGGGAAACCCTGGGGCTTGGCGACCTCCCCCCACAAGCCATCATGCGAAATTAAGGCAGCCGCGAGGGAGCTCTCCTCGCAGAGAAAGAAGAAAGAGCAAATCGGGTAACCTACCAGCCCGTGACTTGGTAGGAGTGGGATAGCCCCGGCTTTTCAGCCGGGAAAACGTGTTCACGTACGTATCCGTTGCGAGTGGGGGTTGAGATAGCTTTCCCCCCCCTAAGGGGCAGAAGCTATCCTATTGAGCCTGGCGAACTCAATGGCAAATTAGCCCGTGGTCCACCACGGAAAAAGTGGACGAGTAACCCCACGGAAAGAAGGCCTTGGCGAGGCCACTCGAAGGGAAGCTAGTTATGAGGAACTTAAAACCTCCAGAGCAAACGAGGGAGAAATCCCTAGGTGAGTTGGCGACCACCCTCTGTAATGTTTAATAAGTTGTGCGGAAAAATCCAAAGAATGTCCCCACCGATAGGGGGCTTTGGGAAAGTTTTTCAACACACGTAGCGCT,((((((((((((((((.(((&))).)))))))))))))))),11,30,358,377
NC_017086.1,ISFV,dISFVG,CHAOV,99,10308,326,GAAAAGTATATTCTACGTGTGCATTCTGTAACATAGTTGGTTGGAGAAGTATTTTGGATATAACACGTTTGAATAGGTTTATTGTGAATCGAAATACCGATGGCGAATAAACCCAAGAAGCCCGGAAGACGGGCTATCGATATAGTGAGACGTGCGTTGCCTCGCGTCTCGGGACCGAAAAAGGTCTTAAAGAAGGCAACACAAACAGTCATGGAAAGCTTGGCTGGCATACGGGCAACCGTTGCCTACCTGCTCTACATGACATTCCTCGGCAACAAGGTCAGCAAGGCCACGAGAGC,ACCTGCGGAAACAACTGGACAAAAATTGCGGATCAATGATAGGAGTGAGGTCCAGAGCCACGTGGGCTGAAAACATTCGTGTTTCAGTGAACCAGGTACGTGGTTACATTGGTAAACATGAGAACTACCTCGATTACCTCCAAGCCCAGAATAGATTCAGCATTCCTGCCGAATTCACCATGGGCAACATATTGATCTAAGACACTGAGAGAAAAGACTGAAAAACAATTGACGCTGAGAGTCAGGCCTAAATGCCACCGGATGATAGTAGACGGTGCTGCCTGCAGCTATCACATATAAACTGGCGCCTTATATGTTTATTAGCCGACAGGGGGACACATGCACCCAGCAGCCCGAGCTGGACAAGGCATGTGTACTAGCGGTTAGAGGAGACCCCCCCAAAAATGAAGGGCACTATATCGACACTTGGGAAAGACCAGAGGTACTCGCTGATTCACCGCCACCAGACTACACGGCACAGCGCGCCGGAAAAGGTAGTTTGGAGGTTGTAAAACAACAAGTATCT,(((((((((((&))))))))))),137,147,413,423
NC_016997.1,ISFV,dISFVG,DONV,113,10335,343,GAAAAGTATATTCTGTGTGTGCGTCTTGGTACACAGTTAGTAGTGAGAGTGGAAGGAAAAGAATACACTTTGAAAACATAACGCATTAGAATAGGTTTGAAAGAGTTGAATCAATGAGATCAATGGTCTTTCGAGCTAGGAGGCCCGTTAAACGGGCCGTCGATATAATAAAACGTAAGCTGCCTTACGTTCCGCCACCAATGAGGGTGGCCAAAATGGCAGCGAAGAAAGTGATGATGGGAATTGGAAGCTTGAAAGCATTTTTGGCTCTGTTTTTGTTCATGACTTTCACTGGCCGGAAAATTTCTAACGA,CATACTCATGCAAAGGCCAGGACATCTCCTGCGGTTCGCTCATAGGGACACGGTCTAGAGCTACCTGGGCTGATAACATCAAGACAGCAGTCAATCAAGTCCGTGGAATCATAGGAAGGGACGAAAAGTATATGGACTATTTGGCCATTCAAAATCGCTTCATGCCCCCTCTCCAATTTAGATTGGGAAGCGTCCTGTAAATACTCACAGGTTGAGGGGTTTTGCAGTCAGGCCTCACGAATGTGAGCCACCGGATGGGACTAGACGGTGCTGCCTGCGCGTCCCCCCACGCAATCAAGCTAGATGGTTGTCATGGGCGTAATGTTGTTCTAGCAATTTAGGGGGCCAGATGTCATGTCTCTCAAGCCTAGGAGACACTAGACACTCTGGACTATCGGTTAGAGGAAACCCCCCCAAAAATGTATAGGCTATTATATCGACACCTAGGAAAGACTGGAGATACCTTTGGTTCTTCGACACTAACTCCTAATGGCACAGAGCGCCATAAGAAACGGAGTTAGTATGGAAAAAACATAAGTATCT,((((((((((((&)))))))))))),159,170,430,441
NC_027999.1,ISFV,dISFVG,EPEV,119,10326,316,AGTAAATCTTGCATGTGGATTAGTGAGCACTAGTTTGCGCATTGAAACAAATTGTGGATTAACTTTTGTTAACGTGTTTGGATTAATTGTTGTTTGAGAGAACAGCGAGAAGTACTACTATGGTTGAGAAAACTAGAGTAGGATCTCGGGTTAAAACCCGAGGTGTCAATATGATTAGGCGTACTGGAAAGACTGTGAAAACAGTCTCAAGGAATGCCAGAAAAAATGTGGAGAGGGGCGCCATGGTTATCAGAGCAACTATAGTTGCCATGATAATGTCGCTCTTCTCCGGGAGAAAGCCCAACGCTTTGCTCAAAAA,CTTACCTAGCCAAAGGCCAGGATCAAAGGTGCGGGTCATTGATAGGAACTTCGAGAAGAGCTTCATGGGCGTGGTCTATGTGGACAACAGTGGAAAAGATCCGAAACTTAATAGGAAAGGAGAAGTACGAGAACTATCTGAACACCCAAGATAGATTCGTCGACACAACTGAACCAACTGGATTTGGGACAATATTGTAAGTCGGCAACAAAAAGTCAGCCCAGAAAATGCCACAACTAAGCTGTAAGTTGTGCTGGCTGTAACAGCAAGTAAAATTCATGGAATTTTTGGAAAGAGTCAGGCCGAGAAGCCACACAGCAAAAGTGTGCTGCCTGTAAGACGTAATGAGCGCGTGAAAGCTCACGAAATGGGAAGTGGCGAACCCCATTGGAAATTTAGCTTCATATTGACACCAGGGAAAAGACCGGAGAAACTTCTTGCTTACTCGCAGCAACCACCGAAAGGCACAGTATGCCTGAAACATTCGGTGGTTGATGTAGTAAACAACCAGTTTCT,(((..(((((((((((((&))))))))))))).))),157,174,402,418
NC_040610.1,ISFV,dISFVG,NANV,106,10299,399,CCAAGTTTGTTTTATGCGTGAGCTGGATTACACAGTTAGTATTTCGGGTGTTTACATAACGTGTTAGAACAATTTTAAAGAAGTCAAAACTAGAAATTTAATTTCAATGGTTAGACAACTTGGAAAGACCGTTGCAAGACGGTCTGTCAATATGCGAAAGCGGATTACCACCCGCTTGACTGACCCAATTGGGGCAATCATAAATGTGGTAAAAATGGTTTTTCTGGGTAGGGGACCCATGAAGGCTTTTATGTCAGTGATGACATTCTTGCGCTTCATGTCCATCAACCCAGGAAAGAATATGGT,AAGGAGACGACATCTCCTGTGGCAGCCACATCGGATTCACTGAGAGGGCAACGTGGGCCGCAAATATCCGAGTGGCAGTTAGACAGGTGCAAACAGCAATAGGGAACGAGAAGTATAGGGACTACCTCGGAACCATGGGGCGGTACGTCCCCCTGGAACCACGCACTGGAGGGAACCCGACAAGCATGAACAGAACGTAGGGCGAGCTGGCACAGAGTGACGGCGCGCAACCGTAGGAACGAGAAAAGAAATAGATGACGATGAAGTCAGGCCTTAAGTGCCACCCGTATGAGACTATCGGGTGCTGCCTGTCGTCTCCTAGAGAAGGCAAAACTAGTAGAAACCTACACAGCTCCTGGCGTGGCGAACCAGCAAGTCGAGCAGCAAGCGGAAACGCGTGAGGGCCTGGACAATGCTAAAGCTGTAAGCGCATTGAAAAGGACTAGAGGTTAGAGGAGACCCCCTCATTATTTATATAACAGCATATTGACACCAGGGATAGACCGGAGAAATACACAATTTCTGGGCACTAAACAACTACAAGCACAGAGCGCTTCGAGAAGTAGTTGTTTCTTGACGAGAGAATATGTATATCTTGG,(((((((((((&))))))))))),145,155,482,492
NC_024017.1,ISFV,dISFVG,NHUV,102,10338,451,AGTTTGTGCTGTACGTGCACTGGAAGTACATAGTTGGTATAACGGGTAGAAATATAACGTATTCGCGCATTTTGATAGAGTTGACTAGATAACGAATTATCGATGGTGACTAAATCAAGAAAGCCCGCCGCAAAGCGGGCTGTTAATATGCTAACACGCATCACCAAGCGTGTGCTGTCCCCTCTTGAGGGAGCAGTGAAATTGGTGAAAAATGTGTTTTTGGGCAAGGGGCCTTCGAGAGCAATACTGGCGGTATGCGCCATGTTGCGCTTCATGGCCATGCGTCCATCAACGCTACTAAA,CCTACATTCCAAAGCGAGAGGACATGTGGTGCGGCAGTATGATTAATGTGCCATCCCGTGCAACGTGGGCTGAAAACATTAAAGTGGCATGCTCCCAGGTGCGGAGCATGATTGGAAACGGGGAAAAATTCAAAGACTATCTGTGTGAGATGCAACGCTACGAGCCCAAGATAGTGAGCTGCACGCACGGCGTGCTGTGAGGGAGAATGGAGTAGAAAGAAACCCTCCCACCTAATTAGAAATGCATTAACAATAGAACAAACCTAGGAAAAGTGGGTTTGAGTCAGACCAGGATGAAACCTGCCACCTCTATGGAAGCTAAGTGGTGCTGTCTGTAAGCTTCCATCAAGCGTGTGGGCAAAGAGCCCGCACAGCTCCCGGGAGTTGCGAACCGGCTGGCTGAGCAGCAGAATGGAAAATCCAGATAAGAAAGCTCTAAAATCTGGTGTAGTGGCTAGCGAAATTGGTGAAGCTATAACCAACTTTGGCTGGACTAGTGGTTAGAGGAGACCCCACTGCTGAGAGCAAAATAGCATATTGACACTTGGGAAGAGACCAGAGATATGATGTTGTTTGTCAATGCTGACAACAGCCATGGCACAGAGCGCCTGAAGAGAGCTGTTGTTATAATTTACAAAAAATAACATATCT,(((((((((&))).)))))),123,131,350,359
NC_033715.1,ISFV,dISFVG,NOUV,79,10329,347,GTCTACGCGAGTGGAAACATAATACGTTGATACAATTTGGAAAAAACGAAAGTTTTAGTAGCAAGAGAGAGAAATCTCAATGGCTATAAATACCAAGAAGCCCGTCGCTAGACGGGCGAACAATATGCTAACCCGAACGAATAAGCGGGTGACCGATGCCATGGCACCGGTCAAAAAGATATTCAATGAGGTCTTGACGGGTCGCGGAATCGTCAGAGCTTTTTTGGCTCTGTTGATGTTCATGCGATTCCTCTCCATAAAACCGCCTAAACATATGAC,CTTACCTCAGAAAGAGGCACGACATGCATTGCGGAAGCCTTATTGGGCACACAATGCGCGCCACCTGGGCTGCCAATATCCAGGTTGCAGTTAGGCAAGTAAGAGCCGTTATAGGCTCAGAGAAGTATAAGGACTACCTAGGGTCCATGCTACGGTACGGAGGCTCAGAGAGTGAGGAGCTTTGTGGCGTTTCATGGTAGAGACAGAACGGTCCCACTAGACAATAAGTAAGATTAAGTTAGGATTTAAACCATTAGAATACGAAGTCAGGCCCTAACGGCCACTCTTAAGATGCTAAAGAGTGCTGTCTGTAAGTATCCGCTGGTGTGTAAGCGATATCCAACATCCCCATGGCGGCAAAGCCCCCGGTCTTCTACGGGGCCCCTGGCCTACCGGAAGGACGAGGAAACACGCATGTAAATATTAGATTTAAGGAATAACTCCCGGAGATAGCGAACCGGATACAGAGAAGCAGGTTAAGAGCCGGCAAAAGCCCATCGCACTGAAGCTATAAGGTGCGGGAAGGACTAGAGGTTAGAGGAGACCC,((((((.(((((((((&))).))))))...)))))),241,256,399,417
NC_009026.2,MBFV,AROVG,AROAV,104,10290,421,AGTATTTCTTCTGCGTGAGACCATTGCGACAGTTCGTACCGGTGAGTTTTGACTTAACGCAGTGAGAAAAGTTTTCGAGGAAAGACGAGAAGCGAATTCTCTGAATGGCTAGAAAACCAGGAAGACCCGGAGGAAACCGGGTCGTCAATATGCTAAAGCGTACGGCGGCCAACGCAGCCAGCCCCTTGGGGCTGGCAAAAAGGCTGCTTGGAGACGCGTTTGCTGGTAGGGGACCCTTAAGGGTTATCCTAGCAGTGGTCGCGTTCTTCAGATTTACAGCAATCAAAATGTCCCCCGCTTTACT,TGCCATATTTGGGAAAAAGGGAAGACCAATGGTGTGGCTCCTTGATTGGAAGCAGAACCAGAGCTACTTGGGCTGAAAACATCTGGGTGGCCGTAAACCAAGTGAGAGCCAAAATTGGAAAAGAAGAATATTCTGATCATTTGAGTTCTCAGCAAAGATTTGAAAATTGGGGAGAAGTGAGGTTCTCAGGAGTCCTGTAAGCTAAGATAAAAGAGAAAAAGAGGGTTTGAGTCAGGCCAGAAATGCCACCGGATAAAGGTAGACGGTGCTGCCTGCAACCTTTCTGCGGAAGGAATAACCGCAGTCAATAAAACCAAAAAGAGGGAGTTGAGAACCCTTTGGGCCGCCCAGGCCTGGGATTGAACCGTTGATCCCAGGCGAAGGGACTAGAGGTTAGAGGAGACCCAGCCTTTCTCACCAACCCAAGGCCCAACCTTGCTGAACCTTTAGGCAGGTAAAAGGACTAGAGGTTAGAGGAGACCCCTTGGCAAAACAGTTAACGCACCAAAAGAAACAGCATATTGACACCTGGGATAGACCGGAGAATTTGCTGCCTCGCAACACCTCCCACCCGGCACAGAACGCCGACATGGTGGGAGGGGTCGTAAGACACCAGATTCT,((((((.(((((((((((&))))))))))))))))),137,154,516,532
NC_001477.1,MBFV,DENVG,DENV1,94,10179,462,AGTTGTTAGTCTACGTGGACCGACAAGAACAGTTTCGAATCGGAAGCTTGCTTAACGTAGTTCTAACAGTTTTTTATTAGAGAGCAGATCTCTGATGAACAACCAACGGAAAAAGACGGGTCGACCGTCTTTCAATATGCTGAAACGCGCGAGAAACCGCGTGTCAACTGTTTCACAGTTGGCGAAGAGATTCTCAAAAGGATTGCTTTCAGGCCAAGGACCCATGAAATTGGTGATGGCTTTTATAGCATTCCTAAGATTTCTAGCCATACCTCCAACAGCAGGAATTTTGGC,ACGTTCCATACCTAGGAAAAAGGGAAGATCAATGGTGTGGTTCCCTAATAGGCTTAACAGCACGAGCCACCTGGGCCACCAACATACAAGTGGCCATAAACCAAGTGAGAAGGCTCATTGGGAATGAGAATTATCTAGACTTCATGACATCAATGAAGAGATTCAAAAACGAGAGTGATCCCGAAGGGGCACTCTGGTAAGCCAACTCATTCACAAAATAAAGGAAAATAAAAAATCAAACAAGGCAAGAAGTCAGGCCGGATTAAGCCATAGCACGGTAAGAGCTATGCTGCCTGTGAGCCCCGTCCAAGGACGTAAAATGAAGTCAGGCCGAAAGCCACGGTTCGAGCAAGCCGTGCTGCCTGTAGCTCCATCGTGGGGATGTAAAAACCCGGGAGGCTGCAAACCATGGAAGCTGTACGCATGGGGTAGCAGACTAGTGGTTAGAGGAGACCCCTCCCAAGACACAACGCAGCAGCGGGGCCCAACACCAGGGGAAGCTGTACCCTGGTGGTAAGGACTAGAGGTTAGAGGAGACCCCCCGCACAACAACAAACAGCATATTGACGCTGGGAGAGACCAGAGATCCTGCTGTCTCTACAGCATCATTCCAGGCACAGAACGCCAAAAAATGGAATGGTGCTGTTGAATCAACAGGTTCT,(((((((((((&))))))))))),132,142,557,567
NC_001474.2,MBFV,DENVG,DENV2,96,10176,451,AGTTGTTAGTCTACGTGGACCGACAAAGACAGATTCTTTGAGGGAGCTAAGCTCAACGTAGTTCTAACAGTTTTTTAATTAGAGAGCAGATCTCTGATGAATAACCAACGGAAAAAGGCGAAAAACACGCCTTTCAATATGCTGAAACGCGAGAGAAACCGCGTGTCGACTGTGCAACAGCTGACAAAGAGATTCTCACTTGGAATGCTGCAGGGACGAGGACCATTAAAACTGTTCATGGCCCTGGTGGCGTTCCTTCGTTTCCTAACAATCCCACCAACAGCAGGGATATTGAA,AAATCCCATACTTGGGGAAAAGAGAAGACCAATGGTGCGGCTCATTGATTGGGTTAACAAGCAGGGCCACCTGGGCAAAGAACATCCAAGCAGCAATAAATCAAGTTAGATCCCTTATAGGCAATGAAGAATACACAGATTACATGCCATCCATGAAAAGATTCAGAAGAGAAGAGGAAGAAGCAGGAGTTCTGTGGTAGAAAGCAAAACTAACATGAAACAAGGCTAGAAGTCAGGTCGGATTAAGCCATAGTACGGAAAAAACTATGCTACCTGTGAGCCCCGTCCAAGGACGTTAAAAGAAGTCAGGCCATCATAAATGCCATAGCTTGAGTAAACTATGCAGCCTGTAGCTCCACCTGAGAAGGTGTAAAAAATCCGGGAGGCCACAAACCATGGAAGCTGTACGCATGGCGTAGTGGACTAGCGGTTAGAGGAGACCCCTCCCTTACAAATCGCAGCAACAATGGGGGCCCAAGGCGAGATGAAGCTGTAGTCTCGCTGGAAGGACTAGAGGTTAGAGGAGACCCCCCCGAAACAAAAAACAGCATATTGACGCTGGGAAAGACCAGAGATCCTGCTGTCTCCTCAGCATCATTCCAGGCACAGAACGCCAGAAAATGGAATGGTGCTGTTGAATCAACAGGTTCT,(((((...((((.((((((&)))))).))))...))))),233,251,66,84
NC_001475.2,MBFV,DENVG,DENV3,94,10173,440,AGTTGTTAGTCTACGTGGACCGACAAGAACAGTTTCGACTCGGAAGCTTGCTTAACGTAGTGCTGACAGTTTTTTATTAGAGAGCAGATCTCTGATGAACAACCAACGGAAGAAGACGGGAAAACCGTCTATCAATATGCTGAAACGCGTGAGAAACCGTGTGTCAACTGGATCACAGTTGGCGAAGAGATTCTCAAAAGGACTGCTGAACGGCCAGGGACCAATGAAATTGGTTATGGCGTTCATAGCTTTCCTCAGATTTCTAGCCATTCCACCAACAGCAGGAGTCTTGGC,ATGTTCCATATCTAGGAAAGAGAGAAGACCAATGGTGTGGATCACTTATTGGTCTCACTTCCAGAGCAACCTGGGCCCAGAACATACCCACAGCAATTCAACAGGTGAGAAGCCTTATAGGCAATGAAGAGTTCCTGGACTACATGCCTTCAATGAAGAGATTCAGGAAGGAAGAGGAGTCGGAGGGAGCCATTTGGTAAACGTAGGAAGTGGAAAAGAGGCTAACTGTCAGGCCACCTTAAGCCACAGTACGGAAGAAGCTGTGCTGCCTGTGAGCCCCGTCCAAGGACGTTAAAAGAAGAAGTCAGGCCCCAAAGCCACGGTTTGAGCAAACCGTGCTGCCTGTAGCTCCGTCGTGGGGACGTAAAACCTGGGAGGCTGCAAACTGTGGAAGCTGTACGCACGGTGTAGCAGACTAGCGGTTAGAGGAGACCCCTCCCATGACACAACGCAGCAGCGGGGCCCGAGCACTGAGGGAAGCTGTACCTCCTTGCAAAGGACTAGAGGTTAGAGGAGACCCCCCGCAAATAAAAACAGCATATTGACGCTGGGAGAGACCAGAGATCCTGCTGTCTCCTCAGCATCATTCCAGGCACAGAACGCCAGAAAATGGAATGGTGCTGTTGAATCAACAGGTTCT,((((((((((((&)))))))))))),247,258,471,482
NC_002640.1,MBFV,DENVG,DENV4,101,10164,384,AGTTGTTAGTCTGTGTGGACCGACAAGGACAGTTCCAAATCGGAAGCTTGCTTAACACAGTTCTAACAGTTTGTTTGAATAGAGAGCAGATCTCTGGAAAAATGAACCAACGAAAAAAGGTGGTTAGACCACCTTTCAATATGCTGAAACGCGAGAGAAACCGCGTATCAACCCCTCAAGGGTTGGTGAAGAGATTCTCAACCGGACTTTTTTCTGGGAAAGGACCCTTACGGATGGTGCTAGCATTCATCACGTTTTTGCGAGTCCTTTCCATCCCACCAACAGCAGGGATTCTGAAGAG,AAGATATACCTTACCTAGGGAAAAGAGAGGATTTGTGGTGTGGATCCCTGATTGGACTTTCTTCCAGAGCCACCTGGGCGAAGAACATTCATACGGCCATAACCCAGGTCAGGAACCTGATCGGAAAAGAGGAATACGTGGATTACATGCCAGTAATGAAAAGATACAGTGCTCCTTCAGAGAGTGAAGGAGTTCTGTAATTACCAACAACAAACACCAAAGGCTATTGAAGTCAGGCCACTTGTGCCACGGTTTGAGCAAACCGTGCTGCCTGTAGCTCCGCCAATAATGGGAGGCGTAATAATCCCCAGGGAGGCCATGCGCCACGGAAGCTGTACGCGTGGCATATTGGACTAGCGGTTAGAGGAGACCCCTCCCATCACTGATAAAACGCAGCAAAAGGGGGCCCGAAGCCAGGAGGAAGCTGTACTCCTGGTGGAAGGACTAGAGGTTAGAGGAGACCCCCCCAACACAAAAACAGCATATTGACGCTGGGAAAGACCAGAGATCCTGCTGTCTCTGCAACATCAATCCAGGCACAGAGCGCCGCAAGATGGATTGGTGTTGTTGATCCAACAGGTTCT,(((((((((((((&)))))))).))))),85,97,502,515
NC_012533.1,MBFV,DENVG,KEDV,106,10227,390,ACTTTTTTGATCGGTGTGAATCGATACAAACAGATTTTGTAGAGAAGTTATTCTAACACTCGTGTCAACAGTTTTCGTGTTGAGAAAGAAAACAGATTCTTCGGAAATGAAAACCCAAAAAAGGGCCGCATCGCGGCCTATCAATATGCTGAAGCGCTTTGGATCTAGCGCTGGCCTTTTCGGCCTAAAGAAGATCCTTATGAAGTTGCTGGGAGGGTTTGGACCAGTTAGGCTGGTTCTAGCCTTCCTTGCCTTCTTCAAATTCACATCGCTGCGCCCTTCCCCTGGACTCCTCAAGAGATGGAG,ATGTCCCTTACTTGCAAAAGCGGGACGACCTGTGGTGCGGCTCCCTGATAGGTCACAGCTCAAGAGCCTCATGGGCTGAGAACATCAGAGTGGCAGTGGAGCAGGTGCGGAAGGCAATAGGGAGAGAAGAGTATGCTGATTACCTAGGAGTGCAAGACAGGTACTCCACCCACTCATTGGAAATGACAGGAGCCTTGTAAGACATGGAATGATCATGGAAAAGGTACAGACAAACAAGGAAATGAACAAAGGACTTGAAGGACTTGACGTCAGGCCACTCGTGAGAGTGCCACAGTACGGTAAAGACTGTGCGGCCTGCGAGCCCCCTGGGACTATCGGTATCCAGGCTAAACAAAAACCGTTGCACCTCATTGGGCTGGTGCGTAAAATGACATTGCGGGGCCCAAGCCGGCTAAGCTGTAACCGGTGGAAGGACTAGGAGGTTAGAGGAGACCCCCCGCGCCCATAACCAACATAAAACAGCATATTGACACCTGGGAAAGACCGGAGACTCTGTTGGCTTTCCCCACACCAGCCCCCTGGCACAGAGCGCCAGATCGGGGGTTGGTGTGGAGCAACCCAACAGGACT,(((((((.(((((.(((((&))))).))))).))))))),242,260,97,115
NC_001437.1,MBFV,JEVG,JEV,95,10299,582,AGAAGTTTATCTGTGTGAACTTCTTGGCTTAGTATCGTTGAGAAGAATCGAGAGATTAGTGCAGTTTAAACAGTTTTTTAGAACGGAAGATAACCATGACTAAAAAACCAGGAGGGCCCGGTAAAAACCGGGCTATCAATATGCTGAAACGCGGCCTACCCCGCGTATTCCCACTAGTGGGAGTGAAGAGGGTAGTAATGAGCTTGTTGGACGGCAGAGGGCCAGTACGTTTCGTGCTGGCTCTTATCACGTTCTTCAAGTTTACAGCATTAGCCCCGACCAAGGCGCTTTTAGG,ACGTTCCGTATGTGGGAAAGCGTGAGGACATCTGGTGTGGTAGCCTCATCGGAACGCGATCCAGAGCAACCTGGGCTGAGAACATCTATGCGGCGATAAACCAGGTCAGAGCTGTCATAGGGAAAGAAAATTATGTTGACTACATGACCTCACTCAGGAGATACGAAGACGTCCTGATCCAGGAAGACAGGGTCATCTAGTGTGATTTAAAGTAGAAAAGTAGACTATGTAAATAATGTAAATGAGAAAATGCATGCATATGGAGTCAGGCCAGCAAAAGCTGCCACCGGATACTGGGTAGACGGTGCTGTCTGCGTCTCAGTCCCAGGAGGACTGGGTTAACAAATCTGACAACAGAAAGTGAGAAAGCCCTCAGAACCGTCTCGGAAGTAGGTCCCTGCTCACTGGAAGTTGAAAGACCAACGTCAGGCCACAAATTTGTGCCACCCCGCTAGGGGGTGCGGCCTGCGCAGCCCCAGGAGGACTGGGTTACCAAAGCCGTTGAGCCCCCACGGCCCAAGCCTCGTCTAGGATGCAATAGACGAGGTGTAAGGACTAGAGGTTAGAGGAGACCCCGTGGAAACAACAATATGCGGCCCAAGCCCCCTCGAAGCTGTAGAGGAGGTGGAAGGACTAGAGGTTAGAGGAGACCCCGCATTTGCATCAAACAGCATATTGACACCTGGGAATAGACTGGGAGATCTTCTGCTCTATCTCAACATCAGCTACTAGGCACAGAGCGCCGAAGTATGTAGCTGGTGGTGAGGAAGAACACAGGATCT,(((((...(((((((((((&)))))))))))..))))),128,146,669,686
NC_000943.1,MBFV,JEVG,MVEV,95,10305,614,AGACGTTCATCTGCGTGAGCTTCCGATCTCAGTATTGTTTGGAAGGATCATTGATTAACGCGGTTTGAACAGTTTTTTGGAGCTTTTGATTTCAAATGTCTAAAAAACCAGGAGGACCCGGGAAGCCCCGGGTCGTCAATATGCTAAAACGCGGCATACCCCGCGTATTCCCACTAGTGGGAGTGAAGAGGGTAGTAATGAACTTGCTAGATGGCAGAGGGCCAATACGGTTTGTGTTGGCTCTCTTAGCTTTCTTCAGGTTTACAGCACTTGCCCCGACCAAGGCCTTGATGAG,AAGTCCCATATGTAGGGAAGAGAGAAGACATCTGGTGCGGAAGTCTCATAGGGACCAGGACCAGGGCAACATGGGCTGAGAACATCTACGCCGCCATCAACCAAGTGAGGTCAGTCATAGGGAAAGAAAAATATGTAGACTACGTGCAGTCGCTGAGGAGGTATGAAGAAACTCATGTGAGTGAAGATAGGGTCTTGTAAATAACATTGATAGAAAATTTTGTAAATATTTAATGTAATATAGTATAGGTAAAATTTTTTGAAATTAAGTAAAATTAAGTAGCAAGACTTGATAGTCAGGCCAGCCGGTTAGGCTGCCACCGAAGGTTGGTAGACGGTGCTGCCTGCGACCAACCCCAGGAGGACTGGGTTACCAAAGCTGATTCTCCACGGTTGGAAAGCCTCCCAGAACCGTCTCGGAAGAGGAGTCCCTGCCAACAATGGAGATGAAGCCCGTGTCAGATCGCGAAAGCGCCACTTCGCCGAGGAGTGCAATCTGTGAGGCCCCAGGAGGACTGGGTAAACAAAGCCGTAAGGCCCCCGCAGCCCGGGCCGGGAGGAGGTGATGCAAACCCCGGCGAAGGACTAGAGGTTAGAGGAGACCCTGCGGAAGAAATGAGTGGCCCAAGCTCGCCGAAGCTGTAAGGCGGGTGGACGGACTAGAGGTTAGAGGAGACCCCACTCTCAAAAGCATCAAACAACAGCATATTGACACCTGGGAAAAGACTAGGAGATCTTCTGCTCTATTCCAACATCAGTCACAAGGCACCGAGCGCCGAACACTGTGACTGATGGGGGAGAAGACCACAGGATCT,(((((((.(((((((((((&)))))))))))))))))),127,145,702,719
NC_007580.2,MBFV,JEVG,SLEV,98,10293,549,AGATGTTCGCGTCGGTGAGCGGAGAGGAAACAGATTTCCTTTTTGGAGGATAATAACTTAACTTGACTGCGAACAGTTTTTTAGCAGGGAATTACCCAATGTCTAAAAAACCAGGAAAACCCGGTAGAAACCGGGTTGTCAATATGCTAAAACGCGGCGTATCCCGCGTGAACCCCTTGACGGGGTTGAAGAGGATACTTGGAAGTCTGCTGGATGGCCGTGGACCCGTGCGGTTCATACTAGCCATCCTGACATTCTTCCGATTTACAGCTCTACAGCCAACTGAGGCGCTGAAGCG,TTCCATACCTAGGAAAGAGAGAGGACATCTGGTGTGGAAGCCTTATCGGAACAAGGACCAGAGCCACCTGGGCTGAGAACATCTACGCTCCAATCATGCAGATCCGCAACCTCATCGGGGAAGAGGAGTACAGAGACTACATGGTTGCCCAAAACAGATTTGGTAGGGAAGAAACTCATGTGGTAGGAGGAGTGCTGTAGATTGAAATGTAAATAGTGTAAATAAATAAAAACAGGTAAGTCAGGCCAATCAGTTTTGCCACCGGATGTCAGGTAAACGGTGCTGTCTGTAACCTGGCCCCAGGCGACTGGGTTATCAAAGCCAACCCGGCTGGGTGCAAAGCCCCTCATTCCGACTCGGGAGGGTCCCTGGCACGTAGGCTGGAGAGGACGCACAAGTCAGACCAGAAATGCCACCTGAAAGCATGCTAAAGGTGCTGTCTGTACATGCCCCAGGAGGACTGGGTTAACAAAGCTTAACAGCCCCAGCGGCCCAAACCATGGAGTGCGTGACCATGGCGTAAGGACTAGAGGTTAGAGGAGACCCCGCTGTAACTTGGCAAGGCCCAAACCCGCTCAAAGCTGTAGAGACGGGGGAAGGACTAGAGGTTAGAGGAGACCCCTTGCCGTTAACGCAAACAACAGCATATTGACACCTGGAAAGACAGGAGATCCCCTGCTTTTTCAACACCAGCCACAAGGCACAGAGCGCCGTAAAGTGTGGCTGGTGGTGAAAAAATCACAGGATCT,((((((.(((((((((((&))))))))))))))))),131,148,643,659
NC_006551.1,MBFV,JEVG,USUV,96,10305,665,AGTCGTTCGTCTGCGTGAGCTCTACTACTTAGTATTGTTTTTGGAGGATCGTGAGATTAACACAGTGCCGGCAGTTTCTTTGAGCGTTGATTTTCAATGTCTAAGAAACCAGGAGGGCCCGGAAGAAACCGGGCCATCAATATGCTGAAACGCGGCATACCCCGCGTATTCCCACTAGTGGGAGTGAAGAGGGTAGTCATGGGCTTGTTGGATGGAAGAGGACCAGTGCGATTCGTGCTGGCCTTGATGACATTCTTCAAGTTCACCGCGCTTGCCCCGACGAAGGCCTTGCTAGG,ACATCCCTTACACCGGGAAGCGGGAAGACATATGGTGTGGAAGCCTGATAGGCACGCGAACACGGGCAACGTGGGCTGAAAACATCTACGCAGCCATTAACCAGGTGAGAGCCATTATTGGCCAGGAAAAATACAGGGATTACATGCTTTCACTTAGAAGATATGAAGAAGTTAATGTCCAGGAGGACAGGGTTTTGTAAATAAGTGTTTAGGGTTTTGCAATTTAATTAAATATGCAATGTAATTTAGTTGTAAATATTTGATTGTGTAGCTTTATTTAGCATTGTTTTAGGATAGTAGAAGTTAAGGTTTTATTTAGTTATTTTATTTAATTGAATTTGATAGTCAGGCCAGGGCAACCTGCCACCGGAAGTTGAGTAGACGGTGCTGCCTGCGACTCAACCCCAGGCGGACTGGGTTAACAAAGCTGACCGCTGATGATGGGAAAGCCCCTCAGAACCGTTTCGGAGAGGGACCCTGCCTATTGGAAGCGTCCAGCCCGTGTCAGGCCGCAAAGCGCCACTTCGCCAAGGAGTGCAGCCTGTACGGCCCCAGGAGGACTGGGTTACCAAAGCCGAAAGGCCCCCACGGCCCAAGCGAACAGACGGTGATGCGAACTGTTCGTGGAAGGACTAGAGGTTAGAGGAGACCCCGTGGAACTTAGGTGCGGCCCAAGCCGTTTCCGAAGCTGTAGGAACGGTGGAAGGACTAGAGGTTAGAGGAGACCCCGCATCATAAGCATCAAAAAAACAGCATATTGACACCTGGGAATTAGACTAGGAGATCTTCTGCTCTATTCCAACATCAACCACAAGGCACAGAGCGCCGAAAATTGTGGCTGGTGGGGAACTAGACCACAGGATCT,(((((...(((((((((((&)))))))))))..))))),129,147,751,768
NC_001563.2,MBFV,JEVG,WNV,96,10293,573,AGTAGTTCGCCTGTGTGAGCTGACAAACTTAGTAGTGTTTGTGAGGATTAACAACAATTAACACAGTGCGAGCTGTTTCTTGGCACGAAGATCTCGATGTCTAAGAAACCAGGAGGGCCCGGTAAAAACCGGGCTGTCAATATGCTAAAACGCGGTATGCCCCGCGGATTGTCCTTGATAGGACTAAAGAGGGCTATGCTGAGTCTGATTGACGGGAAGGGCCCAATACGTTTCGTGTTGGCTCTTTTGGCGTTTTTCAGATTCACTGCAATCGCTCCGACTCGTGCGGTGCTGGA,ATGTTCCATACTCTGGAAAGAGAGAGGACATTTGGTGTGGCAGTTTGATCGGCACACGAACCCGCGCCACTTGGGCTGAAAATATCCATGTGGCAATCAATCAGGTCCGTTCAGTGATTGGAGAAGAGAAGTATGTGGATTACATGAGCTCCTTGAGGAGGTATGAAGACACCATTGTAGTGGAGGACACTGTTTTGTAAAAGATAGTATTATAGTTAGTTTAGTGTAAATAGGATTTATTGAGAATGGAAGTCAGGCCAGATTAATGCTGCCACCGGAAGTTGAGTAGACGGTGCTGCCTGCGGCTCAACCCCAGGAGGACTGGGTGACCAAAGCTGCGAGGTGATCCACGTAAGCCCTCAGAACCGTCTCGGAAGGAGGACCCCACGTGCTTTAGCCTCAAAGCCCAGTGTCAGACCACACTTTAATGTGCCACTCTGCGGAGAGTGCAGTCTGCGATAGTGCCCCAGGTGGACTGGGTTAACAAAGGCAAAACATCGCCCCACGCGGCCATAACCCTGGCTATGGTGTTAACCAGGGAGAAGGGACTAGAGGTTAGAGGAGACCCCGCGTAAAAAAGTGCACGGCCCAACTTGGCTGAAGCTGTAAGCCAAGGGAAGGACTAGAGGTTAGAGGAGACCCCGTGCCAAAAACACCAAAAGAAACAGCATATTGACACCTGGGATAGACTAGGGGATCTTCTGCTCTGCACAACCAGCCACACGGCACAGTGCGCCGACATAGGTGGCTGGTGGTGCTAGAACACAGGATCT,(((((.((((((((((((&))))))))))))))))),129,146,667,683
NC_009942.1,MBFV,JEVG,WNV,96,10302,631,AGTAGTTCGCCTGTGTGAGCTGACAAACTTAGTAGTGTTTGTGAGGATTAACAACAATTAACACAGTGCGAGCTGTTTCTTAGCACGAAGATCTCGATGTCTAAGAAACCAGGAGGGCCCGGCAAGAGCCGGGCTGTCAATATGCTAAAACGCGGAATGCCCCGCGTGTTGTCCTTGATTGGACTGAAGAGGGCTATGTTGAGCCTGATCGACGGCAAGGGGCCAATACGATTTGTGTTGGCTCTCTTGGCGTTCTTCAGGTTCACAGCAATTGCTCCGACCCGAGCAGTGCTGGA,ACGTCCCATATTCAGGAAAACGAGAGGACATCTGGTGTGGCAGCCTGATTGGCACAAGAGCCCGAGCCACGTGGGCAGAAAACATCCAGGTGGCTATCAACCAAGTCAGAGCAATCATCGGAGATGAGAAGTATGTGGACTACATGAGTTCACTAAAGAGATATGAAGACACAACTTTGGTTGAGGACACAGTACTGTAGATATTTAATCAATTGTAAATAGACAATATAAGTATGCATAAAAGTGTAGTTTTATAGTAGTATTTAGTGGTGTTAGTGTAAATAGTTAAGAAAATTTTGAGGAGAAAGTCAGGCCGGGAAGTTCCCGCCACCGGAAGTTGAGTAGACGGTGCTGCCTGCGACTCAACCCCAGGAGGACTGGGTGAACAAAGCCGCGAAGTGATCCATGTAAGCCCTCAGAACCGTCTCGGAAGGAGGACCCCACATGTTGTAACTTCAAAGCCCAATGTCAGACCACGCTACGGCGTGCTACTCTGCGGAGAGTGCAGTCTGCGATAGTGCCCCAGGAGGACTGGGTTAACAAAGGCAAACCAACGCCCCACGCGGCCCTAGCCCCGGTAATGGTGTTAACCAGGGCGAAAGGACTAGAGGTTAGAGGAGACCCCGCGGTTTAAAGTGCACGGCCCAGCCTGGCTGAAGCTGTAGGTCAGGGGAAGGACTAGAGGTTAGTGGAGACCCCGTGCCACAAAACACCACAACAAAACAGCATATTGACACCTGGGATAGACTAGGAGATCTTCTGCTCTGCACAACCAGCCACACGGCACAGTGCGCCGACAATGGTGGCTGGTGGTGCGAGAACACAGGATCT,(((((.((((((((((((&))))))))))))))))),129,146,725,741
NC_009029.2,MBFV,KOKVG,KOKV,83,10233,558,AGATGTTCACCTGTGTGAACTAACCAGACAGATCGAAGTTAGGTGATTACATAACACAGTGTGAACAAGTTTTTTGAACAGCAATGACCAAAAAACCAGGAAGGCCCGGTAGAAATCGGGCCGTCAATATGCTAAAGCGCGGTGCGTCCCGCGCGCTTGGTCCAATGATCAAGCTTAAGAGGATGCTTTTTGGCCTGCTGGATGGGAGGGGGCCGCTCAGGATGGTCTTGGCCATTCTGGCGTTCTTCAGATTTACAGCATTGAAACCAACGGCAGGACTATT,TTCCGTACCTAGGGAAAAGAGAAGATCCATGGTGTGGTTCATACATAGGCTACCGGCCTCGTTCAACTTGGGCAGAAAACATCAAGGTACCAGTGAACGTGATCCGGGTTAAGATTGGAGGGAACAAGTATCAAGACTATCTGGGAACACAGAAGAGGTATGAGAGTGAGAAGAGAGTTGAGTTCCGAGGAGTTCTGTAGATGAAGAGAATGAAGTGAGTTATTTTGTTGTGATAGTCAGGCCTGAAAAGCCACCTGATCCGGTGAAGGTGCTGCCTGCATCCGGCCTGGAGTGATGCTCCAGTGTCGTGGAACAACAACCGATGGAGCCAAGCCCGGAGGGGATCCGGCCCCCGACTTCCGGAGGTTGCCACACCTTGTAAATATGTACATACAGAGTCAGATCCGAAAGGCCACCAGTTTGGTGCAGAACTGGTGCTATCTGTGAACACTCCCAGGAGGACTGGGTAAACAAAGCCATTAGGGACCATCACGGCCCGAGGGGGAGAAGAACGCGAACTCCCCCAAAGGACTAGAGGTTAGAGGAGACCCGTGATTAGGGAGATGAGGGAGCCCATCTCAGGGAAAGCTGTAACCCTGGGGGAAGGACTAGAGGTTAGAGGAGACCCTCCCACAAAGAAGCGCAAACACAAAACAGCATATTGACACCTGGGAAAGACTAGGGGATTTGCTGCTCTGGACTTCCGGCTCTCGGCACAGAACGCCGTTGAGGAGCCGGAGGCCCAAAACACCAGATCT,(((((..(((((((((((&))))))))))).))))),116,133,656,672
NC_032088.1,MBFV,KOKVG,NMV,88,10230,546,AGATGTTCACCTGCGTGAACTGATTAGACAGATCGACATCAGATAGTTTCTATAACTCAGTGTGAACAAGTTTTTTGATCAGTGGATAATGACTAAAAAACCAGGAAAGTCCGGCAATCGTCGGACTGTCAATATGCTAAAGCGCGGAGCATCCCGCGCACTTGGCCCACTAGCCAAGTTTAAGAGGATGTTTTCCAGCCTGCTGGATGGGAGAGGACCATTACGGATGATCCTAGCCCTTCTGGCTTTCTTTAAGTTTACAGCACTTAGACCAACGGCTGGACTGCT,TTCCCTATTTGGGCAAAAGAGAAGATCTATGGTGTGGCTCGCTCATTGGACACAGGCCCAGAACGACTTGGGCAGAAAACATCCGAAGAACTGTGGAGCAGGTGCGGAGGATCATAGGAGGGGAACGTTACTCTGATTATATGGGAACCCAAAAGCGGTATGAATTGGAAAATGTACCCGCTTTTGAAGGAGTCATTTAAATGGTAGTGAAGTAGTTTGTTAGGTAAGGTGAAATGAAGTCAGGCCGAATAGCCATCTGATCCGGTGAAGATGCTGCCTGCGACCGGCCCAGGGTGATGCCCTGGTGAGCGGAACAACAGCCATGGAGCCAAGCCCAGAGGGAATCTGGTCCCCGACTACCGGAAGCTGCCGCGCACTGTAAATATTGTAAATAGGGAGTCAGACCACTTAGTGCCACCAGTATGATGATAAGCTGGTGCTGTCTGTCCTCATCCCCAGGAGGACTGGGTTAACAAAGCGCAAGCCCCCACGGCTGCAGCACTTCTCTTGCGGGAGAGATAGTGTCACGCGGACTAGAGGTTAGAGGAGACCCCGTGGATTCTTGTGGGCCCAAGCGAGTGAAGCTGTAAACTCGTGGAAGGACTAGAGGTTAGAGGAGACCCCCACATACCGCAAAACAAAACAGCATATTGACACCTGGGATAGACTAGGAGATCCGCTGCTCTGGAACCCCAGTTCTAGGCACAGAACGCCGTAATGAACTGGGGTGCCAAAACACCGAATCT,((((((((((((&)))))))))))),127,138,645,656
NC_012534.1,MBFV,NTAVG,BAGV,94,10281,566,AGAAGTTCATCTGTGTGAACTTTGTGATTGACAGCTCAACACAAGTGCGGACTACCGTAAACACAGTTTGAACGTTTTTTGGAGAGAGATTATTATGTTTAACAAAAAACCAGGAAAACCCGGGGCAACCCGGGTTGTCAATATGCTAAAGCGCGGTGCATCCCGCGGAAATCCGATATCTCGGATCAAGAGGATGCTCGATGGACTACTCAGAGGAGTAGGACCAGTCAGAATTGTCTTGGCGATCTTAACCTTTTTCAAATTTACAGCTTTGAAACCAACGGCAGGATTGTT,ATGTGCCGTACCTCGGAAAGCGCGAGGACAGTTGGTGTGGAAGTCTGATAGGGCACAGAACACGATCAACCTGGGCAGAGAACATATACACACCAATCATGCAGATCAGGGCCCTGATTGGACCAGAGCGGTATGTTGACTATATGCCAACTCTAAACCGCTTCAGGGCAGTGGAAACATGGTCTGATGGGGTTCTGTAAGATGTAAATAAACACAGGGAAATAGACTATGTAAATAGATTTCATATATTAATTGGATTTAAGTAAGTAAGTAGTTTAGATGGAATGTAGTGTTAGGTGAACTTATTTAGACTTGAGAGTCAGGCCGGATTACATGTCCGCCACCGGATGTTGGATGACGGTGCTGCCTGCAGTCCAACCCCAGGAGGACTGGGTCACCAAAGTGTCCGACACTCAACACGCAAAGCGCTCAATACCGACTCGGAGAGCTCCCTGGCGTTGGAGAGGATAGGCACCCAGAGTCAGGCCACAGGTTTTGTGCCACTAGCATGCAGTGCTGCCTGAGCAAAGACATGCCCCAGGTGGACTGGGTAAACAAAGCCGCAAGGCCCCCGTGGCCCAAGCAAGGGAATGGTGTGACCCTTGTGTAAGGACTAGAGGTTAGAGGAGACCCCTTGCGAGTTAACACCAAAACAAAACAGCATATTGACACCTGGGAGAGACTAGGAGACCCTCTGTCCTAACAACACCAGCCATCCGGCACAGAGCGCCGTAAGTGTGGCTGGTGGTGGTAGAACACAGTGTCT,(((((((.(((((((((((&)))))))))))))))))),129,147,660,677
NC_009028.2,MBFV,NTAVG,ILHV,92,10275,388,AGAAATTCACCTGTGTGAATTTCACTAACCGTTTTAGTGGAGAGAACTTTTGTTTAACACAGTCTGAATAGTTTTTTAGCAAGGGATTTCCCATGTCTAAAAAACCAGGAAAGTCCGCTGCAAAGCGGACTGTCAATATGCTAAAACGCCTGGCTAGCGTGTCCCCCTCAAGGGGGCGAAGAACTATTCGGAGAATGCTAGATGTGAGAGGAGCACCAAGATTGATCCTAGCCCTCATGGCTTTTTTCCGTTTCGCAGCAATCAAGCCCACTCTGGGCTTGAAAAAACGATG,TCCCCTACATCGGAAAGAGGGAGGACCAATGGTGTGGTAGTCTGATTGGAACCCGACAGAGAGCAACATGGGCGGAGAATATATATACACCAATAATGCAAATCCGCAACTTGATCGGGGATGAGAAGTATGTGGACTGCATGGTGTCCCAGCACAGGTTCGAAACACCTTCGCCCGTGCTGTTCACCGGCGCCATCTAAACCCAAAAGACCAAAAAAGGACAATTGTGTCAGGCCATGGAAACATGCCACCCAAAGCTTGTAGAGGGTGCAGCCTGCGCCAAGCCCCAGGAGGACTGGGTTACCAAAGCCGTTAGGCCCCCACGGCCCATTTCAGGAGACAGCGCGACTCCTGGAGGAAGGACTAGAGGTTAGAGGAGACCCGTGGAACATCGCTGAGGCCCAAACCAGCCCGAAGCTGTAGGACTGGTGGAAGGACTAGAGGTTAGTGGAGACCCCTCAGCACCAAGCGCGAAACAAACAGCATATTGACGCCTGGGAAAGACCGGGAGATCCTCTGCTTTCCATCACCAGCCACTAGGCACAGATCGCCGCAAGTAGTGGCTGGTGGTGAAAAACACATGGATCT,(((((((((((&))))))))))),132,142,482,492
NC_018705.3,MBFV,NTAVG,NTAV,94,10284,565,AGAAGTTCATCTGTGTGAACTTCGTGATTGACAGCTCAACACGAGTGCGGGCAACCGTAAACACAGTTTGAACGTTTTTTGGAGAGAGACTACTATGTCAAACAAAAAACCAGGAAGACCCGGGGCAACCCGGGTTGTCAATATGCTAAAGCGCGGCGCATCCCGCGGAAATCCGATATCTCGGATCAAGAGGATGTTGGATGGGCTATTCAAGGGAATAGGACCCATCAGGATTGTCCTTGCATTCCTGACGTTTTTCAAATTTACAGCTTTGAAACCGACGGCAGGATTGTT,ACGTGCCATACCTTGGAAAAAGGGAAGACAGTTGGTGTGGGAGCTTAATTGGGCATAGAGCTAGATCCACCTGGGCGGAGAACATATACACTCCCATCATGCAGATAAGAGGGCTGATAGGCCCAGAAAGATATGTGGACTATATGCCCACTCTAAACAGATTTAAGGCAGTGGAATCGTGGTCAGAGGGAGTGCTGTAGACAAACAACCAAGCAATAAACAGTAGATATATAATCAGTGTAAATAATAGAATGATTATGATAAGCTTTGTTTTAGACCTTAGAAGATAGATTTAGATTTATTTTAGGGCGATAGTCAGGCCAGGCAATGCCTGCCACCGGAAGTTGGATGACGGTGCTGTCTGCGCTCCAACCCCAGGCGGACTGGGTTAACAAAGTGGTGATCCAGGAGACGCAAAGCGTTCACTACCGTTTCGGAGAACTCCCTGGCGTTCGAATGGAACACTGCCCAAAGTCAGGCCGTAGGTTTTACGCCACTAGCATGCAGTGCTGCCTGAGACAAGACATGCCCCAGGAGGACTGGGAAAACAAAGCCGTTAAGGCCCCCGCGGCCCAAGCAAGGGAATGGTGTGCCCCTTGTGGAAGGTCTAGAGGTTAGAGGAGACCCCGCGGAAATCAAAGCAAGGCCCAACCTGGCAAAGCTGTAAACCAGGGGAAGGACTAGAGGTTAGAGGAGACCCCTTGCGAGTGAACACCACACAAAAACAGCATATTGACACCTGGGAAAGACTAGGAGACCCTCTGT,(((((((.(((((((((((&)))))))))))))))))),129,147,727,744
NC_040776.1,MBFV,NTAVG,ROCV,92,10278,424,AGAAATTCACCTGTGTGAAATTTCACCAACAGTTTTAGTGAAAAGAACTTTGTTTAACACAGTCTGAATAGTTTTTTAGCAGAGGTACTACCATGTCTAAAAAACCAGGAGGACCCGCCGGAAGGCGGGTTGTCAATATGCTGAAACGCCCAGCCAGCGTTTCCCCAATAAAAGGGATAAAGAGGCTAATTGGAAATTTGACTGATGGGAGAGGACCACTACGAGTGGTTCTCGCTTTCATCGCATTTTTCCGTTTTGCAGCCATCATGCCCACCCAAGGACTACTCCGCAG,ACGTCCCCTACATTGGGAAGCGCGAAGACCAGTGGTGTGGCAGCTTGATAGGGCACCGTTCCAGGGCCACCTGGGCCGAGAACATCTACACGCCCATCATGCAGGTCCGCAATCTCATAGGAGCTGAGAGATATGTGGATTATATGCCAGCACAGACAAGGTTCGCACATGAAGCAGAGCTTCAAGGAGGAGTTCTGTAAGACTGAACAGCCCAGAGAAATGCGAAACGAAATGTAAATAATGTAAATAAAATAGCAAGAAGAAGTCAGGCCGTCCTTGGACGCCACCCAAAGCATGGGAGGGTGCTGCCTGCGACAAGCCCCAGGAGGACTGGGTTTTCAAAGCCATGAGCCCCCACGGCCCAACCCTGGGAAAGCGCGACCCAGGGGTTAGGACTAGAGGTTAGAGGAGACCCAGTGGAAACATCAGCCAAGGCCCAGACCATTCCAAAGCTGTAGGAATGGTGGAAGGACTAGAGGTTAGAGGAGACCCCTTGGCACACAAGCGCAAAGACAAACAGCATATTGACACCTGGGAAAGACCGGGAGACCCTCTGCTCTGCAACACCAGCCACTAGGCACAGATCGCCGAAATCTGTGGCTGGTGCTGCAAAACACAGGATCT,(((((((((((((&))))))))))))),131,143,518,530
NC_034151.1,MBFV,NTAVG,THOV,97,10284,556,AGAAATTCATCTGTGTGGATTTCTTTACAACAGTTTTGGAAGAGAGAACAATACGTTTAACACAGTGTGAATAGTTTTTTGAACAGAGGTGAAAACCATGTCTAAAAAACCAGGAGGACCCGGAAAGAACCGGGTCGTTAATATGCTGAAGCGCACATCCCGCGCTAGCCCTTTGCAGGGCTTGAAGAGGATGATTGGAAATCTGCTGGATGGAAGAGGTCCATTAAAAATGGTTCTTGCCATTCTGACATTTTTCCGTTTTACAGCAATAAGGCCCACCACTGGACTCTTACGCCG,ACATTCCCTATCTGGGGAAAAGGGAAGACCAGTGGTGCGGCAGCCTAATCGGACACAGAAGCCGGTCAACCTGGGCAGAGAATATTTACACCCCCATTATGCAAGTCCGCAATTTAATAGGAAACGAAAAGTTTGTGGACTACATGACATCACAGGTCAGATTCGGGGCAGGGGAAGAGCCCCGCGGGGGAGTGTTGTAAATTTGTGAAGTGAGGAGAGAGAGCGAACCCAGTACCGTCTCGGAGGGCTAGCTTTCTTTCCTTGATCAAAAAGAAAGAGTCAGGCCGCGGTCAGTAGGCAATACCGTCTCGGAGCCGTTTGACACACGCCATGGTAAAGACCATGCTGCCTGCGATTTGTATATAGTGTAAATAGCTTAAGAGGCATTGGTAGTCAGGCCAGCAAAGCTGCCACCCGAAGCTTGTAGAGGGTGCTGTCTGCGACAAGCCCCAGGAGGACTGGGTTAACAAAGCTAAAAGCCCCCACGGCCCAATCTTGGGAGGGCGTGGCCCAAGAGTAAGGACTAGAGGTTAGAGGAGACCCCGTGGAAATAGAAAGCCAAGGCCCAACTCTGGTTGAAGCTGTAGACCAGAGGGAAGGACTAGAGGTTAGAGGAGACCCCTTGGCAGTGAACGCAAATAAAAACAGCATATTGACACCTGGGATAGACTGGGAGACCCTCTGCTTATTTCAACACCAGCCACTCGGCACAGAACGCCGTAAGTGTGGCTGGTGGTGAAAATAAACACAGAGTCT,((((((((((((.((&)).))))))))).))),274,288,26,41
NC_015843.2,MBFV,NTAVG,TMUV,94,10278,618,AGAAGTTCGCCTGTGTGAACTTATTCCAAACAGCTTTTGGAGTAGTGCGTGTGAACGTAAACACAGTTTGAACGTTTTTTGGATAGAGACAACTATGTCTAACAAAAAACCAGGAAGACCCGGCTCAGGCCGGGTTGTCAATATGCTAAAGCGCGGAACGTCCCGCGGAAATCCGCTAGCGCGGATAAAGAGGACGATTGATGGGGTCCTGAGAGGAGCAGGACCCATAAGGTTTGTGCTGGCTCTACTGACTTTCTTCAAGTTTACAGCCCTGAGGCCAACCATTGGAATGCT,AAGTGCCATACCTTGGAAAGAGGGAAGATGGCTGGTGTGGTAGTCTGATTGGACATCGAGCTAGATCCACCTGGGCCGAGAACATATACACCCCAATTATGCAGATCAGAGCTCTCATTGGCCCTGAGCACTATGTAGATTACATGCCAACTCTAAACAGGTTCAAACCCATTGAAAGCTGGAGTGAAGGTGTCTTGTAAATACATGAGGTAGGTGTGAAAATGTATATAAAGTAGTGTTAGTTTAGAGCAATAAACATATAAATTAGCATTTGTTTGAAGAGATAGGAAGAGGAAGTCAGGCCAGGGAATCCCTGCCACCGGATGTTGGATGACGGTGCTGTCTGCGTTCCAACCCCAGGAGGACTGGGTTAACAAATCTGGGTGCATGGAGGAGCTAAGCGTTCAATACCGTCTCGGAGAACTCCCTGGCTCACGAAGTGCCCTGGACCAGTGTCGGGCCACAGGTTTTGTGCCATTAGCGTGCAGTGCAGCCCGGACAAAAGACACGCCCCAGGAGGACTGGGAAAACAAAGCCAAAATGGCCCCCACGGCCTGAAATGATGGAGCTGGTGTGACCATCATGGAGGGACTAGAGGTTAGAGGAGACCCCGTGGAAAGAAAGCAAGGCCCAACCTAGAGTCAAGCTGTAACTCTAGGGGAAGGACTAGAGGTTAGAGGAGACCCCTTGCGAGTGAACACCACAAGAAACAGCATATTGACACCTGGGATAGACTAGGAGACCCTCTGTCCTAACAACACCAGCCACTTGGCACAGATCGCCGAAAGTGTGGCTGGTGGTGGTAGAACACAGGATCT,((((((.(((((((((((&))))))))))))))))),130,147,712,728
NC_012532.1,MBFV,SPOVG,ZIKV,106,10260,428,AGTTGTTGATCTGTGTGAGTCAGACTGCGACAGTTCGAGTCTGAAGCGAGAGCTAACAACAGTATCAACAGGTTTAATTTGGATTTGGAAACGAGAGTTTCTGGTCATGAAAAACCCCAAAGAAGAAATCCGGAGGATCCGGATTGTCAATATGCTAAAACGCGGAGTAGCCCGTGTAAACCCCTTGGGAGGTTTGAAGAGGTTGCCAGCCGGACTTCTGCTGGGTCATGGACCCATCAGAATGGTTTTGGCGATACTAGCCTTTTTGAGATTTACAGCAATCAAGCCATCACTGGGCCTTATCAA,TTCCCTATCTAGGAAAAAGGGAGGACTTATGGTGTGGATCCCTTATAGGGCACAGACCCCGCACCACTTGGGCTGAAAACATCAAAGACACAGTCAACATGGTGCGCAGGATCATAGGTGATGAAGAAAAGTACATGGACTATCTATCCACCCAAGTCCGCTACTTGGGTGAGGAAGGGTCCACACCCGGAGTGTTGTAAGCACCAATTTTAGTGTTGTCAGGCCTGCTAGTCAGCCACAGTTTGGGGAAAGCTGTGCAGCCTGTAACCCCCCCAGGAGAAGCTGGGAAACCAAGCTCATAGTCAGGCCGAGAACGCCATGGCACGGAAGAAGCCATGCTGCCTGTGAGCCCCTCAGAGGACACTGAGTCAAAAAACCCCACGCGCTTGGAAGCGCAGGATGGGAAAAGAAGGTGGCGACCTTCCCCACCCTTCAATCTGGGGCCTGAACTGGAGACTAGCTGTGAATCTCCAGCAGAGGGACTAGTGGTTAGAGGAGACCCCCCGGAAAACGCAAAACAGCATATTGACGTGGGAAAGACCAGAGACTCCATGAGTTTCCACCACGCTGGCCGCCAGGCACAGATCGCCGAACTTCGGCGGCCGGTGTGGGGAAATCCATGGTTTCT,(((((((((((&))))))))))),146,156,520,530
NC_035889.1,MBFV,SPOVG,ZIKV,107,10272,429,AGTTGTTGATCTGTGTGAATCAGACTGCGACAGTTCGAGTTTGAAGCGAAAGCTAGCAACAGTATCAACAGGTTTTATTTTGGATTTGGAAACGAGAGTTTCTGGTCATGAAAAACCCAAAAAAGAAATCCGGAGGATTCCGGATTGTCAATATGCTAAAACGCGGAGTAGCCCGTGTGAGCCCCTTTGGGGGCTTGAAGAGGCTGCCAGCCGGACTTCTGCTGGGTCATGGGCCCATCAGGATGGTCTTGGCAATTCTAGCCTTTTTGAGATTCACGGCAATCAAGCCATCACTGGGTCTCATCAA,TTCCCTATTTGGGAAAAAGGGAAGACTTGTGGTGTGGATCTCTCATAGGGCACAGACCGCGCACCACCTGGGCTGAGAACATTAAAAACACAGTCAACATGGTGCGCAGGATCATAGGTGATGAAGAAAAGTACATGGACTACCTATCCACCCAAGTTCGCTACTTGGGTGAAGAAGGGTCTACACCTGGAGTGCTGTAAGCACCAATCTTAATGTTGTCAGGCCTGCTAGTCAGCCACAGCTTGGGGAAAGCTGTGCAGCCTGTGACCCCCCCAGGAGAAGCTGGGAAACCAAGCCTATAGTCAGGCCGAGAACGCCATGGCACGGAAGAAGCCATGCTGCCTGTGAGCCCCTCAGAGGACACTGAGTCAAAAAACCCCATGCGCTTGGAGGCGCAGGATGGGAAAAGAAGGTGGCGACCTTCCCCACCCTTCAATCTGGGGCCTGAACTGGAGATCAGCTGTGGATCTCCAGAAGAGGGACTAGTGGTTAGAGGAGACCCCCCGGAAAACGCAAAACAGCATATTGACGCTGGGAAAGACCAGAGACTCCATGAGTTTCCACCACGCTGGCCGCCAGGCACAGATCGCCGAATAGCGGCGGCCGGTGTGGGGAAATCCATGGGTCTT,((((((((((((&)))))))))))),96,107,540,551
NC_008719.1,MBFV,YFVG,SEPV,116,10218,459,AGTATATTCTGCGTGCTAATCGTTCAACGTTAGTCCGTGGAGTGAGCTTCTGTTAAGTTGTTAACACGTTTGAATAATTTCTACTGAAAGGGTAGAGAAAAGGAGTTTTGCTTCTCATGGCAACAAGAGGAGCAAGCAAGTCTCGGGTCACGACCCGGGGCGTCAATATGGTGACGGCCAAGGCCAAGAGTCTGGCCGTCAAAATAAAAAACAAAACAAAACAAAACACAAGAGGACTGCGGGGGTTCCTCTTGTTTTTAGTGGCTCAAATTTTTTGGGCACGGAAATTGACCCCGCAAGTCAAAAAACTGTGGAG,CCTACCTGCCCAAGTCTATTGACAAAACCTGCAACTCATTGGTCGGAACAACACAACGTGCCACCTGGGCGCGTGATGTGAAGCATACTGTTCACCGCATCCGGAAGTTGGTTGGAAATGAGAAATTCTATGATTATATGTCTACCATGGACCGATATAGAGAGCTAGACGAAGAAGGTCCAGGAGAAATCCTTTGGTAGACAGACTGACACAAAATAAGTGACCAGAATGGGACTAAACCACCTACTATATGTAAAACCGGGATAAAAACCACGGAGAGGACCGGACCTCTCACTATGTAAAACCGGTATACAAACCAAAACAGACAGGACCGGACCTGCCTGATGTCAGCCCGTCATAATGACGCCATGGCTAAGCTGTGAGGCCATGCTGGCTGGGATAGCCGCGACCACCCGCGTAATGGGGTTCCTGGATTGCTCGATCCGGGGTAAAAAATTTTTAGGGAGCCTCCGCCTGCTGCGTCCGCGCGCAGCAGGAAAGAAGGGGTCTAGAGGTTAGAGGAGACCCTCCCGAGCACTATAGCGGACCATATTGACGCCTGGGAAAGACCGGAGACACTCCTTGATTCTCACCTTTCTCACCCTTAAGCACAGATTGCTTGAATGCAGGGTGGGGAAGTTGGGAACCAACTAGTGTCT,((.(((((((((((((((&))))))))))))))).)),155,172,547,564
NC_012735.1,MBFV,YFVG,WESSV,118,10218,478,AGTATATTCTGCGTGCTAATCGTTCGACGTTAGTCCGTGGAGTGAGCTTCTATTAGAGTCGTTAACACGTTTGAATAATTTCTACTGAAAGGAGTAGAAGAAAGGAGATTCATTCCCAATGGCAACAAAGGGGATGAATAAGTCTCGGGCTCGATCCCGAGGCGTCAATATGGTAGCGGCTAGAGTGAAGAACCTAGCCGTTAAAGTAAAAAACAAAACAAAACAAAGTGCAAGAGGTTTGCGAGGGTTCCTCTTGTTTCTAGTGGCCCAAATTTTCTGGGCTAGAAAACTAACCCCGCAGGTTAAAAGATTGTGGAG,CTTATCTGCCAAAGTCAATTGACAAGACATGCAACTCACTCGTTGGAACCACACAACGAGCTTCCTGGGCTAGAGATATCAAGCACACAGTCCATAGAATCCGTGGACTTGTTGGAAATGAAAAATATACAGACTATCTAGCCACTATGGACAGATTCAGGGAACTCGATGAGAGTGGCCCTGGAGAAGTCTTGTGGTAAATTCAACAAAATTTAAGAAACCGGGATACAAACCACGGATCCAGAACCGGACTGGGTCACCTATTGAATAAAACCGGGATATAAACCACGGAGAGGACCGGACCTCTCACTCTGTAAAACCGGGATATAAACGAGCAAGCAGGACCGGACCTGCTTTTAGAGTCAGCCCATCATTTGATGCCATGGCTAAGCTGTGAGGCCATGCTGGCTGGGACAGCCGCGACCACCCGCGCAAAGGGGTTCCTGGTAGGCTCAAACCAGGGTAAAAAGTATTGGGAGCCTCCACCCACCGTTACCGCGCACGGTGGGAAAGATGGGGTCTAGAGGTTAGAGGAGACCCATTCCCTCCCGAGCACACATAGCGGACCATATTGACGCCAGGGAAAGACCGGAGACACTCCTTGATTCTCACCTTTCTCGCCCTAAAGCACAGATTGCTTGAATGCAGGGCGGGGAAGTTGAGAACCAACTAGTGTCT,((((..((((((((((((((&)))))))))))))).)))),155,174,566,584
NC_002031.1,MBFV,YFVG,YFV17D,118,10236,508,AGTAAATCCTGTGTGCTAATTGAGGTGCATTGGTCTGCAAATCGAGTTGCTAGGCAATAAACACATTTGGATTAATTTTAATCGTTCGTTGAGCGATTAGCAGAGAACTGACCAGAACATGTCTGGTCGTAAAGCTCAGGGAAAAACCCTGGGCGTCAATATGGTACGACGAGGAGTTCGCTCCTTGTCAAACAAAATAAAACAAAAAACAAAACAAATTGGAAACAGACCTGGACCTTCAAGAGGTGTTCAAGGATTTATCTTTTTCTTTTTGTTCAACATTTTGACTGGAAAAAAGATCACAGCCCACCTAAAGAG,TCCCTTATCTAACCAAGAGACAAGACAAGCTGTGCGGATCACTGATTGGAATGACCAATAGGGCCACCTGGGCCTCCCACATCCATTTAGTCATCCATCGTATCCGAACGCTGATTGGACAGGAGAAATACACTGACTACCTAACAGTCATGGACAGGTATTCTGTGGATGCTGACCTGCAACTGGGTGAGCTTATCTGAAACACCATCTAACAGGAATAACCGGGATACAAACCACGGGTGGAGAACCGGACTCCCCACAACCTGAAACCGGGATATAAACCACGGCTGGAGAACCGGGCTCCGCACTTAAAATGAAACAGAAACCGGGATAAAAACTACGGATGGAGAACCGGACTCCACACATTGAGACAGAAGAAGTTGTCAGCCCAGAACCCCACACGAGTTTTGCCACTGCTAAGCTGTGAGGCAGTGCAGGCTGGGACAGCCGACCTCCAGGTTGCGAAAAACCTGGTTTCTGGGACCTCCCACCCCAGAGTAAAAAGAACGGAGCCTCCGCTACCACCCTCCCACGTGGTGGTAGAAAGACGGGGTCTAGAGGTTAGAGGAGACCCTCCAGGGAACAAATAGTGGGACCATATTGACGCCAGGGAAAGACCGGAGTGGTTCTCTGCTTTTCCTCCAGAGGTCTGTGAGCACAGTTTGCTCAAGAATAAGCAGACCTTTGGATGACAAACACAAAACCACT,((((((.((((((((((((&)))))))))))))))))),147,165,595,612
NC_008718.1,NKV,ENTVG,ENTV,119,10236,155,AGTAAATTTTGCGTGCTAGTCGCTTGGCGTTAGTCCGTGAAGTGAGTTTTTGGATACATTGTACCAGAGATTAACACGTTGAAATTATTTCTGAAAACAGAAAATCAGAATCAGACGCGATGAATAATCGCAGAAGTAACACCCGGAAAAAGGGTGTCAACTTAAAATTGCAAAATCAAAATAAAAAAGGACCGGGGAAACCCGGTCCTAAGAAGATGAGGGGAAGAAACTTCCTCAGTCCGCTTATGCGGATCCGAGCGATGATCGTTTACCTCATAACACTGATCTTAACAGGCAGGAAATGGACACCGGCGATGAA,CGTACCTCAACAAGTCACAAGACGTACGGTGTGGGTCACACATAGGATGTTCACAAAGGAAAAGCTGGGCAGACGCCCTGCCCAGCACAGTGGAAAAAGTCAGGTCCATAATTGGAAAAGATGGAAAATACGTGGACTACATGCAAACACAAACAAGGTTTGCCACAATAGTTCGAACAATGTTCGGTGATGTGTTGTAAATGAAAATCTTGGAATAAAGTCAGGCCGCAGCGTCTAAAACCGGAGCCTCCGCTGGGAAACCAGTCGACGGGGACTAGAGGTTAGAGGAGACCCCCCGCGCCCATAACCAACATAAAACAGCATATTGACACCTGGGAAAAGACCGGAGACTCTG,((.((((((&))))).).)),189,197,294,303
NC_005039.1,NKV,ENTVG,YOKV,150,10278,429,AGTAAATTTTGCGTGCTAGTCGCTGAGCGTCAGACCGCAAAGTGAGTTTTTAGTGATCTAAAGTGAGGAGTTATTCTTACTGTCATCAAACACTACAAATAAACACGTTGAAATTATTTCCGGAAGAACAACTGTCCGGAATCAAAGACGATGAAAAATCGTAGACAAAACACCCGAATTTCGGGTGTCAATATAAAAAAGCAAAATCCAAAAAACAAAAAACAAACAAAAATAAAAACATCTGTTGTAAAAAGAGGCAAGCGCTCTGTGCAACCTTTTGGATTCCTGAATCCAATCATGAGAGTGCGAGCTCTGATAGTCTATCTAATCACCATGATTTTGACTGGGCG,CGTACATTTCCAAGTCACAGGATGTCCGTTGTGGCTCAATGATTGGCACATCAAAGAGAAGCAGTTGGGCTGAAGCTCTTCCTCACACTGTACAAAAGGTGAGAGGCATTGTGGGGACACAAGAGAGGTACCGTGATTACCTTGAAACTCAAAACAGGTTCAGGACCATAGTCCAACATCTTGTTGGAGATATCCTGTGAGAGCAATAAAAAATTTTAAAGACAAAAGTGTCAGGCCAAGATTGAGAAAATCTTGCCACAGCTTGGCAGACTGTGCAGCCTGCAGCCCTAGAGGGAGACTGACCAACTCCCTTTAGTAGAAAAGGTCAGGGAAGAACTTGAGGATGGGTGTGGCCTCAAGATCTCTTCTCAAAAAACGGACTGAACACCACACCTAGATGAAGATAGTAGGGGAGCCTCCGCCAATGGTGGCTTTACATATTGAGCTACTGCATTGGTCGATGGGGACTAGCGGTTAGAGGAGACCCTCTCCTACGCATGGATTTTGCAATATGTTGACATCAGGGAAAGACCGGGTGTTTGTCGGTTCCGGAGAGCTCCGGAGGCCAGGGCGCCGTTTGCCCGTAGTTTATAACTGGCCTTCGGGGATCGAAGGAGTTGCCAAACACT,((((((((((&)))))))))),201,210,499,508
NC_003635.1,NKV,MODVG,MODV,109,10125,366,AGTTGATCCTGCCAGCGGTGGGTCGCTACTGTTTCGCGAACCAGTCGTTTTGACAGTTGGTTGGGATCAAATTTGTTCTGTGCGCGTCACGCCACTTTTTGTGGCGGGAATGTGCGAAAATAACAGGAAAAAGAACCCTGGAAAGGGTTCAAAGAAGAAAAAGAATGCTGGAAGGAATGGGAAGGAAGTCCCGGGACTTGCTCTGGTGATGGGCGTGATCCATTACGCCAGCCATATAGCCTTGGGAATGAAAGTTAATTCACGGCTTAAAAGGTTTTGGAAGATGACTCCGGCCAGCAAACTTGCAAA,AAGTCCCTTACCTTCCAAGAAACCAGGACAAGTCATGTGGTAGCCTAATTGGGACTACTGCTAGGGCAGAATGGGCCAAGTTGCTTCCAGGAGCCGTTGAGAAGGTGAGGAACATCTTTGGGAAGCAAAGATTCAGAAACTACCTTAGGAACATGGGTAGGTATGAGTCACAAGAAGAAGCTCCATTTTCAATGTATTAAACAATGAAATAATTAAATGAAAGAGTGTTGAGGGCAACCAGTGGGCTAGCCACATGGGTATGACGCACCCACCCTCTGCATTCTTGTAAATACTTTGGCCAGTCATTGTAAATAGGTTAGGGAGCCGGGCCCAACCCAGCTAGGGATAGCCTTTCTGGGGTAAGGACTAGAGGTTAGTGGAGACCCCCGGCTTTTGAAGTTAGGGCAACACAGGGAGTGGTTCAATTGGCCAGAACCGCTCTGGCGTTTGCCTCCTGTTATTTTCCAAATTCCCGTTACCGGGGGTGGGGTGATTAGCCATGGTCGCACAGATCAAGCTCAGATTGCTTACATGTAATCTGTGTGGTCATGAATATGACCTCCGCT,(((((((((((((&))))))))))))),116,128,453,465
NC_004119.1,NKV,RBG,MMLV,108,10125,457,AGTTGGTTTTGCCGGCTACAACGATCCTCCGTAGGAAGCGTTGGTGTCTTGGACATTGCCGAGTTGAAACCTTGGTTTCCGGCTGGAAACCACGTCGCTCTTCGTCAAATGACGAAAGGCAAAATGAAAAACGCGAATAAAAAGAAAGCAAAAAACTCTAAGACCAATCCTGGTCGAAGTGGCAGAAGTAATGGAATGGATTTGGTTATGGGAATCATGCACTTTGCCACTCATATTGCAATGGGAATGAAGGTCAACAAGAGACTGAAAACCTTTTGGAAGGTGACGCCCCCAGGTAGATTGGCTAA,ATGCAATCCCATATCTGCCACGGAGAGAAGACATAAACTGTGGTAGTCTGATTGGAACATCAAAACGATCAACATGGGCAACACTAGTGCCTGGGGCTGTTATGAAAGTGAGGAATTTGTTTGGGCCTGAGAAATTTTCTAACTACATGGATTGTATTGGAAGATATCATGTTGGCCACCAGGACTTCTGCCTGTACTAGATCCAGCAACACCTAAAATGTACATAGAAAACAACTAATGGAAAAAATGCGAGTGAGGGCAACTCTGGGATTAGCTCAATGGGTGTGACGACCCTACCCTTCCGCATTTGTAAATAATTGAGCCAGTCATTTCCGTAGGGAAGAGAGTTATTCGCTCCTCTCGAGATTGAGCGGCCTGCTCCTTGGAGCATGAGATGGGAGGCCCGAAGCAAAGCTGAAAGGACTAGCGGTTAGAGGAGACCCCTTCCATCTCTGGTATCAAATTTCATGGAGTTTACTCCATGGTGGCTAGAACCCATAGCGGGGGTGAACCACATTGGCTAAGGTTCACCAGCTTTTGCTCCCGCGTTTTTCAAATTGCCTCATCTTGAATGGGGGGCGGCGTGGATATATACTCCAGCCAGAAAAGACTCAGATTGTCTCATGACTTTCTGACTGGCGTACATAGCCATCCGCT,((((((..(((((((((((&)))))))))))..)))))),117,135,545,563
NC_003690.1,TBFV,MTBVG,LGTV,130,10245,568,AGATTTTCTTGCGCGTGCATGCGTGTGCTTCAGACAGCCCAGGCAGCGACTGTGATTGTGGATATTCTTTCTGCAAGTTTTGTCGTGAACGTGTTGAGAAAAAGACAGCTTAGGAGAACAAGAGCTGGGAATGGCCGGGAAGGCCGTTCTAAAAGGAAAGGGGGGGGGTCCCCCTCGACGAGCGTCGAAAGTGGCCCCAAAGAAGACGCGTCAGTTGCGGGTCCAAATGCCAAATGGACTTGTACTGATGCGCATGCTGGGAGTTCTGTGGCATGCCCTGACTGGGACTGCACGAAGCCCAGTACTGAAAGCGTTTTGGAAAGTCGTTCC,CATACCTGCCAAAATCACAGGACATCCTGTGTTCATCATTGGTGGGAAGGGGTGAAAGAGCAGAGTGGGCAAAGAACATCTGGGGAGCCGTGGAGAAGGTGAGAAGGATGATCGGACCAGAACACTACAGGGACTACTTGTCAAGCATGGACAGACACGACCTACACTGGGAGCTCAAACTGGAGAGCTCAATATTTTAAAGCCAGACACAAGGAGTCCAACCTGGAGGGCTCTTGAAAAACTCGTCCAGAAACCAAACAAATGAGCAAGTCAACAGGAGATGATAACTCGTACGAGCTGATCTCCAACACACAAGAAAAATGGTGGGATGCGGCAACGCACGAGGCTCGTGACGGGGAAATGATCGCTCCCGACGCACCCCTCCATTGGAGACAACTTCGTGAGATCCCCCAGGTGTTTAGGGGCACACGCCTGAGGTAAGCAAGCCCCAGGGCGCATTCCGGCAGCACACCAGTGAGAGTGGTGACGGGAAACTGGTCACTCCCGACGGAGCTGCGCCTTGTGAAACTTTGTGAGACCCCTTGCGTCCAGAGAAGGCCGAACTGGGCGTTATAAGGAGGCCCCCAGGGGGAAACCCCTGGGAGGAGGGAAGAGAGAAATTGGCAACTCTCTTCAGGATATTTCCTCCTCCTATACCAAATTCCCCCTCGTCAGAGGGGGGGCGGTTCTTGTTCTCCCTGAGCCACCATCACCTAGACACAGATAGTCTGAAAAGGAGGTGATGCGTGTCTCGGAAAAACACCCGCT,(((((((((((((((&))))))))))))))),113,127,684,698
NC_001809.1,TBFV,MTBVG,LIV,129,10245,497,AGATTTTCTTGCACGTGCGATAGCTTCGGACAGCTTTGGCAGCGGCAGGTTTGAAAGAGACATTTTTTTTTCTTTCATCAGCCGTGAACGTGTTGAGAAAAAGACAGCTTAGGAGAACAAGAGCTGGGGATGGGCAGGAAGACCATCCTGAAAGGCAAGGGGGGCGGTCCCCCTCGACGAGTGTCGAAAGAGACCGCGACGAAGACGCGTCAATCTAGAGTCCAAATGCCAAATGGACTGGTGTTGATGCGCATGATGGGGATCTTGTGGCATGCTGTGGCTGGCACTGCGAGAAACCCTGTTTTGAAAGCATTCTGGAATTCCGTCCC,CATATCTCCCCAAGACCCAGGACATGATATGCTCCTCCCTTGTTGGAAGGAAAGAAAGAGCAGAATGGGCAAAGAACATCTGGGGAGCGGTGGAAAAGGTGAGGAAGATGATAGGTCCTGAGAGGTTCAAAGACTATCTCTCCTGCATGGACCGCCATGACCTACACTGGGAGCTCAAGCTAGAGAGCTCAATAATCTAAGCCTAGCTTGTGACAGAGCAAAACTTGAAGAGCTCGCAAGGAAACCATGGAATGATGCGGCACGGCGCGACAGCGACGGGGAAATGGTCGCACCCGACGCACCATCCATGAGGCAGCAATTCGTGAGACCCCCCTGGCCAGGAAAGGGGAAAACAGGCCAGGGGTGAAAACACCCCCAGAGTGCACCACGGCAACACGCCAGTGAGAGTGGCGACGGGGAGATGGTCGATCCCGACGTAGGGCACTCTGCAAGATTTTGCGAGACCCCCCGCCCCATGACAAGGCCGAACATGGAGCATTAAAGGGAGGCCCCCGGAAGCATGCTTCCGGGAGGAGGGAAGAGAGAAATTGGCAGCTCTCTTCAGGGTTTTTCCTCCTCCTATACCAAATTTCCCCCTCGACAGAGGGGGGGCGGTTCTTGTTCTCCCTGAGCCACCATCACCCAGACACAGATAGTCTGACAAGGAGGTGATGTGTGACTCGGAAAAACACCCGCT,(((((((((((((((&))))))))))))))),112,126,613,627
NC_005062.1,TBFV,MTBVG,OHFV,132,10245,410,AGATTTTCTTGCACGTGCGTGCGCTTGCTTCAGACAGCAATAGCAGCGGCAGGGTTGGTGGAAGGAATTGCCCGCATCAGCCAGTCGTGAACGTGTTGAGAAAAAGACAGCTTAGGAGAACAAGAGCTGGGGATGGCCGGGAAGGCCATTCTGAAAGGAAAGGGGGGCGGTCCCCCTCGACGAGTGTCGAAAGAGACCGCTAAGAAGACGCGTCAACGCGTGGTCCAAATGCCAAATGGACTAGTGTTGAAGCGCATAATGGAGATTTTGTGGCATGCCATGGTCGGAACCGCCCGAAGTCCTCTCTTAAAATCATTCTGGAAGGTAGTCCC,CATACCTTCCCAAGTCACAAGACATGATGTGCTCGTCACTGGTTGGAAGACGGGAAAGAGCAGAGTGGGCAAAGAACATCTGGGGAGCAGTGGAGAAAGTGAGGAAAATGCTGGGCCCTGAGAGGTATAGTGACTACCTTTCCTGCATGGACCGGCATGAACTGCACTGGGAGCTCAAAGTGGAGAGCTCAATAATCTAACCACAGACAACCATAGAGCAAAAGCACCATTTCGTGAGACCCCCCTGCCAGTTGAAGGGGGAAGCTGGCCGGTGGTAGAAAACCCCCCAACAGGGTGCCAAACGGCAACACGCCAGTGAGAGTGGCGACGGGAACATGGTCGCTCCCGACGTAGGGCACTCTATCCAATTTTGTGAGACCCCCCGCACCATGGAAGGCCAAACATGGTGCATGAAGGGAAAGGCCCCCGGAAGCTTGCTTCCGGGAGGAGGGAAGAGAGAAATTGGCAGCTCTCTTCAGGAAATTTCCTCCTCCTATACCAAATTCCCCCTCATCTGAGGGGGGGCGGTTCTTGTTCTCCCTGAGCCACCATCACCCAGACACAGGCAGTCTAACAAGGAGGTGATGTGTGACTCGGAACAACACCCGCT,(((((((((((((((&))))))))))))))),115,129,526,540
NC_003687.1,TBFV,MTBVG,POWV,111,10248,480,AGATTTTCTTGCACGTGTGTGCGGGTGCTTTAGTCAGTGTCCGCAGCGTTCTGTTGAACGTGAGTGTGTTGAGAAAAAGACAGCTTAGGAGAACAAGAGCTGGGAGTGGTTATGATGACCACTTCTAAAGGAAAGGGGGGCGGTCCCCCTAGGCGCAAGCTTAAAGTGACCGCAAATAAGTCGCGACCAGCAACGAGCCCAATGCCAAAGGGCTTCGTGCTGTCGCGCATGCTGGGGATTCTTTGGCACGCCGTGACAGGCACGGCCAGACCCCCAGTGCTGAAAATGTTCTGGAAAACGGTACCACTGCG,CCTATCTGCCAAAAACACAGGACCTGGTATGTTCCTCACTTGTTGGGAGAAAGGAGAGGGCAGAATGGGCTAAGAACATCTGGGGCTCAGTGGAGAAGGTCAGGAAGCTCATTGGACCAGAAGACTACAGAGACTACTTATCAAGCATGGACAGACATGACCTGCACTGGGAGCTCAAGCTAGAGAGCTCGATAATCTAAACTAGCATGACTGAACAGTCAAAAGAACCCTAACACAGGGGATGGTGTGGCAGCGCACAACGACATCGTGACGGGAGTGGGTCGCCCCCGACGCACCATCCTCTTGGGAAAAATTTTCGTGAGACCCTCACGGCTGGCAAAGGGCACCAGTCGTGTAGTAAGAAGGCCCTGGCCCAGTGCGGCAGCACACTCAGTGACGGGAAAGTGGTCGCTCCCGACGTAACTGGGTAAAAACGAACTTTGTGAGACCAAAAGGCCTCCTGGAAGGCTCACCAGGAGTTAGGCCGTTTAGGAGCCCCCGAGCATAACTCGGGAGGAGGGAGGAAGAAAATTGGCAATCTTCCTCGGGATTTTTCCGCCTCCTATACTAAATTTCCCCCAGGAAACTGGGGGGGCGGTTCTTGTTCTCCCTGAGCCACCACCATCCAGGCACAGATAGCCTGACAAGGAGATGGTGTGTGACTCGGAAAAACACCCGCT,(((((((((((((((&))))))))))))))),88,102,596,610
NC_027709.1,TBFV,MTBVG,SGEV,132,10245,493,AGATTTTCTTGCACGTGCATGCTTTTGCTTCGGACAGCACTGGCAGCGGCAGGTTTGAGAGAGACGATCTTTCGCTCTCATCAGTCGTGAACGTGTTGAGAAAAAGACAGCTTAGGAGAACAAGAGCTGGGGATGGGCAGGAAGTCCATCCTGAAAGGTAAGGGGGGCGGTCCCCCTCGACGAGTGTCGAAAGAGACCGCAACGAAGACGCGTCAACCCAGAGTCCAAATGCCAAATGGACTGGTGTTGATGCGCATGATGGGAATCTTGTGGCATGCCGTGGCTGGCACTGCGAGGAACCCTGTGTTGAAGGCATTCTGGAACTCTGTTCC,CGTATCTCCCCAAGGCCCAAGACATGGTATGCTCCTCCCTTGTTGGAAGGAAGGAAAGAGCAGAATGGGCGAAGAACATCTGGGGAGCGGTGGAAAAAGTGAGGAAAATGATAGGTCCTGAGAGGTTTAAGGACTATCTCTCCTGCATGGACCGTCATGACCTGCACTGGGAGCTCAAGCTGGAGAGCTCGATAATCTAAGCCCAGCCTGTGACCGAGGGAAAATTTTAAGGGATCATGGAATGATGCGGCAGCGCGCGATAGCGACGGGGAGATGGTCGCACCCGACGCACCATCCATGAGGCAACAATTCGTGAGACCCCCCCTGGCCAGGAAAAGGGGGGTGCAAACAGGCCAGGGGTGAAGAACACCCCTAGAGTGCACCACGGCAGCACGCCAGTGAGAGTGGCGACGGGAGAATGGTCGATCCCGACGTAGGGCACTCTGTAGAATTTGTGAGACCCCCCGCACCATGACAAGGCCGAACATGGTGCACCAAAGGGGAGGCCCCCGGAAGCACGCTTCCGGGAGGAGGGAAGAGAGAAATTGGCAGCTCTCTTCAGGATTTTTCCTCCTCCTATACCAAATTCCCCCTCGACAGAGGGGGGGCGGTTCTTGTTCTCCCTGAGCCACCATCACCCAGACACAGATAGTCTGACAAGGAGGTGATGCGTGACTCGGAAAAACACCCGCT,(((((((((((((((&))))))))))))))),115,129,609,623
NC_001672.1,TBFV,MTBVG,TBEV,132,10245,764,AGATTTTCTTGCACGTGCATGCGTTTGCTTCGGACAGCATTAGCAGCGGTTGGTTTGAAAGAGATATTCTTTTGTTTCTACCAGTCGTGAACGTGTTGAGAAAAAGACAGCTTAGGAGAACAAGAGCTGGGGATGGTCAAGAAGGCCATCCTGAAAGGTAAGGGGGGCGGTCCCCCTCGACGAGTGTCGAAAGAGACCGCAACGAAGACGCGTCAACCCAGAGTCCAAATGCCAAATGGGCTTGTGTTGATGCGCATGATGGGGATCTTGTGGCATGCCGTAGCCGGCACCGCGAGAAACCCCGTATTGAAGGCGTTCTGGAACTCAGTCCC,CGTACCTCCCTAAAGCTCAGGACATGTTATGTTCCTCCCTTGTTGGGAGGAGAGAAAGAGCAGAATGGGCCAAGAACATCTGGGGAGCGGTGGAAAAGGTGAGGAAGATGATAGGTCCTGAAAAGTTCAAGGACTATCTCTCCTGTATGGACCGCCATGACCTGCACTGGGAGCTCAGACTGGAGAGCTCAATAATCTAAACCCAGACTGTGACAGAGCAAAACCCGGAAGGCTCGTAAAAGATTGTCCGGAACCAAAAGAAAAGCAAGCAACTCACAGAGATAGAGCTCGGACTGGAGAGCTCTTTAAACAAAAAAAAAAAAAAAAAAAAAAAAAAAAAAAAAAAAAAAAAAAAAAAAAGCCAGAATTGAGCTGAACCTGGAGAGCTCATTAAATACAGTCCAGACGAAACAAAACATGACAAAGCAAAGAGGCTGAGCTAAAAGTTCCCACTACGGGACTGCTTCATAGCGGTTTGTGGGGGGAGGCTAGGAGGCGAAGCCACAGATCATGGAATGATGCGGCAGCGCGCGAGAGCGACGGGGAAGTGGTCGCACCCGACGCACCATCCATGAAGCAATACTTCGTGAGACCCCCCCTGACCAGCAAAGGGGGCAGACCGGTCAGGGGTGAGGAATGCCCCCAGAGTGCATTACGGCAGCACGCCAGTGAGAGTGGCGACGGGAAAATGGTCGATCCCGACGTAGGGCACTCTGAAAAATTTTGTGAGACCCCCTGCATCATGATAAGGCCGAACATGGTGCATGAAAGGGGAGGCCCCCGGAAGCACGCTTCCGGGAGGAGGGAAGAGAGAAATTGGCAGCTCTCTTCAGGATTTTTCCTCCTCCTATACAAAATTCCCCCTCGGTAGAGGGGGGGCGGTTCTTGTTCTCCCTGAGCCACCATCACCCAGACACAGGTAGTCTGACAAGGAGGTGATGTGTGACTCGGAAAAACACCCGCT,(((((((((((((((&))))))))))))))),115,129,880,894
NC_023439.1,TBFV,STBVG,KAMV,146,10260,282,CTCTTCCCCCCTCCTTCTTGAGTATATGTTCACGTGTGAACGCACTGTCTTTGGTCAGGCAGAGTGGTCTTTTGCGTCGTTATTGCTTTGGATAGCACGTGTGACATACAAACAACTAGGAGAACAAAGAGTTGGAGCTGAAGGCAATGCCTTCGGTTTTGAAGAAAGGCGGCGGTAAGCCTGCTGCGTATGCAGCTAAAACCGCCAAGAAAACCAGGGGAGGGGCCGGCAACAACTTGCCAAGGAGGCTGGCCATGACTGCGATGATCAGGGTCATCTTGATGATGGCTCATGGTGTCGCGCGACCCTTGGATTTGAAGAAGTTCATGAAGAGAACCCCCATTGC,CATACCTCCCAAAGGCACAGGATCGGATGTGTGGCTCACTCATTGGAACCAACTCCAGGGCTTCTTGGGCCGAGAATATCTGGGGAACCGTTGAGAAGATCAGGAACATGGTTGGGATGGAGAACTTCCGTGACTACCTCTCGGTGATGGACAGATATGGGGGCGGCGTGGCTGTGCCCATAACTAGTGACATTCTGTAAGCCCCGACAATCTCTGCCAACTGGTGCTCGGACTGGACCGAGCAGTGCGCCGGGAGGGCGAAGGGAGTGCGCACTCTGGCCACTGTGTGGCCAAAACCTACCGGCAGGAATGCTACCACCCATGAGCGAGGGTGGTGAAAAATTGAGCTCATATGAGAACCCGGCAGGAATGCTACCACTCCAGGGGTGGGAGTGGTGAAAAATTAAGCCCTACCGGCAGGAATGCTACTCGCATTGGGCGCGCGGGTGAGAAAACAAGCCCACTGCCATGGGTGTGGCAGC,((((((..((((((&)))))).)))))),1,14,253,265
NC_023424.1,TBFV,STBVG,TYUV,131,10269,273,GGACCAGAGCGAAAGCGGGAACTTTAGTCAGTGACTGAGGCCTCTTGAGTTAGTGTTGAAAGACGCGTTTTCAAGGTGGTATCACGTTGGGCATAAAAACAACTAGGAGAACAAAGAGTTGGACTGAGGGAATGCCCTCAGTTTTAAAAAAGGGCGGCGGAAAGCCTGTCACGCAAGTGACCAAAACCGCCATGAAAAATAAAAACGGAAAAAAGCAGGTTGCAAAACCCCGCAACCTAGTGATCACCGCCATGCTCCGAGTCATACTGGCTATGGCTCATGGTGTGGCACGGCCCCTTGACCTGAGAAGATTTATGAAGACAACCCCAGT,CCTATCTTCCAAAGGCCCTAGACCAGGGTTGTGGATCGCTCATTGGTGGACGCTCTAGAGCAGCGTGGGCCGAAAACATCTGGGGCACAGTGAAGAAGATCAGAGAGATGATAGGAAACGAAAACTACACGGACTATCTGCAGGCAATGGACAGATTTGGGCCAACCAAGTCTGTCCCTCTGACAAGCGACATCATCTAAATAAATCACATTTTCTGGAGCTTGCCAGCTTTGGCAAGCACACACCGGGAGGGTGCAGGGAGAGTGTGTTCGACCACTATGTGGTCAAGACAACCGGCAGGAATGCTGCCTCCAGGGGACGGGGAGGCGAGAAAATGAGTCCCAAATAACTGGCAAGAATGCTACCTGGCGTAGGTGACCGCGCTGGGTGAAAAGGCAAGGTCACAATTAAGAACCGGCAGGGAAATGCTATCTGGGAGAGGCGACCAGATGAAAAAGTAAGTCTCATGAGAC,((((((...((((&))))..)))))),31,43,394,405
NC_040555.1,TV,TABVG,LuV,276,10451,609,AATTTACATTCTGACACGCCAATTTAGTCGCTACCAACATTTAGGTCGCTACACAGTTTAACCACTGGTTCAACGTTTCAGAATATTGTTAAATTACACCAATTCAGAATTGAACAACACCCAATATTGAATGGTATTATAAAACAAACACAATATAACATAATATAATAAATTATAATAAACAAAAAACACACACATAAAACAAACAAACAAAAAACAAAACACTCAAACAACATACTTAGAAGAATAACCCGGCTGGGTCCACTTCTCAAGACAATGAGTTACAGAGGAATCATGCGTCTCGCCGGAACCCCCTTCAGGGTTGCCCGCCGTGTCACCCAAGGCTTTGGGGGCACCAAGAGAGCCATCCACCATGCCAGGCAATCAGCCGGCCGTGGTCTGCGTCACGTCCAGAGAGGACGCGGCAAAATACAGCAGACCTTTGAGATCCTGCTCAAGAGAGCAGCCGTCATTCT,ACACTGACATTGGTTACACGTACAAAACGTTGGCCAAGATCAGAGGAGACCCATTGGATCATGAAGAACGGACCACATGGAACAAAGACCTCAAGAGAAAAATCGAGTCGATCTCCACCCACTACAACAGTGGTATAACAAATGGGAGTTTCTGGCACGAGCAACTCCGAACAAACGTTAGTTACCACAGCCTATTCTAGGACTGTAGCACCACTTAGTTTAGATAAGAAAACAAACAAAAAACCTTACTATAAAAAATAAAAAATAAGAAAATACTTGCTATGAAATAACTTAGATTTAGAAAATGTATTAACTTAGATTTAGAGAATGTATTCATTTACTGTTTAGTTAGGACCAAGAGGACTGCTACTCTAAGACGTGAGGTCGTTAAATAACATCGACCAAGTACGAACACTTACAACTAGTGGTCGGAAGATAACAAAAAGCCGTAACCTATCTCCGGTTTTTCAATAAATAGAGTAGAAAGAAAAGAACCCTGAATCCCCCGCGTGATCAGGTTTAAATAAAAGCAACGTGGAAAAATTATTAGCTTAATGAAAATGTTTATTAAAATTACGCTTATATTATGTAAATATTATTGTTTTATAAAATGTTGTACTAAATGTAAATGACATGTATATAGTCACCTTACCACTCCAGTATTACACAAACACCATTACAGTATCGGGCGAGTTGTTACATTCTTATGTTCATGGAACTAGAATTGGTGTATTCCTACCAAGCTGTAGGTTTAACGGAAACACTAATTTTGGAACTACTTAATATACAGAAGTAGAAACAAGCCCCCC,(((((((((((&))))))))))),95,105,722,732
