id,class,type,UTR5len,CDSlen,UTR3len,t_inter_range,q_inter_range,energy,suboptts,suboptqs,suboptes,cm_hit_f,cm_hit_t,cm_hit_src,align_cons_3SL
NC_012932.1,ISFV,cISFVG,96,10026,942,"(76, 89)","(117, 126)",-13.16,"([(78, 90), (78, 90)], [(-79, -61), (91, 96)])","([(881, 894), (918, 932)], [(107, 124), (920, 925)])","([-11.03, -9.94], [-10.95, -4.44])",869.0,935.0,ISFV,<<<<<....-<<-<<<<.----<<<<<<<<....<<<<<_______>>>>>>.>>>>>>>-->>>>->>.-->>>>>
NC_031327.1,ISFV,cISFVG,107,10026,455,"(28, 40)","(426, 438)",-13.85,"([], [(84, 90)])","([], [(422, 429)])","([], [-7.16])",,,nan,nan
NC_001564.2,ISFV,cISFVG,103,10026,553,"(40, 48)","(323, 331)",-16.57,"([(76, 89)], [(76, 89), (93, 100)])","([(533, 545)], [(533, 545), (533, 540)])","([-13.9], [-13.9, -8.51])",483.0,548.0,ISFV,<<<<<....-<<-<<<<.----<<<<<<<<....<<<<<_______>>>>>>.>>>>>>>-->>>>->>.-->>>>>
NC_030290.1,ISFV,cISFVG,91,10191,582,"(44, 60)","(-22, -4)",-9.41,"([(27, 33), (-25, -18), (71, 75)], [(27, 33), (-25, -18), (71, 75)])","([(-61, -55), (566, 573), (499, 503)], [(-61, -55), (566, 573), (499, 503)])","([-6.93, -5.37, -4.65], [-6.93, -5.37, -4.65])",,,nan,nan
NC_040682.1,ISFV,cISFVG,343,9825,112,"(-107, -95)","(100, 112)",-12.3,"([(25, 41), (23, 37)], [(25, 41), (-67, -56), (89, 94)])","([(-6, 11), (71, 89)], [(-6, 11), (99, 110), (-1, 5)])","([-10.91, -3.96], [-10.91, -9.0, -6.62])",,,nan,nan
NC_040645.1,ISFV,cISFVG,146,10020,443,"(-45, -32)","(361, 372)",-14.99,"([(-48, -35), (25, 31), (22, 26)], [(25, 31), (4, 9), (83, 92)])","([(424, 435), (389, 395), (419, 423)], [(389, 395), (433, 438), (428, 438)])","([-6.95, -3.71, -3.0], [-3.71, -3.37, -2.28])",,,nan,nan
NC_008604.2,ISFV,cISFVG,91,10092,654,"(30, 39)","(453, 463)",-12.7,"([(30, 38), (30, 37), (-81, -71)], [(-81, -71), (87, 94)])","([(107, 115), (-31, -23), (-73, -62)], [(-73, -62), (608, 615)])","([-12.49, -8.4, -5.9], [-5.9, -5.51])",583.0,647.0,ISFV,<<<<<....-<<-<<<<.----<<<<<<<<....<<<<<_______>>>>>>.>>>>>>>-->>>>->>.-->>>>>
NC_035118.1,ISFV,cISFVG,115,10029,502,"(29, 47)","(448, 465)",-18.25,"([(87, 93)], [(56, 61), (87, 93)])","([(487, 493)], [(457, 462), (487, 493)])","([-3.79], [-6.23, -3.79])",,,nan,nan
NC_005064.1,ISFV,cISFVG,96,10074,1205,"(-32, -19)","(433, 445)",-12.05,"([(-35, -19), (-18, -9), (48, 54)], [(-18, -9), (48, 54), (-2, 12)])","([(81, 95), (5, 13), (1073, 1079)], [(5, 13), (1073, 1079), (1184, 1198)])","([-10.37, -7.64, -7.56], [-7.64, -7.56, -6.44])",1134.0,1200.0,ISFV,<<<<<....-<<-<<<<.----<<<<<<<<....<<<<<_______>>>>>>.>>>>>>>-->>>>->>.-->>>>>
NC_027819.1,ISFV,cISFVG,88,10212,638,"(49, 65)","(454, 467)",-14.72,"([(-33, -19), (58, 62), (56, 60)], [(-33, -19), (40, 46)])","([(328, 341), (551, 555), (600, 604)], [(328, 341), (622, 628)])","([-8.76, -7.58, -6.09], [-8.76, -1.49])",569.0,634.0,ISFV,<<<<<....-<<-<<<<.----<<<<<<<<....<<<<<_______>>>>>>.>>>>>>>-->>>>->>.-->>>>>
NC_034204.1,ISFV,cISFVG,103,10251,543,"(55, 66)","(70, 79)",-11.82,"([(-52, -34), (31, 41), (62, 81)], [(31, 43), (-52, -34), (88, 94)])","([(516, 532), (443, 454), (483, 499)], [(75, 87), (516, 532), (494, 500)])","([-10.26, -10.24, -9.34], [-10.93, -10.26, -8.98])",471.0,533.0,ISFV,<<<<<....-<<-<<<<.----<<<<<<<<....<<<<<_______>>>>>>.>>>>>>>-->>>>->>.-->>>>>
NC_021069.1,ISFV,cISFVG,111,10080,674,"(18, 32)","(348, 359)",-12.69,"([(45, 57), (25, 31), (34, 41)], [(45, 57), (62, 68), (34, 41)])","([(543, 553), (629, 635), (667, 674)], [(543, 553), (629, 635), (667, 674)])","([-12.42, -8.78, -4.28], [-12.42, -6.89, -4.28])",605.0,667.0,ISFV,<<<<<....-<<-<<<<.----<<<<<<<<....<<<<<_______>>>>>>.>>>>>>>-->>>>->>.-->>>>>
NC_024299.2,ISFV,cISFVG,98,10071,709,"(28, 37)","(514, 523)",-8.62,"([(16, 30), (47, 51), (16, 30)], [(47, 51), (88, 99)])","([(-24, -16), (581, 585), (639, 652)], [(581, 585), (641, 652)])","([-8.17, -7.77, -7.25], [-7.77, -6.92])",641.0,699.0,ISFV,<<<<<....-<<-<<<<.----<<<<<<<<....<<<<<_______>>>>>>.>>>>>>>-->>>>->>.-->>>>>
NC_034242.1,ISFV,cISFVG,64,10158,148,"(63, 75)","(92, 106)",-9.41,"([(67, 73), (84, 88)], [(84, 89)])","([(134, 140), (119, 123)], [(90, 95)])","([-4.87, -0.79], [-7.72])",,,nan,nan
NC_027817.1,ISFV,cISFVG,109,10155,629,"(-24, -17)","(97, 104)",-8.69,"([(-23, -8), (6, 18)], [(6, 18), (89, 98)])","([(-30, -18), (607, 621)], [(607, 621), (612, 620)])","([-7.66, -7.22], [-7.22, -5.36])",554.0,623.0,ISFV,<<<<<....-<<-<<<<.----<<<<<<<<....<<<<<_______>>>>>>.>>>>>>>-->>>>->>.-->>>>>
NC_012671.1,ISFV,cISFVG,112,10080,673,"(18, 32)","(346, 358)",-15.49,"([(15, 30), (12, 29), (21, 31)], [(62, 68), (34, 42)])","([(43, 59), (-62, -48), (627, 637)], [(627, 633), (665, 673)])","([-13.55, -12.59, -11.26], [-7.35, -6.81])",603.0,666.0,ISFV,<<<<<....-<<-<<<<.----<<<<<<<<....<<<<<_______>>>>>>.>>>>>>>-->>>>->>.-->>>>>
NC_034017.1,ISFV,cISFVG,90,10245,549,"(-80, -61)","(158, 177)",-14.03,"([(-37, -19), (54, 59)], [(-37, -19), (54, 59), (82, 90)])","([(522, 539), (456, 461)], [(522, 539), (456, 461), (539, 549)])","([-7.59, -6.42], [-7.59, -6.42, -3.93])",478.0,540.0,ISFV,<<<<<....-<<-<<<<.----<<<<<<<<....<<<<<_______>>>>>>.>>>>>>>-->>>>->>.-->>>>>
NC_017086.1,ISFV,dISFVG,99,10308,326,"(38, 48)","(213, 223)",-12.48,"([(55, 64)], [(57, 63), (76, 80)])","([(303, 310)], [(210, 215), (299, 303)])","([-6.0], [-6.9, -0.28])",227.0,324.0,MBFV,<<<<___.____>>>.>.-..<<<<<<<-<<.-<<..--..-.<<<<.-<<<<<<<<<<..--<<<_______>>>...------.-..>>>>>>>.>>>-.>>>>-..->>-.>>->.>>>>>>
NC_016997.1,ISFV,dISFVG,113,10335,343,"(46, 57)","(230, 241)",-15.5,"([(24, 29), (49, 53), (77, 81)], [(24, 29), (92, 96), (77, 81)])","([(284, 289), (338, 342), (313, 317)], [(284, 289), (241, 245), (313, 317)])","([-6.06, -1.83, -1.17], [-6.06, -2.73, -1.17])",244.0,342.0,MBFV,<<<<___.____>>>.>.-..<<<<<<<-<<.-<<..--..-.<<<<.-<<<<<<<<<<..--<<<_______>>>...------.-..>>>>>>>.>>>-.>>>>-..->>-.>>->.>>>>>>
NC_027999.1,ISFV,dISFVG,119,10326,316,"(38, 55)","(202, 218)",-16.71,"([(58, 67), (63, 67), (91, 96)], [(58, 67), (91, 96)])","([(268, 277), (298, 302), (311, 316)], [(268, 277), (311, 316)])","([-10.26, -1.6, -0.84], [-10.26, -0.84])",214.0,315.0,MBFV,<<<<___.____>>>.>.-..<<<<<<<-<<.-<<..--..-.<<<<.-<<<<<<<<<<..--<<<_______>>>...------.-..>>>>>>>.>>>-.>>>>-..->>-.>>->.>>>>>>
NC_040610.1,ISFV,dISFVG,106,10299,399,"(39, 49)","(282, 292)",-13.25,"([(34, 42), (8, 14), (40, 44)], [(8, 14)])","([(298, 306), (365, 371), (374, 378)], [(365, 371)])","([-5.45, -2.45, -2.32], [-2.45])",293.0,394.0,MBFV,<<<<___.____>>>.>.-..<<<<<<<-<<.-<<..--..-.<<<<.-<<<<<<<<<<..--<<<_______>>>...------.-..>>>>>>>.>>>-.>>>>-..->>-.>>->.>>>>>>
NC_024017.1,ISFV,dISFVG,102,10338,451,"(21, 29)","(150, 159)",-11.02,"([(39, 51), (90, 96), (80, 84)], [(39, 51), (90, 96), (80, 84)])","([(331, 343), (314, 320), (350, 354)], [(331, 343), (314, 320), (350, 354)])","([-10.94, -5.0, -4.56], [-10.94, -5.0, -4.56])",345.0,449.0,MBFV,<<<<___.____>>>.>.-..<<<<<<<-<<.-<<..--..-.<<<<.-<<<<<<<<<<..--<<<_______>>>...------.-..>>>>>>>.>>>-.>>>>-..->>-.>>->.>>>>>>
NC_033715.1,ISFV,dISFVG,79,10329,347,"(49, 55)","(331, 338)",-7.55,"([], [])","([], [])","([], [])",,,nan,nan
NC_009026.2,MBFV,AROVG,104,10290,421,"(33, 50)","(316, 332)",-11.66,"([(59, 66), (68, 83)], [(59, 66), (68, 83)])","([(374, 387), (397, 406)], [(374, 387), (397, 406)])","([-3.33, -2.99], [-3.33, -2.99])",329.0,420.0,MBFV,<<<<___.____>>>.>.-..<<<<<<<-<<.-<<..--..-.<<<<.-<<<<<<<<<<..--<<<_______>>>...------.-..>>>>>>>.>>>-.>>>>-..->>-.>>->.>>>>>>
NC_001477.1,MBFV,DENVG,94,10179,462,"(38, 48)","(357, 367)",-11.55,"([(-35, -25), (43, 48), (92, 97)], [(-35, -25), (92, 97)])","([(442, 451), (401, 406), (394, 399)], [(442, 451), (394, 399)])","([-5.58, -4.96, -3.99], [-5.58, -3.99])",370.0,461.0,MBFV,<<<<___.____>>>.>.-..<<<<<<<-<<.-<<..--..-.<<<<.-<<<<<<<<<<..--<<<_______>>>...------.-..>>>>>>>.>>>-.>>>>-..->>-.>>->.>>>>>>
NC_001474.2,MBFV,DENVG,96,10176,451,"(38, 48)","(346, 356)",-11.73,"([(74, 79)], [(74, 79)])","([(404, 409)], [(404, 409)])","([-7.56], [-7.56])",359.0,450.0,MBFV,<<<<___.____>>>.>.-..<<<<<<<-<<.-<<..--..-.<<<<.-<<<<<<<<<<..--<<<_______>>>...------.-..>>>>>>>.>>>-.>>>>-..->>-.>>->.>>>>>>
NC_001475.2,MBFV,DENVG,94,10173,440,"(38, 48)","(335, 345)",-12.8,"([(66, 78), (58, 74)], [(66, 78)])","([(388, 397), (423, 440)], [(388, 397)])","([-4.33, -3.39], [-4.33])",348.0,439.0,MBFV,<<<<___.____>>>.>.-..<<<<<<<-<<.-<<..--..-.<<<<.-<<<<<<<<<<..--<<<_______>>>...------.-..>>>>>>>.>>>-.>>>>-..->>-.>>->.>>>>>>
NC_002640.1,MBFV,DENVG,101,10164,384,"(35, 52)","(138, 152)",-12.49,"([(-17, -5), (35, 45), (3, 7)], [(-17, -5), (3, 7), (66, 71)])","([(302, 315), (279, 289), (379, 383)], [(302, 315), (379, 383), (367, 372)])","([-11.65, -11.48, -5.89], [-11.65, -5.89, -4.03])",292.0,383.0,MBFV,<<<<___.____>>>.>.-..<<<<<<<-<<.-<<..--..-.<<<<.-<<<<<<<<<<..--<<<_______>>>...------.-..>>>>>>>.>>>-.>>>>-..->>-.>>->.>>>>>>
NC_012533.1,MBFV,DENVG,106,10227,390,"(35, 45)","(281, 291)",-13.13,"([(48, 55), (56, 60), (96, 100)], [(48, 55), (56, 60), (96, 100)])","([(346, 353), (355, 359), (320, 324)], [(346, 353), (355, 359), (320, 324)])","([-5.06, -4.47, -0.49], [-5.06, -4.47, -0.49])",295.0,390.0,MBFV,<<<<___.____>>>.>.-..<<<<<<<-<<.-<<..--..-.<<<<.-<<<<<<<<<<..--<<<_______>>>...------.-..>>>>>>>.>>>-.>>>>-..->>-.>>->.>>>>>>
NC_001437.1,MBFV,JEVG,95,10299,582,"(33, 51)","(469, 486)",-12.06,"([(85, 98), (79, 96), (61, 65)], [(85, 98), (61, 65)])","([(501, 512), (514, 532), (558, 562)], [(501, 512), (558, 562)])","([-9.25, -9.02, -2.71], [-9.25, -2.71])",483.0,582.0,MBFV,<<<<___.____>>>.>.-..<<<<<<<-<<.-<<..--..-.<<<<.-<<<<<<<<<<..--<<<_______>>>...------.-..>>>>>>>.>>>-.>>>>-..->>-.>>->.>>>>>>
NC_000943.1,MBFV,JEVG,95,10305,614,"(32, 50)","(502, 519)",-17.03,"([(88, 100), (73, 80)], [(88, 100), (73, 80)])","([(538, 549), (593, 599)], [(538, 549), (593, 599)])","([-8.79, -2.92], [-8.79, -2.92])",515.0,614.0,MBFV,<<<<___.____>>>.>.-..<<<<<<<-<<.-<<..--..-.<<<<.-<<<<<<<<<<..--<<<_______>>>...------.-..>>>>>>>.>>>-.>>>>-..->>-.>>->.>>>>>>
NC_007580.2,MBFV,JEVG,98,10293,549,"(33, 50)","(443, 459)",-17.16,"([(85, 96)], [(85, 96)])","([(479, 491)], [(479, 491)])","([-6.64], [-6.64])",455.0,549.0,MBFV,<<<<___.____>>>.>.-..<<<<<<<-<<.-<<..--..-.<<<<.-<<<<<<<<<<..--<<<_______>>>...------.-..>>>>>>>.>>>-.>>>>-..->>-.>>->.>>>>>>
NC_006551.1,MBFV,JEVG,96,10305,665,"(33, 51)","(551, 568)",-12.16,"([(82, 100), (79, 83)], [(82, 100)])","([(594, 612), (649, 653)], [(594, 612)])","([-8.01, -3.6], [-8.01])",565.0,665.0,MBFV,<<<<___.____>>>.>.-..<<<<<<<-<<.-<<..--..-.<<<<.-<<<<<<<<<<..--<<<_______>>>...------.-..>>>>>>>.>>>-.>>>>-..->>-.>>->.>>>>>>
NC_001563.2,MBFV,JEVG,96,10293,573,"(33, 50)","(467, 483)",-16.31,"([(-15, -11), (94, 98), (70, 74)], [(-15, -11), (-8, 7), (94, 98)])","([(555, 559), (504, 508), (569, 573)], [(555, 559), (559, 573), (504, 508)])","([-5.79, -3.77, -1.85], [-5.79, -5.47, -3.77])",480.0,573.0,MBFV,<<<<___.____>>>.>.-..<<<<<<<-<<.-<<..--..-.<<<<.-<<<<<<<<<<..--<<<_______>>>...------.-..>>>>>>>.>>>-.>>>>-..->>-.>>->.>>>>>>
NC_009942.1,MBFV,JEVG,96,10302,631,"(33, 50)","(525, 541)",-16.1,"([(-24, -16), (90, 94)], [(-24, -16), (90, 94), (66, 74)])","([(617, 626), (556, 560)], [(617, 626), (556, 560), (620, 627)])","([-6.4, -5.32], [-6.4, -5.32, -4.65])",538.0,631.0,MBFV,<<<<___.____>>>.>.-..<<<<<<<-<<.-<<..--..-.<<<<.-<<<<<<<<<<..--<<<_______>>>...------.-..>>>>>>>.>>>-.>>>>-..->>-.>>->.>>>>>>
NC_009029.2,MBFV,KOKVG,83,10233,558,"(40, 50)","(456, 466)",-11.73,"([(16, 29), (25, 42)], [(16, 29), (56, 67)])","([(494, 505), (538, 552)], [(494, 505), (483, 494)])","([-6.08, -4.52], [-6.08, -5.29])",469.0,558.0,MBFV,<<<<___.____>>>.>.-..<<<<<<<-<<.-<<..--..-.<<<<.-<<<<<<<<<<..--<<<_______>>>...------.-..>>>>>>>.>>>-.>>>>-..->>-.>>->.>>>>>>
NC_032088.1,MBFV,KOKVG,88,10230,546,"(39, 50)","(445, 456)",-13.41,"([(57, 63), (86, 93)], [(57, 63), (86, 93)])","([(481, 487), (465, 472)], [(481, 487), (465, 472)])","([-5.31, -2.41], [-5.31, -2.41])",458.0,546.0,MBFV,<<<<___.____>>>.>.-..<<<<<<<-<<.-<<..--..-.<<<<.-<<<<<<<<<<..--<<<_______>>>...------.-..>>>>>>>.>>>-.>>>>-..->>-.>>->.>>>>>>
NC_012534.1,MBFV,NTAVG,94,10281,566,"(35, 53)","(460, 477)",-17.04,"([(59, 68), (88, 92), (49, 53)], [(59, 68), (88, 92)])","([(525, 533), (515, 519), (560, 564)], [(525, 533), (515, 519)])","([-5.48, -1.97, -1.06], [-5.48, -1.97])",473.0,566.0,MBFV,<<<<___.____>>>.>.-..<<<<<<<-<<.-<<..--..-.<<<<.-<<<<<<<<<<..--<<<_______>>>...------.-..>>>>>>>.>>>-.>>>>-..->>-.>>->.>>>>>>
NC_009028.2,MBFV,NTAVG,92,10275,388,"(40, 50)","(282, 292)",-10.16,"([(56, 61), (83, 87)], [(56, 61), (83, 87)])","([(337, 342), (348, 352)], [(337, 342), (348, 352)])","([-6.52, -2.59], [-6.52, -2.59])",295.0,388.0,MBFV,<<<<___.____>>>.>.-..<<<<<<<-<<.-<<..--..-.<<<<.-<<<<<<<<<<..--<<<_______>>>...------.-..>>>>>>>.>>>-.>>>>-..->>-.>>->.>>>>>>
NC_018705.3,MBFV,NTAVG,94,10284,565,"(35, 53)","(527, 544)",-17.93,"([(38, 42), (71, 75)], [(67, 74)])","([(556, 560), (561, 565)], [(539, 545)])","([-2.5, -0.05], [-1.67])",540.0,565.0,MBFV,<<<<___.____>>>.>.-..<<<<<<<-<<.-<<..--..-.<<<<.-<<<<<<<<<<..--<<<_______>>>...------.-..>>>>>>>.>>>-.>>>>-..->>-.>>->.>>>>>>
NC_040776.1,MBFV,NTAVG,92,10278,424,"(35, 50)","(319, 333)",-14.79,"([(81, 93), (58, 64)], [(81, 93), (58, 64)])","([(351, 360), (398, 404)], [(351, 360), (398, 404)])","([-6.75, -2.89], [-6.75, -2.89])",332.0,424.0,MBFV,<<<<___.____>>>.>.-..<<<<<<<-<<.-<<..--..-.<<<<.-<<<<<<<<<<..--<<<_______>>>...------.-..>>>>>>>.>>>-.>>>>-..->>-.>>->.>>>>>>
NC_034151.1,MBFV,NTAVG,97,10284,556,"(35, 51)","(446, 461)",-16.26,"([(89, 93), (82, 93), (75, 79)], [(89, 93), (75, 79), (81, 86)])","([(479, 483), (485, 502), (536, 540)], [(479, 483), (536, 540), (551, 556)])","([-4.74, -2.75, -1.52], [-4.74, -1.52, -0.89])",460.0,556.0,MBFV,<<<<___.____>>>.>.-..<<<<<<<-<<.-<<..--..-.<<<<.-<<<<<<<<<<..--<<<_______>>>...------.-..>>>>>>>.>>>-.>>>>-..->>-.>>->.>>>>>>
NC_015843.2,MBFV,NTAVG,94,10278,618,"(38, 53)","(512, 526)",-16.19,"([(89, 99), (50, 54)], [(89, 99)])","([(544, 552), (601, 605)], [(544, 552)])","([-7.6, -0.93], [-7.6])",525.0,618.0,MBFV,<<<<___.____>>>.>.-..<<<<<<<-<<.-<<..--..-.<<<<.-<<<<<<<<<<..--<<<_______>>>...------.-..>>>>>>>.>>>-.>>>>-..->>-.>>->.>>>>>>
NC_012532.1,MBFV,SPOVG,106,10260,428,"(40, 50)","(320, 330)",-12.88,"([(35, 50)], [(65, 70)])","([(405, 419)], [(407, 412)])","([-4.78], [-3.39])",331.0,428.0,MBFV,<<<<___.____>>>.>.-..<<<<<<<-<<.-<<..--..-.<<<<.-<<<<<<<<<<..--<<<_______>>>...------.-..>>>>>>>.>>>-.>>>>-..->>-.>>->.>>>>>>
NC_035889.1,MBFV,SPOVG,107,10272,429,"(-12, -1)","(340, 351)",-12.54,"([(40, 58), (63, 78)], [(40, 58), (63, 78), (93, 98)])","([(312, 330), (411, 428)], [(312, 330), (411, 428), (424, 429)])","([-12.0, -6.88], [-12.0, -6.88, -1.74])",332.0,428.0,MBFV,<<<<___.____>>>.>.-..<<<<<<<-<<.-<<..--..-.<<<<.-<<<<<<<<<<..--<<<_______>>>...------.-..>>>>>>>.>>>-.>>>>-..->>-.>>->.>>>>>>
NC_008719.1,MBFV,YFVG,116,10218,459,"(-29, -11)","(378, 397)",-21.15,"([(38, 56), (17, 23)], [(38, 56), (17, 23), (71, 84)])","([(347, 364), (416, 422)], [(347, 364), (416, 422), (375, 390)])","([-20.86, -4.73], [-20.86, -4.73, -3.65])",360.0,458.0,MBFV,<<<<___.____>>>.>.-..<<<<<<<-<<.-<<..--..-.<<<<.-<<<<<<<<<<..--<<<_______>>>...------.-..>>>>>>>.>>>-.>>>>-..->>-.>>->.>>>>>>
NC_012735.1,MBFV,YFVG,118,10218,478,"(37, 56)","(366, 384)",-23.24,"([(41, 50), (25, 39), (80, 90)], [(80, 90)])","([(402, 410), (454, 464), (444, 453)], [(444, 453)])","([-4.53, -4.51, -1.27], [-1.27])",378.0,477.0,MBFV,<<<<___.____>>>.>.-..<<<<<<<-<<.-<<..--..-.<<<<.-<<<<<<<<<<..--<<<_______>>>...------.-..>>>>>>>.>>>-.>>>>-..->>-.>>->.>>>>>>
NC_002031.1,MBFV,YFVG,118,10236,508,"(29, 47)","(395, 412)",-23.06,"([(20, 26), (53, 57)], [(20, 26), (53, 57)])","([(435, 441), (427, 431)], [(435, 441), (427, 431)])","([-4.37, -0.17], [-4.37, -0.17])",407.0,506.0,MBFV,<<<<___.____>>>.>.-..<<<<<<<-<<.-<<..--..-.<<<<.-<<<<<<<<<<..--<<<_______>>>...------.-..>>>>>>>.>>>-.>>>>-..->>-.>>->.>>>>>>
NC_008718.1,NKV,ENTVG,119,10236,155,"(83, 88)","(142, 147)",-9.06,"([], [])","([], [])","([], [])",133.0,155.0,MBFV,<<<<___.____>>>.>.-..<<<<<<<-<<.-<<..--..-.<<<<.-<<<<<<<<<<..--<<<_______>>>...------.-..>>>>>>>.>>>-.>>>>-..->>-.>>->.>>>>>>
NC_005039.1,NKV,ENTVG,150,10278,429,"(51, 60)","(299, 308)",-13.45,"([(72, 78), (42, 55)], [(72, 78), (86, 93)])","([(337, 343), (377, 393)], [(337, 343), (334, 341)])","([-5.68, -1.84], [-5.68, -4.56])",322.0,427.0,MBFV,<<<<___.____>>>.>.-..<<<<<<<-<<.-<<..--..-.<<<<.-<<<<<<<<<<..--<<<_______>>>...------.-..>>>>>>>.>>>-.>>>>-..->>-.>>->.>>>>>>
NC_003635.1,NKV,MODVG,109,10125,366,"(7, 19)","(253, 265)",-17.57,"([(83, 87), (-7, -3), (89, 95)], [(61, 78), (83, 87), (-7, -3)])","([(271, 275), (362, 366), (282, 288)], [(248, 266), (271, 275), (362, 366)])","([-5.33, -3.84, -2.36], [-14.45, -5.33, -3.84])",290.0,366.0,NKV,<<<<<<<<-<<<<<<<<<<<<<<<<<---<<<<________>>>>>>>>>>>>>>>>>>>>>->>>->---->>>>:
NC_004119.1,NKV,RBG,108,10125,457,"(9, 27)","(345, 363)",-19.13,"([(74, 92), (53, 61)], [(74, 92), (53, 61)])","([(327, 341), (415, 422)], [(327, 341), (415, 422)])","([-8.68, -3.81], [-8.68, -3.81])",387.0,460.0,NKV,<<<<<<<<-<<<<<<<<<<<<<<<<<---<<<<________>>>>>>>>>>>>>>>>>>>>>->>>->---->>>>:
NC_003690.1,TBFV,MTBVG,130,10245,568,"(-23, -8)","(488, 504)",-15.81,"([(26, 39), (72, 81), (87, 92)], [(26, 39), (72, 81), (87, 92)])","([(461, 473), (545, 553), (562, 567)], [(461, 473), (545, 553), (562, 567)])","([-15.73, -8.13, -4.54], [-15.73, -8.13, -4.54])",482.0,568.0,TBFV,<<<<<----<<<-----<<<<<-<<<<<<<<<<.<<.<<<_______>>>>>------->>>>>>>->>>->>>>>..---->>>.->>>>>
NC_001809.1,TBFV,MTBVG,129,10245,497,"(-23, -8)","(417, 433)",-16.96,"([(29, 39), (77, 83)], [(-5, 10), (29, 39), (59, 68)])","([(384, 398), (470, 476)], [(417, 430), (384, 398), (412, 420)])","([-12.36, -2.39], [-12.58, -12.36, -2.72])",411.0,497.0,TBFV,<<<<<----<<<-----<<<<<-<<<<<<<<<<.<<.<<<_______>>>>>------->>>>>>>->>>->>>>>..---->>>.->>>>>
NC_005062.1,TBFV,MTBVG,132,10245,410,"(-23, -8)","(330, 346)",-16.02,"([(26, 39), (-3, 9)], [(26, 39), (-3, 9), (49, 53)])","([(298, 315), (393, 407)], [(298, 315), (393, 407), (392, 396)])","([-12.15, -5.2], [-12.15, -5.2, -5.13])",324.0,410.0,TBFV,<<<<<----<<<-----<<<<<-<<<<<<<<<<.<<.<<<_______>>>>>------->>>>>>>->>>->>>>>..---->>>.->>>>>
NC_003687.1,TBFV,MTBVG,111,10248,480,"(-24, -10)","(396, 410)",-16.72,"([(18, 32), (92, 97), (66, 73)], [(18, 32), (92, 97), (66, 73)])","([(356, 369), (332, 337), (459, 466)], [(356, 369), (332, 337), (459, 466)])","([-14.5, -9.37, -5.82], [-14.5, -9.37, -5.82])",394.0,480.0,TBFV,<<<<<----<<<-----<<<<<-<<<<<<<<<<.<<.<<<_______>>>>>------->>>>>>>->>>->>>>>..---->>>.->>>>>
NC_027709.1,TBFV,MTBVG,132,10245,493,"(-23, -8)","(413, 429)",-15.67,"([(29, 39), (76, 93)], [(-5, 10), (29, 39), (76, 93)])","([(381, 394), (456, 473)], [(413, 426), (381, 394), (456, 473)])","([-11.12, -8.74], [-12.7, -11.12, -8.74])",407.0,493.0,TBFV,<<<<<----<<<-----<<<<<-<<<<<<<<<<.<<.<<<_______>>>>>------->>>>>>>->>>->>>>>..---->>>.->>>>>
NC_001672.1,TBFV,MTBVG,132,10245,764,"(-18, -4)","(680, 694)",-16.37,"([(-7, 5), (76, 93)], [(29, 37), (76, 93)])","([(702, 715), (727, 744)], [(687, 696), (727, 744)])","([-11.04, -5.88], [-8.43, -5.88])",678.0,764.0,TBFV,<<<<<----<<<-----<<<<<-<<<<<<<<<<.<<.<<<_______>>>>>------->>>>>>>->>>->>>>>..---->>>.->>>>>
NC_023439.1,TBFV,STBVG,146,10260,282,"(-146, -133)","(53, 65)",-19.06,"([(-145, -133), (-83, -70), (79, 83)], [(-83, -70), (79, 83), (90, 95)])","([(-91, -78), (241, 256), (101, 105)], [(241, 256), (101, 105), (246, 251)])","([-9.88, -5.54, -5.54], [-5.54, -5.54, -4.46])",,,nan,nan
NC_023424.1,TBFV,STBVG,131,10269,273,"(-101, -89)","(194, 205)",-10.81,"([(-92, -86), (60, 64)], [(46, 51), (60, 64)])","([(237, 243), (265, 269)], [(200, 205), (265, 269)])","([-9.73, -4.11], [-8.26, -4.11])",,,nan,nan
